mtllib pebbles.mtl
o scene_mesh
v -16.89229 -1.243568 -6.770386
v -16.89229 -1.243568 -6.770386
v -16.89229 -1.243568 -6.770386
v -16.89229 -1.243568 -6.770386
v -16.89229 -1.243568 -6.770386
v -16.89229 -1.243568 -6.770386
v -16.89229 -1.243568 -6.770386
v -16.89229 -1.243568 -6.770386
v -16.89229 -1.243568 -6.770386
v -16.783142 -1.231574 -6.730873
v -16.794259 -1.233546 -6.800309
v -16.862968 -1.238306 -6.852277
v -16.949022 -1.243067 -6.856335
v -17.00201 -1.245039 -6.810106
v -16.990894 -1.243067 -6.74067
v -16.922184 -1.238306 -6.688702
v -16.836131 -1.233546 -6.684644
v -16.783142 -1.231574 -6.730873
v -16.716258 -1.213638 -6.70666
v -16.734244 -1.216828 -6.81901
v -16.845419 -1.224531 -6.903096
v -16.984656 -1.232233 -6.909662
v -17.070393 -1.235424 -6.834861
v -17.052406 -1.232233 -6.722511
v -16.941232 -1.224531 -6.638425
v -16.801995 -1.216828 -6.63186
v -16.716258 -1.213638 -6.70666
v -16.717184 -1.196611 -6.706996
v -16.735171 -1.199801 -6.819345
v -16.846345 -1.207503 -6.903431
v -16.985582 -1.215206 -6.909997
v -17.071319 -1.218396 -6.835196
v -17.053332 -1.215206 -6.722847
v -16.942158 -1.207503 -6.638761
v -16.802921 -1.199801 -6.632195
v -16.717184 -1.196611 -6.706996
v -16.785567 -1.186996 -6.731751
v -16.796683 -1.188968 -6.801187
v -16.865393 -1.193728 -6.853155
v -16.951446 -1.198488 -6.857213
v -17.004435 -1.20046 -6.810983
v -16.993318 -1.198488 -6.741547
v -16.924609 -1.193728 -6.68958
v -16.838555 -1.188968 -6.685522
v -16.785567 -1.186996 -6.731751
v -16.895287 -1.188466 -6.771471
v -16.895287 -1.188466 -6.771471
v -16.895287 -1.188466 -6.771471
v -16.895287 -1.188466 -6.771471
v -16.895287 -1.188466 -6.771471
v -16.895287 -1.188466 -6.771471
v -16.895287 -1.188466 -6.771471
v -16.895287 -1.188466 -6.771471
v -16.895287 -1.188466 -6.771471
v -12.620611 -1.284943 -9.438285
v -12.620611 -1.284943 -9.438285
v -12.620611 -1.284943 -9.438285
v -12.620611 -1.284943 -9.438285
v -12.620611 -1.284943 -9.438285
v -12.620611 -1.284943 -9.438285
v -12.620611 -1.284943 -9.438285
v -12.620611 -1.284943 -9.438285
v -12.620611 -1.284943 -9.438285
v -12.744524 -1.277619 -9.141426
v -12.587897 -1.27676 -9.178115
v -12.450454 -1.274688 -9.367158
v -12.412707 -1.272615 -9.597815
v -12.496769 -1.271757 -9.734972
v -12.653397 -1.272615 -9.698283
v -12.79084 -1.274688 -9.50924
v -12.828586 -1.27676 -9.278582
v -12.744524 -1.277619 -9.141426
v -12.821179 -1.252581 -8.957784
v -12.56775 -1.251192 -9.017148
v -12.345363 -1.247839 -9.323026
v -12.284288 -1.244485 -9.696238
v -12.420303 -1.243096 -9.918162
v -12.673732 -1.244485 -9.858798
v -12.896119 -1.247839 -9.55292
v -12.957194 -1.251192 -9.179708
v -12.821179 -1.252581 -8.957784
v -12.821296 -1.219393 -8.957505
v -12.567867 -1.218005 -9.016869
v -12.345479 -1.214651 -9.322747
v -12.284405 -1.211298 -9.695959
v -12.420419 -1.209909 -9.917883
v -12.673848 -1.211298 -9.858518
v -12.896236 -1.214651 -9.552641
v -12.95731 -1.218005 -9.179429
v -12.821296 -1.219393 -8.957505
v -12.744829 -1.190733 -9.140695
v -12.588202 -1.189874 -9.177384
v -12.450759 -1.187802 -9.366427
v -12.413012 -1.18573 -9.597085
v -12.497074 -1.184871 -9.734241
v -12.653702 -1.18573 -9.697552
v -12.791145 -1.187802 -9.508509
v -12.828891 -1.189874 -9.277851
v -12.744829 -1.190733 -9.140695
v -12.620988 -1.177547 -9.437382
v -12.620988 -1.177547 -9.437382
v -12.620988 -1.177547 -9.437382
v -12.620988 -1.177547 -9.437382
v -12.620988 -1.177547 -9.437382
v -12.620988 -1.177547 -9.437382
v -12.620988 -1.177547 -9.437382
v -12.620988 -1.177547 -9.437382
v -12.620988 -1.177547 -9.437382
v -23.816794 -1.084986 -8.013502
v -23.816794 -1.084986 -8.013502
v -23.816794 -1.084986 -8.013502
v -23.816794 -1.084986 -8.013502
v -23.816794 -1.084986 -8.013502
v -23.816794 -1.084986 -8.013502
v -23.816794 -1.084986 -8.013502
v -23.816794 -1.084986 -8.013502
v -23.816794 -1.084986 -8.013502
v -23.681022 -1.08395 -7.837947
v -23.625177 -1.081807 -7.963208
v -23.68148 -1.076633 -8.117803
v -23.816949 -1.07146 -8.211172
v -23.952228 -1.069317 -8.188621
v -24.008073 -1.07146 -8.063359
v -23.95177 -1.076633 -7.908764
v -23.816301 -1.081807 -7.815395
v -23.681022 -1.08395 -7.837947
v -23.596773 -1.066604 -7.729011
v -23.506414 -1.063136 -7.931688
v -23.597514 -1.054766 -8.181828
v -23.816707 -1.046395 -8.332903
v -24.035594 -1.042927 -8.296414
v -24.125952 -1.046395 -8.093737
v -24.034853 -1.054766 -7.843597
v -23.815659 -1.063136 -7.692523
v -23.596773 -1.066604 -7.729011
v -23.596227 -1.039574 -7.728306
v -23.505868 -1.036106 -7.930983
v -23.596968 -1.027736 -8.181123
v -23.816161 -1.019365 -8.332197
v -24.035048 -1.015897 -8.295708
v -24.125407 -1.019365 -8.093031
v -24.034307 -1.027736 -7.842891
v -23.815114 -1.036106 -7.691817
v -23.596227 -1.039574 -7.728306
v -23.679593 -1.013184 -7.836099
v -23.623748 -1.011041 -7.96136
v -23.680051 -1.005868 -8.115955
v -23.81552 -1.000694 -8.209324
v -23.950799 -0.998552 -8.186773
v -24.006644 -1.000694 -8.061512
v -23.950341 -1.005868 -7.906917
v -23.814872 -1.011041 -7.813548
v -23.679593 -1.013184 -7.836099
v -23.815027 -0.997515 -8.011218
v -23.815027 -0.997515 -8.011218
v -23.815027 -0.997515 -8.011218
v -23.815027 -0.997515 -8.011218
v -23.815027 -0.997515 -8.011218
v -23.815027 -0.997515 -8.011218
v -23.815027 -0.997515 -8.011218
v -23.815027 -0.997515 -8.011218
v -23.815027 -0.997515 -8.011218
v -17.527261 -1.109649 -5.485074
v -17.527261 -1.109649 -5.485074
v -17.527261 -1.109649 -5.485074
v -17.527261 -1.109649 -5.485074
v -17.527261 -1.109649 -5.485074
v -17.527261 -1.109649 -5.485074
v -17.527261 -1.109649 -5.485074
v -17.527261 -1.109649 -5.485074
v -17.527261 -1.109649 -5.485074
v -17.481084 -1.102328 -5.386533
v -17.412967 -1.102317 -5.453651
v -17.411801 -1.10229 -5.539175
v -17.478269 -1.102264 -5.593006
v -17.573435 -1.102253 -5.58361
v -17.641552 -1.102264 -5.516492
v -17.642717 -1.10229 -5.430968
v -17.57625 -1.102317 -5.377137
v -17.481084 -1.102328 -5.386533
v -17.452543 -1.083086 -5.325626
v -17.342328 -1.083068 -5.434226
v -17.340442 -1.083025 -5.572607
v -17.447989 -1.082983 -5.659707
v -17.60197 -1.082965 -5.644505
v -17.712185 -1.082983 -5.535905
v -17.714072 -1.083025 -5.397524
v -17.606524 -1.083068 -5.310424
v -17.452543 -1.083086 -5.325626
v -17.45254 -1.059273 -5.325619
v -17.342325 -1.059255 -5.434219
v -17.340438 -1.059213 -5.5726
v -17.447985 -1.05917 -5.6597
v -17.601967 -1.059152 -5.644497
v -17.712182 -1.05917 -5.535897
v -17.714068 -1.059213 -5.397516
v -17.606521 -1.059255 -5.310416
v -17.45254 -1.059273 -5.325619
v -17.481075 -1.039985 -5.386513
v -17.412958 -1.039974 -5.453632
v -17.411792 -1.039948 -5.539156
v -17.47826 -1.039922 -5.592987
v -17.573426 -1.039911 -5.583591
v -17.641542 -1.039922 -5.516472
v -17.642708 -1.039948 -5.430948
v -17.576241 -1.039974 -5.377117
v -17.481075 -1.039985 -5.386513
v -17.527249 -1.032589 -5.48505
v -17.527249 -1.032589 -5.48505
v -17.527249 -1.032589 -5.48505
v -17.527249 -1.032589 -5.48505
v -17.527249 -1.032589 -5.48505
v -17.527249 -1.032589 -5.48505
v -17.527249 -1.032589 -5.48505
v -17.527249 -1.032589 -5.48505
v -17.527249 -1.032589 -5.48505
v -13.148275 -1.305133 -6.756408
v -13.148275 -1.305133 -6.756408
v -13.148275 -1.305133 -6.756408
v -13.148275 -1.305133 -6.756408
v -13.148275 -1.305133 -6.756408
v -13.148275 -1.305133 -6.756408
v -13.148275 -1.305133 -6.756408
v -13.148275 -1.305133 -6.756408
v -13.148275 -1.305133 -6.756408
v -12.850861 -1.285256 -6.807498
v -12.955191 -1.287552 -6.892231
v -13.172807 -1.293093 -6.89737
v -13.376233 -1.298634 -6.819904
v -13.446305 -1.300929 -6.705213
v -13.341976 -1.298634 -6.62048
v -13.12436 -1.293093 -6.615341
v -12.920934 -1.287552 -6.692807
v -12.850861 -1.285256 -6.807498
v -12.667665 -1.248892 -6.838967
v -12.836473 -1.252605 -6.976068
v -13.188583 -1.261571 -6.984383
v -13.517734 -1.270537 -6.859041
v -13.631113 -1.274251 -6.673467
v -13.462305 -1.270537 -6.536366
v -13.110195 -1.261571 -6.528051
v -12.781044 -1.252605 -6.653393
v -12.667665 -1.248892 -6.838967
v -12.668661 -1.209929 -6.838796
v -12.837469 -1.213643 -6.975897
v -13.189579 -1.222608 -6.984211
v -13.51873 -1.231574 -6.85887
v -13.632109 -1.235288 -6.673296
v -13.463301 -1.231574 -6.536195
v -13.111191 -1.222608 -6.52788
v -12.782041 -1.213643 -6.653222
v -12.668661 -1.209929 -6.838796
v -12.853469 -1.18325 -6.80705
v -12.957799 -1.185546 -6.891783
v -13.175415 -1.191087 -6.896922
v -13.378841 -1.196628 -6.819456
v -13.448913 -1.198923 -6.704765
v -13.344584 -1.196628 -6.620032
v -13.126968 -1.191087 -6.614893
v -12.923542 -1.185546 -6.692359
v -12.853469 -1.18325 -6.80705
v -13.151499 -1.179047 -6.755855
v -13.151499 -1.179047 -6.755855
v -13.151499 -1.179047 -6.755855
v -13.151499 -1.179047 -6.755855
v -13.151499 -1.179047 -6.755855
v -13.151499 -1.179047 -6.755855
v -13.151499 -1.179047 -6.755855
v -13.151499 -1.179047 -6.755855
v -13.151499 -1.179047 -6.755855
v -18.925933 0.336883 24.134777
v -18.925933 0.336883 24.134777
v -18.925933 0.336883 24.134777
v -18.925933 0.336883 24.134777
v -18.925933 0.336883 24.134777
v -18.925933 0.336883 24.134777
v -18.925933 0.336883 24.134777
v -18.925933 0.336883 24.134777
v -18.925933 0.336883 24.134777
v -18.836096 0.343996 24.165574
v -18.849178 0.342916 24.11784
v -18.907296 0.34031 24.080002
v -18.976405 0.337704 24.074226
v -19.016021 0.336624 24.103894
v -19.002939 0.337704 24.151628
v -18.944821 0.34031 24.189465
v -18.875712 0.342916 24.195242
v -18.836096 0.343996 24.165574
v -18.780825 0.355245 24.184521
v -18.801993 0.353499 24.107286
v -18.896029 0.349282 24.046064
v -19.007849 0.345065 24.036717
v -19.07195 0.343318 24.084721
v -19.050782 0.345065 24.161956
v -18.956746 0.349282 24.223179
v -18.844925 0.353499 24.232525
v -18.780825 0.355245 24.184521
v -18.781231 0.366335 24.184382
v -18.802399 0.364588 24.107147
v -18.896436 0.360371 24.045924
v -19.008256 0.356154 24.036577
v -19.072357 0.354408 24.084582
v -19.051189 0.356154 24.161817
v -18.957152 0.360371 24.223039
v -18.845332 0.364588 24.232386
v -18.781231 0.366335 24.184382
v -18.83716 0.373029 24.165209
v -18.850243 0.371949 24.117475
v -18.90836 0.369343 24.079637
v -18.977469 0.366737 24.073861
v -19.017086 0.365657 24.103529
v -19.004003 0.366737 24.151263
v -18.945885 0.369343 24.1891
v -18.876777 0.371949 24.194877
v -18.83716 0.373029 24.165209
v -18.927249 0.37277 24.134326
v -18.927249 0.37277 24.134326
v -18.927249 0.37277 24.134326
v -18.927249 0.37277 24.134326
v -18.927249 0.37277 24.134326
v -18.927249 0.37277 24.134326
v -18.927249 0.37277 24.134326
v -18.927249 0.37277 24.134326
v -18.927249 0.37277 24.134326
v -19.915709 -1.302042 -10.368229
v -19.915709 -1.302042 -10.368229
v -19.915709 -1.302042 -10.368229
v -19.915709 -1.302042 -10.368229
v -19.915709 -1.302042 -10.368229
v -19.915709 -1.302042 -10.368229
v -19.915709 -1.302042 -10.368229
v -19.915709 -1.302042 -10.368229
v -19.915709 -1.302042 -10.368229
v -19.682755 -1.299519 -10.395423
v -19.757214 -1.298125 -10.441188
v -19.924431 -1.294759 -10.444224
v -20.086453 -1.291393 -10.402754
v -20.148369 -1.289998 -10.34107
v -20.07391 -1.291393 -10.295305
v -19.906693 -1.294759 -10.292268
v -19.744671 -1.298125 -10.333738
v -19.682755 -1.299519 -10.395423
v -19.538488 -1.283392 -10.412264
v -19.658965 -1.281137 -10.486313
v -19.929528 -1.27569 -10.491226
v -20.191685 -1.270244 -10.424126
v -20.291867 -1.267988 -10.324319
v -20.17139 -1.270244 -10.25027
v -19.900827 -1.27569 -10.245356
v -19.638671 -1.281137 -10.312456
v -19.538488 -1.283392 -10.412264
v -19.538013 -1.259822 -10.412319
v -19.65849 -1.257567 -10.486368
v -19.929053 -1.25212 -10.491282
v -20.191209 -1.246674 -10.424182
v -20.291391 -1.244418 -10.324374
v -20.170914 -1.246674 -10.250325
v -19.900351 -1.25212 -10.245412
v -19.638195 -1.257567 -10.312512
v -19.538013 -1.259822 -10.412319
v -19.681511 -1.237812 -10.395568
v -19.75597 -1.236418 -10.441333
v -19.923187 -1.233052 -10.44437
v -20.085208 -1.229686 -10.4029
v -20.147124 -1.228291 -10.341215
v -20.072665 -1.229686 -10.29545
v -19.905448 -1.233052 -10.292414
v -19.743427 -1.236418 -10.333884
v -19.681511 -1.237812 -10.395568
v -19.91417 -1.225768 -10.368409
v -19.91417 -1.225768 -10.368409
v -19.91417 -1.225768 -10.368409
v -19.91417 -1.225768 -10.368409
v -19.91417 -1.225768 -10.368409
v -19.91417 -1.225768 -10.368409
v -19.91417 -1.225768 -10.368409
v -19.91417 -1.225768 -10.368409
v -19.91417 -1.225768 -10.368409
v -16.427046 -1.143004 -4.792537
v -16.427046 -1.143004 -4.792537
v -16.427046 -1.143004 -4.792537
v -16.427046 -1.143004 -4.792537
v -16.427046 -1.143004 -4.792537
v -16.427046 -1.143004 -4.792537
v -16.427046 -1.143004 -4.792537
v -16.427046 -1.143004 -4.792537
v -16.427046 -1.143004 -4.792537
v -16.705177 -1.133525 -4.648734
v -16.572733 -1.132851 -4.592195
v -16.354993 -1.131224 -4.652989
v -16.179506 -1.129598 -4.795506
v -16.149069 -1.128924 -4.93626
v -16.281513 -1.129598 -4.9928
v -16.499253 -1.131224 -4.932005
v -16.67474 -1.132851 -4.789488
v -16.705177 -1.133525 -4.648734
v -16.877225 -1.104107 -4.55978
v -16.662926 -1.103017 -4.468297
v -16.310615 -1.100385 -4.566665
v -16.026671 -1.097753 -4.797261
v -15.977424 -1.096663 -5.025006
v -16.191722 -1.097753 -5.11649
v -16.544033 -1.100385 -5.018122
v -16.827978 -1.103017 -4.787525
v -16.877225 -1.104107 -4.55978
v -16.877474 -1.065988 -4.559651
v -16.663175 -1.064898 -4.468168
v -16.310864 -1.062266 -4.566536
v -16.02692 -1.059634 -4.797133
v -15.977672 -1.058544 -5.024878
v -16.191971 -1.059634 -5.116361
v -16.544282 -1.062266 -5.017993
v -16.828227 -1.064898 -4.787396
v -16.877474 -1.065988 -4.559651
v -16.705828 -1.033727 -4.648397
v -16.573385 -1.033053 -4.591858
v -16.355644 -1.031427 -4.652653
v -16.180157 -1.0298 -4.795169
v -16.149721 -1.029126 -4.935923
v -16.282164 -1.0298 -4.992463
v -16.499905 -1.031427 -4.931668
v -16.675392 -1.033053 -4.789152
v -16.705828 -1.033727 -4.648397
v -16.427851 -1.019647 -4.792121
v -16.427851 -1.019647 -4.792121
v -16.427851 -1.019647 -4.792121
v -16.427851 -1.019647 -4.792121
v -16.427851 -1.019647 -4.792121
v -16.427851 -1.019647 -4.792121
v -16.427851 -1.019647 -4.792121
v -16.427851 -1.019647 -4.792121
v -16.427851 -1.019647 -4.792121
v -18.291857 -1.390732 -12.292728
v -18.291857 -1.390732 -12.292728
v -18.291857 -1.390732 -12.292728
v -18.291857 -1.390732 -12.292728
v -18.291857 -1.390732 -12.292728
v -18.291857 -1.390732 -12.292728
v -18.291857 -1.390732 -12.292728
v -18.291857 -1.390732 -12.292728
v -18.291857 -1.390732 -12.292728
v -18.267106 -1.388018 -12.136232
v -18.198634 -1.386052 -12.193926
v -18.184734 -1.381306 -12.309265
v -18.233549 -1.376559 -12.414686
v -18.316483 -1.374593 -12.448434
v -18.384955 -1.376559 -12.39074
v -18.398855 -1.381306 -12.275401
v -18.35004 -1.386052 -12.16998
v -18.267106 -1.388018 -12.136232
v -18.251684 -1.36749 -12.038721
v -18.140894 -1.364308 -12.132071
v -18.118404 -1.356628 -12.318694
v -18.197387 -1.348948 -12.489269
v -18.331577 -1.345767 -12.543875
v -18.442367 -1.348948 -12.450524
v -18.464858 -1.356628 -12.263901
v -18.385874 -1.364308 -12.093326
v -18.251684 -1.36749 -12.038721
v -18.251482 -1.336987 -12.037441
v -18.140692 -1.333805 -12.130792
v -18.118201 -1.326125 -12.317415
v -18.197185 -1.318445 -12.487989
v -18.331375 -1.315264 -12.542595
v -18.442165 -1.318445 -12.449244
v -18.464656 -1.326125 -12.262621
v -18.385672 -1.333805 -12.092047
v -18.251482 -1.336987 -12.037441
v -18.266576 -1.308161 -12.132882
v -18.198104 -1.306194 -12.190575
v -18.184204 -1.301448 -12.305915
v -18.233019 -1.296701 -12.411336
v -18.315953 -1.294735 -12.445084
v -18.384425 -1.296701 -12.38739
v -18.398325 -1.301448 -12.27205
v -18.34951 -1.306194 -12.16663
v -18.266576 -1.308161 -12.132882
v -18.291202 -1.292022 -12.288587
v -18.291202 -1.292022 -12.288587
v -18.291202 -1.292022 -12.288587
v -18.291202 -1.292022 -12.288587
v -18.291202 -1.292022 -12.288587
v -18.291202 -1.292022 -12.288587
v -18.291202 -1.292022 -12.288587
v -18.291202 -1.292022 -12.288587
v -18.291202 -1.292022 -12.288587
v -22.65642 -0.46045 -1.790517
v -22.65642 -0.46045 -1.790517
v -22.65642 -0.46045 -1.790517
v -22.65642 -0.46045 -1.790517
v -22.65642 -0.46045 -1.790517
v -22.65642 -0.46045 -1.790517
v -22.65642 -0.46045 -1.790517
v -22.65642 -0.46045 -1.790517
v -22.65642 -0.46045 -1.790517
v -22.742754 -0.458431 -1.788968
v -22.716978 -0.458041 -1.761286
v -22.655758 -0.457099 -1.750727
v -22.594956 -0.456158 -1.763476
v -22.57019 -0.455767 -1.792065
v -22.595966 -0.456158 -1.819747
v -22.657186 -0.457099 -1.830306
v -22.717987 -0.458041 -1.817557
v -22.742754 -0.458431 -1.788968
v -22.796214 -0.450481 -1.788009
v -22.754507 -0.44985 -1.743218
v -22.655452 -0.448326 -1.726133
v -22.557073 -0.446802 -1.746761
v -22.517 -0.446171 -1.793019
v -22.558707 -0.446802 -1.83781
v -22.657763 -0.448326 -1.854895
v -22.756141 -0.44985 -1.834267
v -22.796214 -0.450481 -1.788009
v -22.796382 -0.439636 -1.788006
v -22.754675 -0.439005 -1.743215
v -22.655619 -0.437481 -1.72613
v -22.557241 -0.435957 -1.746758
v -22.517168 -0.435326 -1.793016
v -22.558875 -0.435957 -1.837807
v -22.65793 -0.437481 -1.854892
v -22.756309 -0.439005 -1.834264
v -22.796382 -0.439636 -1.788006
v -22.743192 -0.43004 -1.78896
v -22.717416 -0.42965 -1.761278
v -22.656196 -0.428708 -1.750719
v -22.595395 -0.427766 -1.763468
v -22.570628 -0.427376 -1.792057
v -22.596404 -0.427766 -1.819739
v -22.657624 -0.428708 -1.830298
v -22.718426 -0.42965 -1.817549
v -22.743192 -0.43004 -1.78896
v -22.656962 -0.425357 -1.790508
v -22.656962 -0.425357 -1.790508
v -22.656962 -0.425357 -1.790508
v -22.656962 -0.425357 -1.790508
v -22.656962 -0.425357 -1.790508
v -22.656962 -0.425357 -1.790508
v -22.656962 -0.425357 -1.790508
v -22.656962 -0.425357 -1.790508
v -22.656962 -0.425357 -1.790508
v -19.933791 -0.892127 -3.877072
v -19.933791 -0.892127 -3.877072
v -19.933791 -0.892127 -3.877072
v -19.933791 -0.892127 -3.877072
v -19.933791 -0.892127 -3.877072
v -19.933791 -0.892127 -3.877072
v -19.933791 -0.892127 -3.877072
v -19.933791 -0.892127 -3.877072
v -19.933791 -0.892127 -3.877072
v -19.960189 -0.889847 -3.999239
v -20.076705 -0.887961 -3.936745
v -20.10956 -0.883409 -3.839553
v -20.039508 -0.878856 -3.764598
v -19.907584 -0.87697 -3.755786
v -19.791068 -0.878856 -3.81828
v -19.758213 -0.883409 -3.915472
v -19.828265 -0.887961 -3.990427
v -19.960189 -0.889847 -3.999239
v -19.976694 -0.871 -4.075623
v -20.165221 -0.867949 -3.974506
v -20.218382 -0.860583 -3.817247
v -20.105035 -0.853217 -3.695966
v -19.891577 -0.850165 -3.681709
v -19.70305 -0.853217 -3.782826
v -19.64989 -0.860583 -3.940086
v -19.763237 -0.867949 -4.061366
v -19.976694 -0.871 -4.075623
v -19.977002 -0.842786 -4.077049
v -20.165529 -0.839735 -3.975932
v -20.21869 -0.832369 -3.818672
v -20.105343 -0.825002 -3.697392
v -19.891885 -0.821951 -3.683135
v -19.703358 -0.825002 -3.784252
v -19.650198 -0.832369 -3.941511
v -19.763545 -0.839735 -4.062792
v -19.977002 -0.842786 -4.077049
v -19.960995 -0.815981 -4.002972
v -20.077512 -0.814095 -3.940477
v -20.110367 -0.809543 -3.843286
v -20.040314 -0.80499 -3.76833
v -19.908391 -0.803105 -3.759519
v -19.791874 -0.80499 -3.822013
v -19.759019 -0.809543 -3.919205
v -19.829072 -0.814095 -3.99416
v -19.960995 -0.815981 -4.002972
v -19.934788 -0.800824 -3.881686
v -19.934788 -0.800824 -3.881686
v -19.934788 -0.800824 -3.881686
v -19.934788 -0.800824 -3.881686
v -19.934788 -0.800824 -3.881686
v -19.934788 -0.800824 -3.881686
v -19.934788 -0.800824 -3.881686
v -19.934788 -0.800824 -3.881686
v -19.934788 -0.800824 -3.881686
v -24.844666 0.54005 28.495786
v -24.844666 0.54005 28.495786
v -24.844666 0.54005 28.495786
v -24.844666 0.54005 28.495786
v -24.844666 0.54005 28.495786
v -24.844666 0.54005 28.495786
v -24.844666 0.54005 28.495786
v -24.844666 0.54005 28.495786
v -24.844666 0.54005 28.495786
v -24.78744 0.544427 28.37954
v -24.848557 0.545101 28.391713
v -24.907364 0.546729 28.464788
v -24.929413 0.548358 28.555959
v -24.901787 0.549032 28.611818
v -24.84067 0.548358 28.599645
v -24.781863 0.546729 28.52657
v -24.759814 0.545101 28.4354
v -24.78744 0.544427 28.37954
v -24.751968 0.560489 28.307483
v -24.850857 0.561581 28.32718
v -24.946009 0.564215 28.445417
v -24.981684 0.56685 28.592934
v -24.936985 0.567941 28.683317
v -24.838095 0.56685 28.663621
v -24.742943 0.564215 28.545383
v -24.707268 0.561581 28.397866
v -24.751968 0.560489 28.307483
v -24.751798 0.582103 28.307138
v -24.850687 0.583194 28.326835
v -24.945839 0.585829 28.445072
v -24.981514 0.588464 28.592589
v -24.936815 0.589555 28.682972
v -24.837925 0.588464 28.663276
v -24.742774 0.585829 28.545038
v -24.707098 0.583194 28.397521
v -24.751798 0.582103 28.307138
v -24.786995 0.601012 28.378637
v -24.848113 0.601686 28.39081
v -24.906919 0.603315 28.463885
v -24.928968 0.604943 28.555055
v -24.901342 0.605618 28.610915
v -24.840225 0.604943 28.598742
v -24.781418 0.603315 28.525667
v -24.75937 0.601686 28.434497
v -24.786995 0.601012 28.378637
v -24.844116 0.609994 28.49467
v -24.844116 0.609994 28.49467
v -24.844116 0.609994 28.49467
v -24.844116 0.609994 28.49467
v -24.844116 0.609994 28.49467
v -24.844116 0.609994 28.49467
v -24.844116 0.609994 28.49467
v -24.844116 0.609994 28.49467
v -24.844116 0.609994 28.49467
v -15.211036 -1.037499 -2.890045
v -15.211036 -1.037499 -2.890045
v -15.211036 -1.037499 -2.890045
v -15.211036 -1.037499 -2.890045
v -15.211036 -1.037499 -2.890045
v -15.211036 -1.037499 -2.890045
v -15.211036 -1.037499 -2.890045
v -15.211036 -1.037499 -2.890045
v -15.211036 -1.037499 -2.890045
v -15.306052 -1.022943 -2.719197
v -15.122537 -1.023639 -2.682703
v -14.990822 -1.02532 -2.767744
v -14.988063 -1.027 -2.924502
v -15.115877 -1.027696 -3.061151
v -15.299391 -1.027 -3.097644
v -15.431107 -1.02532 -3.012604
v -15.433865 -1.023639 -2.855846
v -15.306052 -1.022943 -2.719197
v -15.364631 -0.989589 -2.613865
v -15.067698 -0.990715 -2.554818
v -14.854578 -0.993434 -2.692416
v -14.850114 -0.996153 -2.946056
v -15.056921 -0.997279 -3.167159
v -15.353854 -0.996153 -3.226207
v -15.566974 -0.993434 -3.088609
v -15.571438 -0.990715 -2.834969
v -15.364631 -0.989589 -2.613865
v -15.364398 -0.950176 -2.614284
v -15.067465 -0.951303 -2.555237
v -14.854346 -0.954022 -2.692835
v -14.849882 -0.956741 -2.946475
v -15.056689 -0.957867 -3.167578
v -15.353621 -0.956741 -3.226625
v -15.566741 -0.954022 -3.089027
v -15.571205 -0.951303 -2.835387
v -15.364398 -0.950176 -2.614284
v -15.305443 -0.919759 -2.720292
v -15.121928 -0.920456 -2.683799
v -14.990213 -0.922136 -2.768839
v -14.987454 -0.923816 -2.925597
v -15.115268 -0.924512 -3.062247
v -15.298782 -0.923816 -3.09874
v -15.430497 -0.922136 -3.0137
v -15.433256 -0.920456 -2.856941
v -15.305443 -0.919759 -2.720292
v -15.210283 -0.909957 -2.891399
v -15.210283 -0.909957 -2.891399
v -15.210283 -0.909957 -2.891399
v -15.210283 -0.909957 -2.891399
v -15.210283 -0.909957 -2.891399
v -15.210283 -0.909957 -2.891399
v -15.210283 -0.909957 -2.891399
v -15.210283 -0.909957 -2.891399
v -15.210283 -0.909957 -2.891399
v -22.502818 -1.225858 -9.34211
v -22.502818 -1.225858 -9.34211
v -22.502818 -1.225858 -9.34211
v -22.502818 -1.225858 -9.34211
v -22.502818 -1.225858 -9.34211
v -22.502818 -1.225858 -9.34211
v -22.502818 -1.225858 -9.34211
v -22.502818 -1.225858 -9.34211
v -22.502818 -1.225858 -9.34211
v -22.649523 -1.214752 -9.282701
v -22.570017 -1.215237 -9.209953
v -22.451093 -1.216406 -9.214642
v -22.362416 -1.217576 -9.294022
v -22.355931 -1.218061 -9.401593
v -22.435437 -1.217576 -9.474341
v -22.554361 -1.216406 -9.469652
v -22.643038 -1.215237 -9.390272
v -22.649523 -1.214752 -9.282701
v -22.740008 -1.188985 -9.246059
v -22.611364 -1.189769 -9.128349
v -22.418942 -1.191662 -9.135936
v -22.275459 -1.193554 -9.264376
v -22.264967 -1.194338 -9.438429
v -22.39361 -1.193554 -9.556139
v -22.586033 -1.191662 -9.548551
v -22.729515 -1.189769 -9.420112
v -22.740008 -1.188985 -9.246059
v -22.739712 -1.158399 -9.246179
v -22.611068 -1.159183 -9.128469
v -22.418646 -1.161076 -9.136056
v -22.275163 -1.162968 -9.264496
v -22.26467 -1.163752 -9.438549
v -22.393314 -1.162968 -9.556258
v -22.585736 -1.161076 -9.548671
v -22.729219 -1.159183 -9.420232
v -22.739712 -1.158399 -9.246179
v -22.648748 -1.134677 -9.283015
v -22.569241 -1.135161 -9.210267
v -22.450318 -1.136331 -9.214956
v -22.361641 -1.137501 -9.294336
v -22.355156 -1.137985 -9.401907
v -22.434662 -1.137501 -9.474655
v -22.553585 -1.136331 -9.469966
v -22.642263 -1.135161 -9.390586
v -22.648748 -1.134677 -9.283015
v -22.50186 -1.126879 -9.342498
v -22.50186 -1.126879 -9.342498
v -22.50186 -1.126879 -9.342498
v -22.50186 -1.126879 -9.342498
v -22.50186 -1.126879 -9.342498
v -22.50186 -1.126879 -9.342498
v -22.50186 -1.126879 -9.342498
v -22.50186 -1.126879 -9.342498
v -22.50186 -1.126879 -9.342498
v -32.896006 1.501244 17.54392
v -32.896006 1.501244 17.54392
v -32.896006 1.501244 17.54392
v -32.896006 1.501244 17.54392
v -32.896006 1.501244 17.54392
v -32.896006 1.501244 17.54392
v -32.896006 1.501244 17.54392
v -32.896006 1.501244 17.54392
v -32.896006 1.501244 17.54392
v -32.820081 1.506213 17.643422
v -32.815496 1.505888 17.593798
v -32.858084 1.505103 17.514941
v -32.922899 1.504319 17.453044
v -32.971973 1.503994 17.444365
v -32.976558 1.504319 17.493988
v -32.933969 1.505103 17.572845
v -32.869154 1.505888 17.634743
v -32.820081 1.506213 17.643422
v -32.773198 1.517002 17.704863
v -32.765779 1.516476 17.62457
v -32.834689 1.515207 17.496977
v -32.939562 1.513938 17.396825
v -33.018964 1.513412 17.382782
v -33.026383 1.513938 17.463074
v -32.957473 1.515207 17.590668
v -32.8526 1.516476 17.69082
v -32.773198 1.517002 17.704863
v -32.773265 1.529491 17.704775
v -32.765846 1.528965 17.624482
v -32.834756 1.527696 17.496889
v -32.939629 1.526427 17.396737
v -33.019031 1.525901 17.382694
v -33.02645 1.526427 17.462986
v -32.95754 1.527696 17.59058
v -32.852667 1.528965 17.690732
v -32.773265 1.529491 17.704775
v -32.820257 1.538909 17.643192
v -32.815671 1.538584 17.593568
v -32.85826 1.5378 17.514711
v -32.923075 1.537016 17.452814
v -32.972148 1.536691 17.444134
v -32.976733 1.537016 17.493758
v -32.934145 1.5378 17.572615
v -32.86933 1.538584 17.634512
v -32.820257 1.538909 17.643192
v -32.896223 1.541659 17.543636
v -32.896223 1.541659 17.543636
v -32.896223 1.541659 17.543636
v -32.896223 1.541659 17.543636
v -32.896223 1.541659 17.543636
v -32.896223 1.541659 17.543636
v -32.896223 1.541659 17.543636
v -32.896223 1.541659 17.543636
v -32.896223 1.541659 17.543636
v 1.843373 0.344113 -17.675683
v 1.843373 0.344113 -17.675683
v 1.843373 0.344113 -17.675683
v 1.843373 0.344113 -17.675683
v 1.843373 0.344113 -17.675683
v 1.843373 0.344113 -17.675683
v 1.843373 0.344113 -17.675683
v 1.843373 0.344113 -17.675683
v 1.843373 0.344113 -17.675683
v 1.782713 0.3495 -17.612209
v 1.848878 0.349728 -17.584526
v 1.911796 0.35028 -17.610218
v 1.934611 0.350831 -17.674236
v 1.903957 0.351059 -17.739078
v 1.837792 0.350831 -17.766762
v 1.774874 0.35028 -17.74107
v 1.752059 0.349728 -17.677052
v 1.782713 0.3495 -17.612209
v 1.745147 0.365162 -17.572901
v 1.852205 0.365531 -17.528108
v 1.954009 0.366423 -17.569679
v 1.990923 0.367314 -17.673262
v 1.941325 0.367684 -17.77818
v 1.834267 0.367314 -17.822973
v 1.732463 0.366423 -17.781402
v 1.695549 0.365531 -17.677819
v 1.745147 0.365162 -17.572901
v 1.745025 0.385116 -17.572773
v 1.852082 0.385485 -17.52798
v 1.953886 0.386377 -17.56955
v 1.990801 0.387268 -17.673134
v 1.941202 0.387638 -17.778051
v 1.834145 0.387268 -17.822845
v 1.732341 0.386377 -17.781274
v 1.695426 0.385485 -17.677691
v 1.745025 0.385116 -17.572773
v 1.782392 0.40174 -17.611874
v 1.848557 0.401969 -17.58419
v 1.911476 0.40252 -17.609882
v 1.93429 0.403071 -17.6739
v 1.903637 0.403299 -17.738743
v 1.837471 0.403071 -17.766427
v 1.774553 0.40252 -17.740734
v 1.751739 0.401969 -17.676717
v 1.782392 0.40174 -17.611874
v 1.842977 0.408686 -17.675269
v 1.842977 0.408686 -17.675269
v 1.842977 0.408686 -17.675269
v 1.842977 0.408686 -17.675269
v 1.842977 0.408686 -17.675269
v 1.842977 0.408686 -17.675269
v 1.842977 0.408686 -17.675269
v 1.842977 0.408686 -17.675269
v 1.842977 0.408686 -17.675269
v -2.057683 -0.314672 -4.262327
v -2.057683 -0.314672 -4.262327
v -2.057683 -0.314672 -4.262327
v -2.057683 -0.314672 -4.262327
v -2.057683 -0.314672 -4.262327
v -2.057683 -0.314672 -4.262327
v -2.057683 -0.314672 -4.262327
v -2.057683 -0.314672 -4.262327
v -2.057683 -0.314672 -4.262327
v -1.962595 -0.308861 -4.2179
v -1.973335 -0.30962 -4.267589
v -2.033527 -0.311451 -4.314215
v -2.107911 -0.313283 -4.330466
v -2.152915 -0.314041 -4.306821
v -2.142174 -0.313283 -4.257132
v -2.081982 -0.311451 -4.210506
v -2.007598 -0.30962 -4.194255
v -1.962595 -0.308861 -4.2179
v -1.903971 -0.298828 -4.19051
v -1.921349 -0.300055 -4.270908
v -2.018742 -0.303019 -4.346351
v -2.139098 -0.305982 -4.372645
v -2.211915 -0.307209 -4.334388
v -2.194537 -0.305982 -4.253989
v -2.097144 -0.303019 -4.178546
v -1.976788 -0.300055 -4.152252
v -1.903971 -0.298828 -4.19051
v -1.904204 -0.288405 -4.190619
v -1.921582 -0.289632 -4.271017
v -2.018975 -0.292595 -4.34646
v -2.139331 -0.295559 -4.372754
v -2.212148 -0.296786 -4.334496
v -2.19477 -0.295559 -4.254098
v -2.097377 -0.292595 -4.178655
v -1.977021 -0.289632 -4.152361
v -1.904204 -0.288405 -4.190619
v -1.963204 -0.281573 -4.218185
v -1.973945 -0.282331 -4.267874
v -2.034137 -0.284163 -4.3145
v -2.108521 -0.285994 -4.330751
v -2.153524 -0.286753 -4.307106
v -2.142784 -0.285994 -4.257417
v -2.082592 -0.284163 -4.210791
v -2.008208 -0.282331 -4.19454
v -1.963204 -0.281573 -4.218185
v -2.058436 -0.280942 -4.262679
v -2.058436 -0.280942 -4.262679
v -2.058436 -0.280942 -4.262679
v -2.058436 -0.280942 -4.262679
v -2.058436 -0.280942 -4.262679
v -2.058436 -0.280942 -4.262679
v -2.058436 -0.280942 -4.262679
v -2.058436 -0.280942 -4.262679
v -2.058436 -0.280942 -4.262679
v -29.333768 0.513711 2.793903
v -29.333768 0.513711 2.793903
v -29.333768 0.513711 2.793903
v -29.333768 0.513711 2.793903
v -29.333768 0.513711 2.793903
v -29.333768 0.513711 2.793903
v -29.333768 0.513711 2.793903
v -29.333768 0.513711 2.793903
v -29.333768 0.513711 2.793903
v -29.392003 0.521315 2.872208
v -29.326239 0.520414 2.885445
v -29.264835 0.518239 2.84499
v -29.243762 0.516064 2.774543
v -29.275363 0.515164 2.715369
v -29.341127 0.516064 2.702133
v -29.402531 0.518239 2.742587
v -29.423604 0.520414 2.813035
v -29.392003 0.521315 2.872208
v -29.427824 0.535072 2.920374
v -29.321415 0.533615 2.941792
v -29.222062 0.530096 2.876335
v -29.187965 0.526576 2.762349
v -29.239096 0.525119 2.666604
v -29.345505 0.526576 2.645187
v -29.444858 0.530096 2.710643
v -29.478956 0.533615 2.82463
v -29.427824 0.535072 2.920374
v -29.427549 0.549727 2.920004
v -29.32114 0.54827 2.941421
v -29.221787 0.544751 2.875965
v -29.18769 0.541231 2.761979
v -29.238821 0.539774 2.666234
v -29.34523 0.541231 2.644817
v -29.444583 0.544751 2.710273
v -29.478681 0.54827 2.82426
v -29.427549 0.549727 2.920004
v -29.391282 0.559683 2.871239
v -29.325518 0.558782 2.884476
v -29.264115 0.556607 2.844021
v -29.243041 0.554432 2.773574
v -29.274642 0.553531 2.7144
v -29.340406 0.554432 2.701164
v -29.40181 0.556607 2.741618
v -29.422884 0.558782 2.812066
v -29.391282 0.559683 2.871239
v -29.332877 0.561135 2.792705
v -29.332877 0.561135 2.792705
v -29.332877 0.561135 2.792705
v -29.332877 0.561135 2.792705
v -29.332877 0.561135 2.792705
v -29.332877 0.561135 2.792705
v -29.332877 0.561135 2.792705
v -29.332877 0.561135 2.792705
v -29.332877 0.561135 2.792705
v 32.52325 -0.7562 -30.309344
v 32.52325 -0.7562 -30.309344
v 32.52325 -0.7562 -30.309344
v 32.52325 -0.7562 -30.309344
v 32.52325 -0.7562 -30.309344
v 32.52325 -0.7562 -30.309344
v 32.52325 -0.7562 -30.309344
v 32.52325 -0.7562 -30.309344
v 32.52325 -0.7562 -30.309344
v 32.471186 -0.750063 -30.347786
v 32.465564 -0.750783 -30.30819
v 32.4938 -0.752524 -30.269222
v 32.539354 -0.754264 -30.253708
v 32.57554 -0.754985 -30.270736
v 32.581161 -0.754264 -30.310331
v 32.552925 -0.752524 -30.349299
v 32.507372 -0.750783 -30.364814
v 32.471186 -0.750063 -30.347786
v 32.439232 -0.738917 -30.371378
v 32.430136 -0.740083 -30.307312
v 32.475823 -0.742899 -30.24426
v 32.54953 -0.745715 -30.219158
v 32.608081 -0.746881 -30.246709
v 32.617177 -0.745715 -30.310776
v 32.57149 -0.742899 -30.373828
v 32.497783 -0.740083 -30.39893
v 32.439232 -0.738917 -30.371378
v 32.439595 -0.72702 -30.37111
v 32.4305 -0.728187 -30.307044
v 32.476186 -0.731002 -30.243992
v 32.549893 -0.733818 -30.218889
v 32.608444 -0.734985 -30.246441
v 32.61754 -0.733818 -30.310508
v 32.571853 -0.731002 -30.37356
v 32.498146 -0.728187 -30.398662
v 32.439595 -0.72702 -30.37111
v 32.472136 -0.718917 -30.347084
v 32.466515 -0.719638 -30.307488
v 32.494751 -0.721378 -30.26852
v 32.540304 -0.723118 -30.253006
v 32.57649 -0.723839 -30.270034
v 32.582112 -0.723118 -30.309629
v 32.553876 -0.721378 -30.348597
v 32.508323 -0.719638 -30.364112
v 32.472136 -0.718917 -30.347084
v 32.524426 -0.717702 -30.308476
v 32.524426 -0.717702 -30.308476
v 32.524426 -0.717702 -30.308476
v 32.524426 -0.717702 -30.308476
v 32.524426 -0.717702 -30.308476
v 32.524426 -0.717702 -30.308476
v 32.524426 -0.717702 -30.308476
v 32.524426 -0.717702 -30.308476
v 32.524426 -0.717702 -30.308476
v -16.551192 -1.337222 -12.378417
v -16.551192 -1.337222 -12.378417
v -16.551192 -1.337222 -12.378417
v -16.551192 -1.337222 -12.378417
v -16.551192 -1.337222 -12.378417
v -16.551192 -1.337222 -12.378417
v -16.551192 -1.337222 -12.378417
v -16.551192 -1.337222 -12.378417
v -16.551192 -1.337222 -12.378417
v -16.643241 -1.33863 -12.434458
v -16.641649 -1.33685 -12.376524
v -16.587201 -1.332553 -12.319778
v -16.511791 -1.328256 -12.297463
v -16.459593 -1.326476 -12.322649
v -16.461185 -1.328256 -12.380584
v -16.515633 -1.332553 -12.437329
v -16.591043 -1.33685 -12.459645
v -16.643241 -1.33863 -12.434458
v -16.700581 -1.330162 -12.469368
v -16.698006 -1.327282 -12.375628
v -16.609907 -1.32033 -12.283812
v -16.48789 -1.313378 -12.247705
v -16.403433 -1.310498 -12.288458
v -16.406008 -1.313378 -12.382198
v -16.494108 -1.32033 -12.474014
v -16.616124 -1.327282 -12.510121
v -16.700581 -1.330162 -12.469368
v -16.701311 -1.315054 -12.469812
v -16.698736 -1.312174 -12.376072
v -16.610636 -1.305222 -12.284256
v -16.48862 -1.298269 -12.248149
v -16.404162 -1.29539 -12.288902
v -16.406738 -1.298269 -12.382642
v -16.494837 -1.305222 -12.474458
v -16.616853 -1.312174 -12.510565
v -16.701311 -1.315054 -12.469812
v -16.645151 -1.299075 -12.435621
v -16.643559 -1.297295 -12.377686
v -16.589111 -1.292999 -12.320941
v -16.5137 -1.288702 -12.298626
v -16.461503 -1.286922 -12.323812
v -16.463094 -1.288702 -12.381747
v -16.517543 -1.292999 -12.438492
v -16.592953 -1.297295 -12.460807
v -16.645151 -1.299075 -12.435621
v -16.553552 -1.28833 -12.379854
v -16.553552 -1.28833 -12.379854
v -16.553552 -1.28833 -12.379854
v -16.553552 -1.28833 -12.379854
v -16.553552 -1.28833 -12.379854
v -16.553552 -1.28833 -12.379854
v -16.553552 -1.28833 -12.379854
v -16.553552 -1.28833 -12.379854
v -16.553552 -1.28833 -12.379854
v -17.500297 -1.351615 -9.815132
v -17.500297 -1.351615 -9.815132
v -17.500297 -1.351615 -9.815132
v -17.500297 -1.351615 -9.815132
v -17.500297 -1.351615 -9.815132
v -17.500297 -1.351615 -9.815132
v -17.500297 -1.351615 -9.815132
v -17.500297 -1.351615 -9.815132
v -17.500297 -1.351615 -9.815132
v -17.801291 -1.336489 -9.965725
v -17.757881 -1.337315 -9.832108
v -17.563528 -1.339309 -9.68852
v -17.332081 -1.341304 -9.619072
v -17.199119 -1.34213 -9.664446
v -17.242529 -1.341304 -9.798063
v -17.436882 -1.339309 -9.941651
v -17.668329 -1.337315 -10.011099
v -17.801291 -1.336489 -9.965725
v -17.987131 -1.30253 -10.058704
v -17.916892 -1.303866 -9.842508
v -17.602423 -1.307093 -9.610178
v -17.227934 -1.31032 -9.497809
v -17.012796 -1.311656 -9.571226
v -17.083035 -1.31032 -9.787422
v -17.397505 -1.307093 -10.019752
v -17.771993 -1.303866 -10.132121
v -17.987131 -1.30253 -10.058704
v -17.986833 -1.262708 -10.058555
v -17.916594 -1.264044 -9.842359
v -17.602124 -1.267271 -9.610028
v -17.227635 -1.270498 -9.497659
v -17.012498 -1.271834 -9.571076
v -17.082736 -1.270498 -9.787272
v -17.397206 -1.267271 -10.019603
v -17.771695 -1.264044 -10.131972
v -17.986833 -1.262708 -10.058555
v -17.80051 -1.232234 -9.965334
v -17.7571 -1.23306 -9.831718
v -17.562747 -1.235054 -9.688129
v -17.3313 -1.237049 -9.618682
v -17.198338 -1.237875 -9.664056
v -17.241748 -1.237049 -9.797672
v -17.436101 -1.235054 -9.94126
v -17.667548 -1.23306 -10.010708
v -17.80051 -1.232234 -9.965334
v -17.499332 -1.222749 -9.814649
v -17.499332 -1.222749 -9.814649
v -17.499332 -1.222749 -9.814649
v -17.499332 -1.222749 -9.814649
v -17.499332 -1.222749 -9.814649
v -17.499332 -1.222749 -9.814649
v -17.499332 -1.222749 -9.814649
v -17.499332 -1.222749 -9.814649
v -17.499332 -1.222749 -9.814649
v -24.124119 -1.08935 -8.465829
v -24.124119 -1.08935 -8.465829
v -24.124119 -1.08935 -8.465829
v -24.124119 -1.08935 -8.465829
v -24.124119 -1.08935 -8.465829
v -24.124119 -1.08935 -8.465829
v -24.124119 -1.08935 -8.465829
v -24.124119 -1.08935 -8.465829
v -24.124119 -1.08935 -8.465829
v -24.214835 -1.083937 -8.420306
v -24.17297 -1.084513 -8.403204
v -24.102454 -1.085904 -8.422804
v -24.044594 -1.087295 -8.467626
v -24.033284 -1.087871 -8.511412
v -24.075149 -1.087295 -8.528515
v -24.145666 -1.085904 -8.508914
v -24.203525 -1.084513 -8.464093
v -24.214835 -1.083937 -8.420306
v -24.270781 -1.073699 -8.392231
v -24.203042 -1.074631 -8.364559
v -24.088944 -1.076881 -8.396273
v -23.995325 -1.079131 -8.468796
v -23.977026 -1.080063 -8.539644
v -24.044765 -1.079131 -8.567316
v -24.158863 -1.076881 -8.535602
v -24.252481 -1.074631 -8.463079
v -24.270781 -1.073699 -8.392231
v -24.270588 -1.062546 -8.392328
v -24.202849 -1.063478 -8.364656
v -24.088751 -1.065728 -8.39637
v -23.995132 -1.067978 -8.468892
v -23.976833 -1.06891 -8.539741
v -24.044572 -1.067978 -8.567413
v -24.15867 -1.065728 -8.535699
v -24.252288 -1.063478 -8.463176
v -24.270588 -1.062546 -8.392328
v -24.21433 -1.054739 -8.42056
v -24.172464 -1.055315 -8.403457
v -24.101948 -1.056705 -8.423058
v -24.044089 -1.058096 -8.467879
v -24.032779 -1.058672 -8.511666
v -24.074644 -1.058096 -8.528768
v -24.14516 -1.056705 -8.509168
v -24.20302 -1.055315 -8.464346
v -24.21433 -1.054739 -8.42056
v -24.123495 -1.053259 -8.466143
v -24.123495 -1.053259 -8.466143
v -24.123495 -1.053259 -8.466143
v -24.123495 -1.053259 -8.466143
v -24.123495 -1.053259 -8.466143
v -24.123495 -1.053259 -8.466143
v -24.123495 -1.053259 -8.466143
v -24.123495 -1.053259 -8.466143
v -24.123495 -1.053259 -8.466143
v -9.101624 -0.845492 -14.795289
v -9.101624 -0.845492 -14.795289
v -9.101624 -0.845492 -14.795289
v -9.101624 -0.845492 -14.795289
v -9.101624 -0.845492 -14.795289
v -9.101624 -0.845492 -14.795289
v -9.101624 -0.845492 -14.795289
v -9.101624 -0.845492 -14.795289
v -9.101624 -0.845492 -14.795289
v -9.169116 -0.829422 -15.03005
v -9.239057 -0.830501 -14.935443
v -9.22846 -0.833104 -14.75863
v -9.143535 -0.835708 -14.603187
v -9.034028 -0.836787 -14.56017
v -8.964087 -0.835708 -14.654777
v -8.974684 -0.833104 -14.83159
v -9.05961 -0.830501 -14.987033
v -9.169116 -0.829422 -15.03005
v -9.210726 -0.794716 -15.174782
v -9.323892 -0.796461 -15.021704
v -9.306747 -0.800674 -14.735615
v -9.169334 -0.804887 -14.484103
v -8.992148 -0.806633 -14.414499
v -8.878982 -0.804887 -14.567577
v -8.896127 -0.800674 -14.853666
v -9.03354 -0.796461 -15.105179
v -9.210726 -0.794716 -15.174782
v -9.210559 -0.75463 -15.174202
v -9.323725 -0.756375 -15.021123
v -9.30658 -0.760588 -14.735035
v -9.169167 -0.764801 -14.483522
v -8.991981 -0.766547 -14.413919
v -8.878815 -0.764801 -14.566997
v -8.895961 -0.760588 -14.853086
v -9.033373 -0.756375 -15.104598
v -9.210559 -0.75463 -15.174202
v -9.16868 -0.724476 -15.028531
v -9.23862 -0.725554 -14.933923
v -9.228024 -0.728158 -14.757111
v -9.143098 -0.730762 -14.601668
v -9.033591 -0.73184 -14.55865
v -8.963651 -0.730762 -14.653258
v -8.974247 -0.728158 -14.830071
v -9.059173 -0.725554 -14.985514
v -9.16868 -0.724476 -15.028531
v -9.101084 -0.715771 -14.793411
v -9.101084 -0.715771 -14.793411
v -9.101084 -0.715771 -14.793411
v -9.101084 -0.715771 -14.793411
v -9.101084 -0.715771 -14.793411
v -9.101084 -0.715771 -14.793411
v -9.101084 -0.715771 -14.793411
v -9.101084 -0.715771 -14.793411
v -9.101084 -0.715771 -14.793411
v -2.87536 -1.350232 28.505011
v -2.87536 -1.350232 28.505011
v -2.87536 -1.350232 28.505011
v -2.87536 -1.350232 28.505011
v -2.87536 -1.350232 28.505011
v -2.87536 -1.350232 28.505011
v -2.87536 -1.350232 28.505011
v -2.87536 -1.350232 28.505011
v -2.87536 -1.350232 28.505011
v -2.866863 -1.339665 28.39428
v -2.918786 -1.341269 28.422993
v -2.945282 -1.345143 28.499897
v -2.93083 -1.349016 28.579943
v -2.883895 -1.350621 28.616241
v -2.831972 -1.349016 28.587529
v -2.805476 -1.345143 28.510625
v -2.819928 -1.341269 28.430579
v -2.866863 -1.339665 28.39428
v -2.86165 -1.322956 28.326344
v -2.945663 -1.325552 28.372802
v -2.988534 -1.331819 28.497235
v -2.96515 -1.338086 28.626753
v -2.889209 -1.340682 28.685485
v -2.805195 -1.338086 28.639027
v -2.762324 -1.331819 28.514594
v -2.785708 -1.325552 28.385076
v -2.86165 -1.322956 28.326344
v -2.861712 -1.306486 28.327152
v -2.945725 -1.309082 28.37361
v -2.988596 -1.31535 28.498044
v -2.965212 -1.321617 28.627561
v -2.889271 -1.324213 28.686293
v -2.805257 -1.321617 28.639835
v -2.762386 -1.31535 28.515402
v -2.78577 -1.309082 28.385885
v -2.861712 -1.306486 28.327152
v -2.867025 -1.296548 28.396396
v -2.918948 -1.298153 28.425109
v -2.945444 -1.302026 28.502013
v -2.930992 -1.305899 28.582059
v -2.884058 -1.307504 28.618357
v -2.832134 -1.305899 28.589645
v -2.805639 -1.302026 28.512741
v -2.820091 -1.298153 28.432694
v -2.867025 -1.296548 28.396396
v -2.87556 -1.296937 28.507626
v -2.87556 -1.296937 28.507626
v -2.87556 -1.296937 28.507626
v -2.87556 -1.296937 28.507626
v -2.87556 -1.296937 28.507626
v -2.87556 -1.296937 28.507626
v -2.87556 -1.296937 28.507626
v -2.87556 -1.296937 28.507626
v -2.87556 -1.296937 28.507626
v 31.199939 0.291229 -6.896875
v 31.199939 0.291229 -6.896875
v 31.199939 0.291229 -6.896875
v 31.199939 0.291229 -6.896875
v 31.199939 0.291229 -6.896875
v 31.199939 0.291229 -6.896875
v 31.199939 0.291229 -6.896875
v 31.199939 0.291229 -6.896875
v 31.199939 0.291229 -6.896875
v 31.22648 0.292189 -6.957098
v 31.17512 0.293103 -6.95873
v 31.138345 0.295309 -6.924233
v 31.137696 0.297515 -6.873813
v 31.173554 0.298429 -6.837007
v 31.224914 0.297515 -6.835375
v 31.261689 0.295309 -6.869872
v 31.262338 0.293103 -6.920292
v 31.22648 0.292189 -6.957098
v 31.24304 0.300942 -6.994672
v 31.159938 0.30242 -6.997314
v 31.100434 0.30599 -6.941495
v 31.099384 0.309559 -6.859915
v 31.157404 0.311038 -6.800362
v 31.240505 0.309559 -6.797721
v 31.30001 0.30599 -6.853539
v 31.301059 0.30242 -6.935119
v 31.24304 0.300942 -6.994672
v 31.243293 0.314144 -6.995247
v 31.160191 0.315623 -6.997888
v 31.100687 0.319192 -6.94207
v 31.099637 0.322762 -6.86049
v 31.157657 0.32424 -6.800936
v 31.240758 0.322762 -6.798295
v 31.300263 0.319192 -6.854113
v 31.301313 0.315623 -6.935693
v 31.243293 0.314144 -6.995247
v 31.227143 0.326753 -6.958602
v 31.175783 0.327667 -6.960234
v 31.139007 0.329873 -6.925736
v 31.138359 0.332079 -6.875317
v 31.174217 0.332993 -6.838511
v 31.225576 0.332079 -6.836879
v 31.262352 0.329873 -6.871376
v 31.263001 0.327667 -6.921795
v 31.227143 0.326753 -6.958602
v 31.200758 0.333953 -6.898734
v 31.200758 0.333953 -6.898734
v 31.200758 0.333953 -6.898734
v 31.200758 0.333953 -6.898734
v 31.200758 0.333953 -6.898734
v 31.200758 0.333953 -6.898734
v 31.200758 0.333953 -6.898734
v 31.200758 0.333953 -6.898734
v 31.200758 0.333953 -6.898734
v -12.579007 -1.267869 -14.436901
v -12.579007 -1.267869 -14.436901
v -12.579007 -1.267869 -14.436901
v -12.579007 -1.267869 -14.436901
v -12.579007 -1.267869 -14.436901
v -12.579007 -1.267869 -14.436901
v -12.579007 -1.267869 -14.436901
v -12.579007 -1.267869 -14.436901
v -12.579007 -1.267869 -14.436901
v -12.42366 -1.251677 -14.407811
v -12.452843 -1.25416 -14.504127
v -12.556168 -1.260154 -14.561108
v -12.67311 -1.266147 -14.545374
v -12.735165 -1.26863 -14.466142
v -12.705983 -1.266147 -14.369826
v -12.602657 -1.260154 -14.312845
v -12.485715 -1.25416 -14.328579
v -12.42366 -1.251677 -14.407811
v -12.328462 -1.226239 -14.389984
v -12.37568 -1.230256 -14.545828
v -12.542864 -1.239954 -14.638025
v -12.73208 -1.249653 -14.612567
v -12.832487 -1.25367 -14.484367
v -12.785269 -1.249653 -14.328523
v -12.618085 -1.239954 -14.236326
v -12.42887 -1.230256 -14.261784
v -12.328462 -1.226239 -14.389984
v -12.329775 -1.201271 -14.39023
v -12.376993 -1.205289 -14.546074
v -12.544177 -1.214987 -14.63827
v -12.733392 -1.224685 -14.612813
v -12.8338 -1.228702 -14.484613
v -12.786582 -1.224685 -14.328769
v -12.619398 -1.214987 -14.236572
v -12.430182 -1.205289 -14.26203
v -12.329775 -1.201271 -14.39023
v -12.427097 -1.186311 -14.408454
v -12.456279 -1.188794 -14.504771
v -12.559605 -1.194788 -14.561752
v -12.676546 -1.200782 -14.546018
v -12.738602 -1.203264 -14.466786
v -12.709419 -1.200782 -14.370469
v -12.606094 -1.194788 -14.313488
v -12.489152 -1.188794 -14.329222
v -12.427097 -1.186311 -14.408454
v -12.583255 -1.187072 -14.437696
v -12.583255 -1.187072 -14.437696
v -12.583255 -1.187072 -14.437696
v -12.583255 -1.187072 -14.437696
v -12.583255 -1.187072 -14.437696
v -12.583255 -1.187072 -14.437696
v -12.583255 -1.187072 -14.437696
v -12.583255 -1.187072 -14.437696
v -12.583255 -1.187072 -14.437696
v -15.933309 -1.365239 -11.269179
v -15.933309 -1.365239 -11.269179
v -15.933309 -1.365239 -11.269179
v -15.933309 -1.365239 -11.269179
v -15.933309 -1.365239 -11.269179
v -15.933309 -1.365239 -11.269179
v -15.933309 -1.365239 -11.269179
v -15.933309 -1.365239 -11.269179
v -15.933309 -1.365239 -11.269179
v -16.06317 -1.358681 -11.330093
v -16.073035 -1.357722 -11.21029
v -16.001169 -1.355407 -11.125039
v -15.889672 -1.353093 -11.124279
v -15.803855 -1.352134 -11.208455
v -15.79399 -1.353093 -11.328259
v -15.865855 -1.355407 -11.41351
v -15.977353 -1.357722 -11.414269
v -16.06317 -1.358681 -11.330093
v -16.143835 -1.334964 -11.367931
v -16.159797 -1.333413 -11.174085
v -16.043516 -1.329667 -11.036146
v -15.863109 -1.325922 -11.034917
v -15.724255 -1.324371 -11.171117
v -15.708293 -1.325922 -11.364963
v -15.824574 -1.329667 -11.502902
v -16.004981 -1.333413 -11.504131
v -16.143835 -1.334964 -11.367931
v -16.144493 -1.303148 -11.36824
v -16.160455 -1.301596 -11.174394
v -16.044175 -1.297851 -11.036455
v -15.863768 -1.294106 -11.035226
v -15.724914 -1.292555 -11.171426
v -15.708952 -1.294106 -11.365272
v -15.825232 -1.297851 -11.503211
v -16.005639 -1.301596 -11.50444
v -16.144493 -1.303148 -11.36824
v -16.064893 -1.275385 -11.330901
v -16.074758 -1.274426 -11.211098
v -16.002893 -1.272112 -11.125847
v -15.891395 -1.269797 -11.125088
v -15.805579 -1.268838 -11.209264
v -15.795714 -1.269797 -11.329067
v -15.867579 -1.272112 -11.414318
v -15.979077 -1.274426 -11.415078
v -16.064893 -1.275385 -11.330901
v -15.935439 -1.26228 -11.270178
v -15.935439 -1.26228 -11.270178
v -15.935439 -1.26228 -11.270178
v -15.935439 -1.26228 -11.270178
v -15.935439 -1.26228 -11.270178
v -15.935439 -1.26228 -11.270178
v -15.935439 -1.26228 -11.270178
v -15.935439 -1.26228 -11.270178
v -15.935439 -1.26228 -11.270178
v -17.697214 -0.992272 -3.548477
v -17.697214 -0.992272 -3.548477
v -17.697214 -0.992272 -3.548477
v -17.697214 -0.992272 -3.548477
v -17.697214 -0.992272 -3.548477
v -17.697214 -0.992272 -3.548477
v -17.697214 -0.992272 -3.548477
v -17.697214 -0.992272 -3.548477
v -17.697214 -0.992272 -3.548477
v -17.813061 -0.989515 -3.734448
v -17.8742 -0.987143 -3.620895
v -17.831787 -0.981419 -3.46512
v -17.710668 -0.975694 -3.358374
v -17.581791 -0.973323 -3.363188
v -17.520652 -0.975694 -3.476741
v -17.563065 -0.981419 -3.632516
v -17.684185 -0.987143 -3.739261
v -17.813061 -0.989515 -3.734448
v -17.885083 -0.966103 -3.850066
v -17.984008 -0.962266 -3.666334
v -17.915383 -0.953003 -3.414285
v -17.719408 -0.943741 -3.241567
v -17.510881 -0.939904 -3.249355
v -17.411956 -0.943741 -3.433088
v -17.480581 -0.953003 -3.685137
v -17.676557 -0.962266 -3.857855
v -17.885083 -0.966103 -3.850066
v -17.885771 -0.93098 -3.85117
v -17.984696 -0.927143 -3.667437
v -17.916071 -0.91788 -3.415389
v -17.720095 -0.908618 -3.24267
v -17.511569 -0.904781 -3.250459
v -17.412644 -0.908618 -3.434191
v -17.481269 -0.91788 -3.68624
v -17.677244 -0.927143 -3.858958
v -17.885771 -0.93098 -3.85117
v -17.814861 -0.897561 -3.737337
v -17.876 -0.89519 -3.623784
v -17.833587 -0.889465 -3.468009
v -17.712468 -0.88374 -3.361264
v -17.583591 -0.881369 -3.366077
v -17.522452 -0.88374 -3.47963
v -17.564865 -0.889465 -3.635405
v -17.685984 -0.89519 -3.742151
v -17.814861 -0.897561 -3.737337
v -17.699438 -0.878611 -3.552048
v -17.699438 -0.878611 -3.552048
v -17.699438 -0.878611 -3.552048
v -17.699438 -0.878611 -3.552048
v -17.699438 -0.878611 -3.552048
v -17.699438 -0.878611 -3.552048
v -17.699438 -0.878611 -3.552048
v -17.699438 -0.878611 -3.552048
v -17.699438 -0.878611 -3.552048
v -9.423243 -1.139939 -10.319171
v -9.423243 -1.139939 -10.319171
v -9.423243 -1.139939 -10.319171
v -9.423243 -1.139939 -10.319171
v -9.423243 -1.139939 -10.319171
v -9.423243 -1.139939 -10.319171
v -9.423243 -1.139939 -10.319171
v -9.423243 -1.139939 -10.319171
v -9.423243 -1.139939 -10.319171
v -9.531418 -1.130617 -10.42806
v -9.553929 -1.131554 -10.342276
v -9.499833 -1.133816 -10.242904
v -9.400819 -1.136077 -10.188156
v -9.314888 -1.137014 -10.210102
v -9.292377 -1.136077 -10.295886
v -9.346474 -1.133816 -10.395258
v -9.445488 -1.131554 -10.450006
v -9.531418 -1.130617 -10.42806
v -9.598095 -1.112609 -10.495177
v -9.634517 -1.114124 -10.356374
v -9.546988 -1.117784 -10.195587
v -9.38678 -1.121443 -10.107003
v -9.247741 -1.122958 -10.142512
v -9.211318 -1.121443 -10.281314
v -9.298848 -1.117784 -10.442101
v -9.459056 -1.114124 -10.530686
v -9.598095 -1.112609 -10.495177
v -9.597804 -1.092792 -10.494884
v -9.634227 -1.094308 -10.356081
v -9.546697 -1.097967 -10.195294
v -9.386489 -1.101626 -10.10671
v -9.247451 -1.103141 -10.142219
v -9.211028 -1.101626 -10.281022
v -9.298557 -1.097967 -10.441809
v -9.458765 -1.094308 -10.530393
v -9.597804 -1.092792 -10.494884
v -9.530657 -1.078736 -10.427294
v -9.553168 -1.079673 -10.341509
v -9.499072 -1.081935 -10.242138
v -9.400058 -1.084196 -10.187389
v -9.314127 -1.085133 -10.209335
v -9.291616 -1.084196 -10.29512
v -9.345712 -1.081935 -10.394492
v -9.444726 -1.079673 -10.44924
v -9.530657 -1.078736 -10.427294
v -9.422302 -1.075811 -10.318224
v -9.422302 -1.075811 -10.318224
v -9.422302 -1.075811 -10.318224
v -9.422302 -1.075811 -10.318224
v -9.422302 -1.075811 -10.318224
v -9.422302 -1.075811 -10.318224
v -9.422302 -1.075811 -10.318224
v -9.422302 -1.075811 -10.318224
v -9.422302 -1.075811 -10.318224
v -29.343699 -0.833671 -9.171736
v -29.343699 -0.833671 -9.171736
v -29.343699 -0.833671 -9.171736
v -29.343699 -0.833671 -9.171736
v -29.343699 -0.833671 -9.171736
v -29.343699 -0.833671 -9.171736
v -29.343699 -0.833671 -9.171736
v -29.343699 -0.833671 -9.171736
v -29.343699 -0.833671 -9.171736
v -29.235823 -0.82266 -9.2404
v -29.303343 -0.824372 -9.276598
v -29.394619 -0.828506 -9.251296
v -29.456183 -0.83264 -9.179314
v -29.451972 -0.834352 -9.102819
v -29.384452 -0.83264 -9.06662
v -29.293176 -0.828506 -9.091923
v -29.231612 -0.824372 -9.163904
v -29.235823 -0.82266 -9.2404
v -29.16955 -0.805526 -9.282583
v -29.278799 -0.808296 -9.341154
v -29.426487 -0.814985 -9.300214
v -29.5261 -0.821673 -9.183745
v -29.519286 -0.824444 -9.059973
v -29.410037 -0.821673 -9.001402
v -29.262349 -0.814985 -9.042342
v -29.162737 -0.808296 -9.158811
v -29.16955 -0.805526 -9.282583
v -29.170194 -0.788812 -9.282173
v -29.279443 -0.791583 -9.340744
v -29.42713 -0.798271 -9.299804
v -29.526743 -0.80496 -9.183336
v -29.519929 -0.80773 -9.059564
v -29.41068 -0.80496 -9.000993
v -29.262993 -0.798271 -9.041933
v -29.16338 -0.791583 -9.158401
v -29.170194 -0.788812 -9.282173
v -29.237508 -0.778904 -9.239327
v -29.305028 -0.780616 -9.275526
v -29.396303 -0.78475 -9.250224
v -29.457867 -0.788884 -9.178242
v -29.453656 -0.790596 -9.101747
v -29.386137 -0.788884 -9.065548
v -29.294861 -0.78475 -9.09085
v -29.233297 -0.780616 -9.162832
v -29.237508 -0.778904 -9.239327
v -29.345781 -0.779585 -9.170411
v -29.345781 -0.779585 -9.170411
v -29.345781 -0.779585 -9.170411
v -29.345781 -0.779585 -9.170411
v -29.345781 -0.779585 -9.170411
v -29.345781 -0.779585 -9.170411
v -29.345781 -0.779585 -9.170411
v -29.345781 -0.779585 -9.170411
v -29.345781 -0.779585 -9.170411
v -17.827206 -1.312496 -14.977177
v -17.827206 -1.312496 -14.977177
v -17.827206 -1.312496 -14.977177
v -17.827206 -1.312496 -14.977177
v -17.827206 -1.312496 -14.977177
v -17.827206 -1.312496 -14.977177
v -17.827206 -1.312496 -14.977177
v -17.827206 -1.312496 -14.977177
v -17.827206 -1.312496 -14.977177
v -17.742778 -1.302717 -14.912459
v -17.732268 -1.304309 -14.97749
v -17.777474 -1.308153 -15.042417
v -17.851915 -1.311997 -15.069207
v -17.911984 -1.313589 -15.042166
v -17.922494 -1.311997 -14.977134
v -17.877289 -1.308153 -14.912207
v -17.802848 -1.304309 -14.885417
v -17.742778 -1.302717 -14.912459
v -17.690951 -1.287987 -14.87273
v -17.673945 -1.290563 -14.977953
v -17.74709 -1.296782 -15.083007
v -17.867538 -1.303001 -15.126354
v -17.964732 -1.305577 -15.0826
v -17.981738 -1.303001 -14.977377
v -17.908593 -1.296782 -14.872323
v -17.788145 -1.290563 -14.828976
v -17.690951 -1.287987 -14.87273
v -17.69152 -1.273931 -14.873166
v -17.674514 -1.276507 -14.978389
v -17.747659 -1.282727 -15.083443
v -17.868107 -1.288946 -15.12679
v -17.965301 -1.291522 -15.083036
v -17.982307 -1.288946 -14.977813
v -17.909162 -1.282727 -14.872759
v -17.788714 -1.276507 -14.829412
v -17.69152 -1.273931 -14.873166
v -17.744267 -1.26592 -14.9136
v -17.733757 -1.267512 -14.978632
v -17.778963 -1.271356 -15.043559
v -17.853404 -1.275199 -15.070348
v -17.913474 -1.276791 -15.043307
v -17.923984 -1.275199 -14.978276
v -17.878778 -1.271356 -14.913349
v -17.804337 -1.267512 -14.886559
v -17.744267 -1.26592 -14.9136
v -17.829046 -1.267012 -14.978588
v -17.829046 -1.267012 -14.978588
v -17.829046 -1.267012 -14.978588
v -17.829046 -1.267012 -14.978588
v -17.829046 -1.267012 -14.978588
v -17.829046 -1.267012 -14.978588
v -17.829046 -1.267012 -14.978588
v -17.829046 -1.267012 -14.978588
v -17.829046 -1.267012 -14.978588
v -9.888364 -1.136011 -11.294048
v -9.888364 -1.136011 -11.294048
v -9.888364 -1.136011 -11.294048
v -9.888364 -1.136011 -11.294048
v -9.888364 -1.136011 -11.294048
v -9.888364 -1.136011 -11.294048
v -9.888364 -1.136011 -11.294048
v -9.888364 -1.136011 -11.294048
v -9.888364 -1.136011 -11.294048
v -9.756087 -1.1237 -11.341337
v -9.81075 -1.125399 -11.371785
v -9.911026 -1.129501 -11.356643
v -9.998175 -1.133602 -11.304781
v -10.021146 -1.135301 -11.246579
v -9.966483 -1.133602 -11.216131
v -9.866207 -1.129501 -11.231273
v -9.779058 -1.125399 -11.283135
v -9.756087 -1.1237 -11.341337
v -9.674841 -1.103071 -11.370382
v -9.763287 -1.10582 -11.419648
v -9.925537 -1.112456 -11.395148
v -10.066547 -1.119093 -11.311234
v -10.103715 -1.121842 -11.217061
v -10.015269 -1.119093 -11.167796
v -9.853019 -1.112456 -11.192296
v -9.712009 -1.10582 -11.27621
v -9.674841 -1.103071 -11.370382
v -9.675659 -1.082002 -11.37009
v -9.764105 -1.084751 -11.419355
v -9.926355 -1.091388 -11.394855
v -10.067365 -1.098024 -11.310941
v -10.104533 -1.100773 -11.216769
v -10.016086 -1.098024 -11.167503
v -9.853836 -1.091388 -11.192003
v -9.712827 -1.084751 -11.275917
v -9.675659 -1.082002 -11.37009
v -9.758228 -1.068543 -11.340571
v -9.812891 -1.070242 -11.371019
v -9.913167 -1.074343 -11.355877
v -10.000315 -1.078445 -11.304016
v -10.023287 -1.080144 -11.245814
v -9.968624 -1.078445 -11.215366
v -9.868348 -1.074343 -11.230508
v -9.781199 -1.070242 -11.28237
v -9.758228 -1.068543 -11.340571
v -9.89101 -1.067833 -11.293102
v -9.89101 -1.067833 -11.293102
v -9.89101 -1.067833 -11.293102
v -9.89101 -1.067833 -11.293102
v -9.89101 -1.067833 -11.293102
v -9.89101 -1.067833 -11.293102
v -9.89101 -1.067833 -11.293102
v -9.89101 -1.067833 -11.293102
v -9.89101 -1.067833 -11.293102
v 32.188585 0.521335 24.124518
v 32.188585 0.521335 24.124518
v 32.188585 0.521335 24.124518
v 32.188585 0.521335 24.124518
v 32.188585 0.521335 24.124518
v 32.188585 0.521335 24.124518
v 32.188585 0.521335 24.124518
v 32.188585 0.521335 24.124518
v 32.188585 0.521335 24.124518
v 32.155892 0.52484 24.207758
v 32.2005 0.524779 24.197134
v 32.23813 0.52463 24.143968
v 32.246739 0.524481 24.079405
v 32.221284 0.524419 24.041264
v 32.176677 0.524481 24.051887
v 32.139047 0.52463 24.105053
v 32.130438 0.524779 24.169617
v 32.155892 0.52484 24.207758
v 32.135693 0.533596 24.259188
v 32.207869 0.533496 24.241999
v 32.268755 0.533255 24.155975
v 32.282685 0.533014 24.051509
v 32.241499 0.532914 23.989795
v 32.169322 0.533014 24.006985
v 32.108436 0.533255 24.093009
v 32.094506 0.533496 24.197475
v 32.135693 0.533596 24.259188
v 32.135702 0.544257 24.259165
v 32.207878 0.544157 24.241975
v 32.268765 0.543916 24.155952
v 32.282694 0.543676 24.051485
v 32.241508 0.543576 23.989772
v 32.169332 0.543676 24.006962
v 32.108445 0.543916 24.092985
v 32.094515 0.544157 24.197451
v 32.135702 0.544257 24.259165
v 32.155917 0.552752 24.207697
v 32.200524 0.55269 24.197073
v 32.238154 0.552541 24.143907
v 32.246763 0.552393 24.079344
v 32.221308 0.552331 24.041202
v 32.176701 0.552393 24.051826
v 32.139071 0.552541 24.104992
v 32.130462 0.55269 24.169555
v 32.155917 0.552752 24.207697
v 32.188615 0.555836 24.124442
v 32.188615 0.555836 24.124442
v 32.188615 0.555836 24.124442
v 32.188615 0.555836 24.124442
v 32.188615 0.555836 24.124442
v 32.188615 0.555836 24.124442
v 32.188615 0.555836 24.124442
v 32.188615 0.555836 24.124442
v 32.188615 0.555836 24.124442
v 12.350128 0.040808 21.742871
v 12.350128 0.040808 21.742871
v 12.350128 0.040808 21.742871
v 12.350128 0.040808 21.742871
v 12.350128 0.040808 21.742871
v 12.350128 0.040808 21.742871
v 12.350128 0.040808 21.742871
v 12.350128 0.040808 21.742871
v 12.350128 0.040808 21.742871
v 12.398015 0.047143 21.867594
v 12.437548 0.046672 21.810482
v 12.42586 0.045536 21.713734
v 12.369798 0.044399 21.634022
v 12.302201 0.043928 21.618042
v 12.262667 0.044399 21.675154
v 12.274355 0.045536 21.771903
v 12.330418 0.046672 21.851614
v 12.398015 0.047143 21.867594
v 12.427569 0.060514 21.944571
v 12.491536 0.059752 21.852162
v 12.472624 0.057913 21.695619
v 12.381913 0.056074 21.566644
v 12.272539 0.055313 21.540787
v 12.208573 0.056074 21.633197
v 12.227484 0.057913 21.789739
v 12.318195 0.059752 21.918715
v 12.427569 0.060514 21.944571
v 12.427503 0.075813 21.944399
v 12.49147 0.075052 21.85199
v 12.472559 0.073213 21.695448
v 12.381847 0.071374 21.566472
v 12.272474 0.070612 21.540616
v 12.208507 0.071374 21.633025
v 12.227418 0.073213 21.789567
v 12.31813 0.075052 21.918543
v 12.427503 0.075813 21.944399
v 12.397842 0.087198 21.867144
v 12.437375 0.086727 21.810033
v 12.425688 0.085591 21.713284
v 12.369625 0.084454 21.633573
v 12.302028 0.083983 21.617593
v 12.262495 0.084454 21.674705
v 12.274183 0.085591 21.771453
v 12.330245 0.086727 21.851164
v 12.397842 0.087198 21.867144
v 12.349915 0.090318 21.742315
v 12.349915 0.090318 21.742315
v 12.349915 0.090318 21.742315
v 12.349915 0.090318 21.742315
v 12.349915 0.090318 21.742315
v 12.349915 0.090318 21.742315
v 12.349915 0.090318 21.742315
v 12.349915 0.090318 21.742315
v 12.349915 0.090318 21.742315
v -15.2753 -1.066171 -3.218163
v -15.2753 -1.066171 -3.218163
v -15.2753 -1.066171 -3.218163
v -15.2753 -1.066171 -3.218163
v -15.2753 -1.066171 -3.218163
v -15.2753 -1.066171 -3.218163
v -15.2753 -1.066171 -3.218163
v -15.2753 -1.066171 -3.218163
v -15.2753 -1.066171 -3.218163
v -15.393774 -1.060454 -3.445253
v -15.450841 -1.059572 -3.330898
v -15.405107 -1.057444 -3.150558
v -15.283362 -1.055315 -3.009873
v -15.156922 -1.054433 -2.991254
v -15.099854 -1.055315 -3.105609
v -15.145589 -1.057444 -3.285949
v -15.267334 -1.059572 -3.426634
v -15.393774 -1.060454 -3.445253
v -15.467089 -1.039466 -3.585785
v -15.559427 -1.038039 -3.400755
v -15.485427 -1.034594 -3.108958
v -15.288439 -1.03115 -2.881324
v -15.083855 -1.029723 -2.851199
v -14.991518 -1.03115 -3.036229
v -15.065517 -1.034594 -3.328026
v -15.262506 -1.038039 -3.555659
v -15.467089 -1.039466 -3.585785
v -15.467243 -1.011222 -3.586079
v -15.55958 -1.009796 -3.401049
v -15.485581 -1.006351 -3.109252
v -15.288592 -1.002907 -2.881619
v -15.084008 -1.00148 -2.851493
v -14.991671 -1.002907 -3.036523
v -15.065671 -1.006351 -3.32832
v -15.262659 -1.009796 -3.555954
v -15.467243 -1.011222 -3.586079
v -15.394176 -0.986513 -3.446024
v -15.451243 -0.985631 -3.331669
v -15.405509 -0.983502 -3.151329
v -15.283764 -0.981373 -3.010644
v -15.157324 -0.980491 -2.992025
v -15.100257 -0.981373 -3.10638
v -15.145991 -0.983502 -3.28672
v -15.267736 -0.985631 -3.427405
v -15.394176 -0.986513 -3.446024
v -15.275797 -0.974774 -3.219115
v -15.275797 -0.974774 -3.219115
v -15.275797 -0.974774 -3.219115
v -15.275797 -0.974774 -3.219115
v -15.275797 -0.974774 -3.219115
v -15.275797 -0.974774 -3.219115
v -15.275797 -0.974774 -3.219115
v -15.275797 -0.974774 -3.219115
v -15.275797 -0.974774 -3.219115
v -12.987023 -1.291336 -6.569303
v -12.987023 -1.291336 -6.569303
v -12.987023 -1.291336 -6.569303
v -12.987023 -1.291336 -6.569303
v -12.987023 -1.291336 -6.569303
v -12.987023 -1.291336 -6.569303
v -12.987023 -1.291336 -6.569303
v -12.987023 -1.291336 -6.569303
v -12.987023 -1.291336 -6.569303
v -12.901052 -1.278312 -6.650024
v -13.009024 -1.279612 -6.71442
v -13.104246 -1.28275 -6.69368
v -13.130938 -1.285889 -6.599951
v -13.073464 -1.287189 -6.48814
v -12.965492 -1.285889 -6.423744
v -12.870269 -1.28275 -6.444484
v -12.843577 -1.279612 -6.538213
v -12.901052 -1.278312 -6.650024
v -12.848388 -1.253091 -6.699471
v -13.023092 -1.255195 -6.803667
v -13.177164 -1.260273 -6.770108
v -13.220353 -1.265351 -6.618452
v -13.127358 -1.267455 -6.437538
v -12.952654 -1.265351 -6.333342
v -12.798582 -1.260273 -6.366901
v -12.755393 -1.255195 -6.518557
v -12.848388 -1.253091 -6.699471
v -12.849148 -1.225307 -6.698757
v -13.023852 -1.227411 -6.802953
v -13.177925 -1.232489 -6.769394
v -13.221113 -1.237567 -6.617738
v -13.128118 -1.239671 -6.436824
v -12.953415 -1.237567 -6.332628
v -12.799342 -1.232489 -6.366187
v -12.756153 -1.227411 -6.517843
v -12.849148 -1.225307 -6.698757
v -12.903042 -1.205573 -6.648155
v -13.011015 -1.206873 -6.712551
v -13.106237 -1.210012 -6.691811
v -13.132929 -1.21315 -6.598083
v -13.075455 -1.21445 -6.486271
v -12.967482 -1.21315 -6.421875
v -12.87226 -1.210012 -6.442615
v -12.845568 -1.206873 -6.536344
v -12.903042 -1.205573 -6.648155
v -12.989483 -1.201426 -6.566992
v -12.989483 -1.201426 -6.566992
v -12.989483 -1.201426 -6.566992
v -12.989483 -1.201426 -6.566992
v -12.989483 -1.201426 -6.566992
v -12.989483 -1.201426 -6.566992
v -12.989483 -1.201426 -6.566992
v -12.989483 -1.201426 -6.566992
v -12.989483 -1.201426 -6.566992
v -9.184262 -1.105316 -4.387201
v -9.184262 -1.105316 -4.387201
v -9.184262 -1.105316 -4.387201
v -9.184262 -1.105316 -4.387201
v -9.184262 -1.105316 -4.387201
v -9.184262 -1.105316 -4.387201
v -9.184262 -1.105316 -4.387201
v -9.184262 -1.105316 -4.387201
v -9.184262 -1.105316 -4.387201
v -8.999855 -1.104697 -4.481784
v -9.083931 -1.102401 -4.512902
v -9.226612 -1.096858 -4.470472
v -9.344317 -1.091314 -4.379349
v -9.368097 -1.089018 -4.292911
v -9.284022 -1.091314 -4.261793
v -9.141341 -1.096858 -4.304223
v -9.023636 -1.102401 -4.395346
v -8.999855 -1.104697 -4.481784
v -8.885316 -1.087398 -4.540532
v -9.021353 -1.083682 -4.590883
v -9.252215 -1.074713 -4.522229
v -9.442667 -1.065743 -4.374788
v -9.481144 -1.062028 -4.234929
v -9.345107 -1.065743 -4.184578
v -9.114245 -1.074713 -4.253232
v -8.923793 -1.083682 -4.400673
v -8.885316 -1.087398 -4.540532
v -8.884393 -1.060025 -4.541006
v -9.02043 -1.05631 -4.591356
v -9.251292 -1.047341 -4.522702
v -9.441744 -1.038371 -4.375261
v -9.480221 -1.034656 -4.235402
v -9.344184 -1.038371 -4.185052
v -9.113322 -1.047341 -4.253705
v -8.92287 -1.05631 -4.401146
v -8.884393 -1.060025 -4.541006
v -8.99744 -1.033035 -4.483023
v -9.081515 -1.030739 -4.514141
v -9.224196 -1.025196 -4.471711
v -9.341901 -1.019652 -4.380588
v -9.365681 -1.017356 -4.29415
v -9.281606 -1.019652 -4.263032
v -9.138925 -1.025196 -4.305462
v -9.02122 -1.030739 -4.396585
v -8.99744 -1.033035 -4.483023
v -9.181275 -1.016737 -4.388733
v -9.181275 -1.016737 -4.388733
v -9.181275 -1.016737 -4.388733
v -9.181275 -1.016737 -4.388733
v -9.181275 -1.016737 -4.388733
v -9.181275 -1.016737 -4.388733
v -9.181275 -1.016737 -4.388733
v -9.181275 -1.016737 -4.388733
v -9.181275 -1.016737 -4.388733
v -14.001385 -1.248047 -4.842309
v -14.001385 -1.248047 -4.842309
v -14.001385 -1.248047 -4.842309
v -14.001385 -1.248047 -4.842309
v -14.001385 -1.248047 -4.842309
v -14.001385 -1.248047 -4.842309
v -14.001385 -1.248047 -4.842309
v -14.001385 -1.248047 -4.842309
v -14.001385 -1.248047 -4.842309
v -13.899005 -1.247146 -4.996567
v -14.0131 -1.245349 -5.00729
v -14.120257 -1.24101 -4.921484
v -14.157705 -1.236671 -4.789411
v -14.103508 -1.234874 -4.68844
v -13.989413 -1.236671 -4.677716
v -13.882256 -1.24101 -4.763523
v -13.844807 -1.245349 -4.895596
v -13.899005 -1.247146 -4.996567
v -13.835472 -1.232514 -5.092293
v -14.020081 -1.229606 -5.109644
v -14.193465 -1.222586 -4.970806
v -14.254058 -1.215565 -4.757108
v -14.166364 -1.212657 -4.593732
v -13.981755 -1.215565 -4.576382
v -13.808371 -1.222586 -4.71522
v -13.747778 -1.229606 -4.928918
v -13.835472 -1.232514 -5.092293
v -13.835054 -1.20974 -5.092923
v -14.019663 -1.206832 -5.110274
v -14.193047 -1.199812 -4.971435
v -14.25364 -1.192791 -4.757738
v -14.165946 -1.189883 -4.594362
v -13.981337 -1.192791 -4.577012
v -13.807953 -1.199812 -4.71585
v -13.747361 -1.206832 -4.929547
v -13.835054 -1.20974 -5.092923
v -13.897911 -1.187523 -4.998216
v -14.012005 -1.185726 -5.008939
v -14.119163 -1.181387 -4.923132
v -14.156611 -1.177048 -4.79106
v -14.102413 -1.175251 -4.690088
v -13.988319 -1.177048 -4.679365
v -13.881161 -1.181387 -4.765172
v -13.843713 -1.185726 -4.897244
v -13.897911 -1.187523 -4.998216
v -14.000033 -1.17435 -4.844347
v -14.000033 -1.17435 -4.844347
v -14.000033 -1.17435 -4.844347
v -14.000033 -1.17435 -4.844347
v -14.000033 -1.17435 -4.844347
v -14.000033 -1.17435 -4.844347
v -14.000033 -1.17435 -4.844347
v -14.000033 -1.17435 -4.844347
v -14.000033 -1.17435 -4.844347
v -22.429176 -1.340833 -15.148303
v -22.429176 -1.340833 -15.148303
v -22.429176 -1.340833 -15.148303
v -22.429176 -1.340833 -15.148303
v -22.429176 -1.340833 -15.148303
v -22.429176 -1.340833 -15.148303
v -22.429176 -1.340833 -15.148303
v -22.429176 -1.340833 -15.148303
v -22.429176 -1.340833 -15.148303
v -22.675399 -1.319908 -15.178794
v -22.614398 -1.323189 -15.079055
v -22.444642 -1.331111 -15.019849
v -22.265571 -1.339033 -15.035857
v -22.182082 -1.342315 -15.117704
v -22.243084 -1.339033 -15.217443
v -22.41284 -1.331111 -15.27665
v -22.591911 -1.323189 -15.260641
v -22.675399 -1.319908 -15.178794
v -22.826704 -1.287533 -15.197532
v -22.728002 -1.292842 -15.03615
v -22.45333 -1.30566 -14.940352
v -22.163587 -1.318478 -14.966255
v -22.028501 -1.323787 -15.098685
v -22.127203 -1.318478 -15.260066
v -22.401875 -1.30566 -15.355864
v -22.691618 -1.292842 -15.329962
v -22.826704 -1.287533 -15.197532
v -22.825297 -1.256073 -15.197357
v -22.726595 -1.261382 -15.035976
v -22.451923 -1.2742 -14.940178
v -22.16218 -1.287018 -14.96608
v -22.027093 -1.292328 -15.09851
v -22.125795 -1.287018 -15.259892
v -22.400467 -1.2742 -15.35569
v -22.69021 -1.261382 -15.329787
v -22.825297 -1.256073 -15.197357
v -22.671715 -1.237546 -15.178338
v -22.610714 -1.240827 -15.078599
v -22.440957 -1.248749 -15.019392
v -22.261886 -1.256671 -15.035401
v -22.178398 -1.259952 -15.117248
v -22.239399 -1.256671 -15.216987
v -22.409156 -1.248749 -15.276193
v -22.588227 -1.240827 -15.260184
v -22.671715 -1.237546 -15.178338
v -22.424622 -1.239027 -15.147739
v -22.424622 -1.239027 -15.147739
v -22.424622 -1.239027 -15.147739
v -22.424622 -1.239027 -15.147739
v -22.424622 -1.239027 -15.147739
v -22.424622 -1.239027 -15.147739
v -22.424622 -1.239027 -15.147739
v -22.424622 -1.239027 -15.147739
v -22.424622 -1.239027 -15.147739
v -14.705704 -1.078541 -3.182186
v -14.705704 -1.078541 -3.182186
v -14.705704 -1.078541 -3.182186
v -14.705704 -1.078541 -3.182186
v -14.705704 -1.078541 -3.182186
v -14.705704 -1.078541 -3.182186
v -14.705704 -1.078541 -3.182186
v -14.705704 -1.078541 -3.182186
v -14.705704 -1.078541 -3.182186
v -14.964936 -1.07953 -3.371034
v -14.94044 -1.076232 -3.245301
v -14.77861 -1.06827 -3.08272
v -14.574244 -1.060308 -2.97853
v -14.447056 -1.05701 -2.993763
v -14.471551 -1.060308 -3.119496
v -14.633381 -1.06827 -3.282076
v -14.837748 -1.076232 -3.386267
v -14.964936 -1.07953 -3.371034
v -15.125733 -1.059598 -3.488173
v -15.086099 -1.054262 -3.284733
v -14.824252 -1.041379 -3.021672
v -14.49358 -1.028497 -2.853089
v -14.287786 -1.023161 -2.877736
v -14.327421 -1.028497 -3.081177
v -14.589267 -1.041379 -3.344237
v -14.919939 -1.054262 -3.512821
v -15.125733 -1.059598 -3.488173
v -15.126677 -1.02636 -3.488861
v -15.087043 -1.021023 -3.285421
v -14.825197 -1.008141 -3.02236
v -14.494525 -0.995258 -2.853777
v -14.28873 -0.989922 -2.878424
v -14.328365 -0.995258 -3.081864
v -14.590211 -1.008141 -3.344925
v -14.920883 -1.021023 -3.513508
v -15.126677 -1.02636 -3.488861
v -14.967408 -0.99251 -3.372834
v -14.942912 -0.989212 -3.247101
v -14.781082 -0.98125 -3.084521
v -14.576716 -0.973288 -2.980331
v -14.449528 -0.96999 -2.995564
v -14.474023 -0.973288 -3.121297
v -14.635853 -0.98125 -3.283877
v -14.84022 -0.989212 -3.388067
v -14.967408 -0.99251 -3.372834
v -14.70876 -0.970979 -3.184412
v -14.70876 -0.970979 -3.184412
v -14.70876 -0.970979 -3.184412
v -14.70876 -0.970979 -3.184412
v -14.70876 -0.970979 -3.184412
v -14.70876 -0.970979 -3.184412
v -14.70876 -0.970979 -3.184412
v -14.70876 -0.970979 -3.184412
v -14.70876 -0.970979 -3.184412
v 33.105492 0.046295 -14.69743
v 33.105492 0.046295 -14.69743
v 33.105492 0.046295 -14.69743
v 33.105492 0.046295 -14.69743
v 33.105492 0.046295 -14.69743
v 33.105492 0.046295 -14.69743
v 33.105492 0.046295 -14.69743
v 33.105492 0.046295 -14.69743
v 33.105492 0.046295 -14.69743
v 33.017146 0.050655 -14.634936
v 33.09303 0.051453 -14.582454
v 33.176129 0.05338 -14.597263
v 33.217765 0.055306 -14.670688
v 33.193547 0.056105 -14.759718
v 33.117662 0.055306 -14.8122
v 33.034563 0.05338 -14.797391
v 32.992928 0.051453 -14.723966
v 33.017146 0.050655 -14.634936
v 32.962253 0.067519 -14.596106
v 33.085037 0.06881 -14.511188
v 33.219494 0.071928 -14.53515
v 33.286861 0.075045 -14.653954
v 33.247676 0.076336 -14.798008
v 33.124892 0.075045 -14.882926
v 32.990435 0.071928 -14.858964
v 32.923068 0.06881 -14.740159
v 32.962253 0.067519 -14.596106
v 32.961781 0.090445 -14.595772
v 33.084564 0.091736 -14.510854
v 33.219022 0.094854 -14.534816
v 33.286389 0.097971 -14.65362
v 33.247204 0.099263 -14.797674
v 33.12442 0.097971 -14.882592
v 32.989963 0.094854 -14.85863
v 32.922596 0.091736 -14.739825
v 32.961781 0.090445 -14.595772
v 33.01591 0.110677 -14.634062
v 33.091794 0.111475 -14.58158
v 33.174893 0.113402 -14.596389
v 33.216529 0.115328 -14.669814
v 33.192311 0.116126 -14.758844
v 33.116427 0.115328 -14.811326
v 33.033327 0.113402 -14.796517
v 32.991692 0.111475 -14.723092
v 33.01591 0.110677 -14.634062
v 33.103965 0.120486 -14.69635
v 33.103965 0.120486 -14.69635
v 33.103965 0.120486 -14.69635
v 33.103965 0.120486 -14.69635
v 33.103965 0.120486 -14.69635
v 33.103965 0.120486 -14.69635
v 33.103965 0.120486 -14.69635
v 33.103965 0.120486 -14.69635
v 33.103965 0.120486 -14.69635
v -31.321013 -0.750933 -21.95008
v -31.321013 -0.750933 -21.95008
v -31.321013 -0.750933 -21.95008
v -31.321013 -0.750933 -21.95008
v -31.321013 -0.750933 -21.95008
v -31.321013 -0.750933 -21.95008
v -31.321013 -0.750933 -21.95008
v -31.321013 -0.750933 -21.95008
v -31.321013 -0.750933 -21.95008
v -31.283192 -0.752825 -22.041147
v -31.333743 -0.751367 -22.030917
v -31.376801 -0.747846 -21.973418
v -31.387145 -0.744325 -21.902332
v -31.358714 -0.742867 -21.859301
v -31.308164 -0.744325 -21.869531
v -31.265105 -0.747846 -21.92703
v -31.254762 -0.751367 -21.998115
v -31.283192 -0.752825 -22.041147
v -31.259698 -0.747821 -22.097718
v -31.34149 -0.745461 -22.081165
v -31.411161 -0.739765 -21.98813
v -31.427897 -0.734068 -21.873111
v -31.381895 -0.731708 -21.803485
v -31.300103 -0.734068 -21.820037
v -31.230433 -0.739765 -21.913072
v -31.213696 -0.745461 -22.028091
v -31.259698 -0.747821 -22.097718
v -31.259504 -0.737832 -22.098185
v -31.341296 -0.735472 -22.081632
v -31.410967 -0.729775 -21.988597
v -31.427703 -0.724078 -21.873578
v -31.381702 -0.721719 -21.803951
v -31.299909 -0.724078 -21.820504
v -31.230239 -0.729775 -21.913539
v -31.213502 -0.735472 -22.028558
v -31.259504 -0.737832 -22.098185
v -31.282685 -0.726673 -22.042368
v -31.333235 -0.725215 -22.032138
v -31.376294 -0.721694 -21.97464
v -31.386638 -0.718173 -21.903554
v -31.358207 -0.716715 -21.860522
v -31.307657 -0.718173 -21.870752
v -31.264598 -0.721694 -21.928251
v -31.254254 -0.725215 -21.999337
v -31.282685 -0.726673 -22.042368
v -31.320386 -0.718607 -21.95159
v -31.320386 -0.718607 -21.95159
v -31.320386 -0.718607 -21.95159
v -31.320386 -0.718607 -21.95159
v -31.320386 -0.718607 -21.95159
v -31.320386 -0.718607 -21.95159
v -31.320386 -0.718607 -21.95159
v -31.320386 -0.718607 -21.95159
v -31.320386 -0.718607 -21.95159
v -23.031549 -0.900887 -5.426444
v -23.031549 -0.900887 -5.426444
v -23.031549 -0.900887 -5.426444
v -23.031549 -0.900887 -5.426444
v -23.031549 -0.900887 -5.426444
v -23.031549 -0.900887 -5.426444
v -23.031549 -0.900887 -5.426444
v -23.031549 -0.900887 -5.426444
v -23.031549 -0.900887 -5.426444
v -22.966324 -0.896418 -5.277172
v -22.875912 -0.89526 -5.368681
v -22.876623 -0.892463 -5.493917
v -22.968039 -0.889667 -5.579518
v -23.096611 -0.888508 -5.575341
v -23.187022 -0.889667 -5.483832
v -23.186312 -0.892463 -5.358596
v -23.094896 -0.89526 -5.272995
v -22.966324 -0.896418 -5.277172
v -22.925848 -0.87681 -5.184542
v -22.779559 -0.874936 -5.332607
v -22.780709 -0.870411 -5.535243
v -22.928623 -0.865886 -5.673748
v -23.136657 -0.864012 -5.666988
v -23.282946 -0.865886 -5.518924
v -23.281797 -0.870411 -5.316288
v -23.133882 -0.874936 -5.177783
v -22.925848 -0.87681 -5.184542
v -22.925583 -0.849552 -5.183935
v -22.779294 -0.847677 -5.332
v -22.780443 -0.843152 -5.534635
v -22.928358 -0.838627 -5.673141
v -23.136392 -0.836753 -5.666381
v -23.282681 -0.838627 -5.518317
v -23.281531 -0.843152 -5.315681
v -23.133617 -0.847677 -5.177176
v -22.925583 -0.849552 -5.183935
v -22.965629 -0.825055 -5.275583
v -22.875218 -0.823896 -5.367092
v -22.875928 -0.8211 -5.492328
v -22.967344 -0.818303 -5.577929
v -23.095916 -0.817145 -5.573751
v -23.186328 -0.818303 -5.482242
v -23.185617 -0.8211 -5.357006
v -23.094201 -0.823896 -5.271405
v -22.965629 -0.825055 -5.275583
v -23.030691 -0.812676 -5.424479
v -23.030691 -0.812676 -5.424479
v -23.030691 -0.812676 -5.424479
v -23.030691 -0.812676 -5.424479
v -23.030691 -0.812676 -5.424479
v -23.030691 -0.812676 -5.424479
v -23.030691 -0.812676 -5.424479
v -23.030691 -0.812676 -5.424479
v -23.030691 -0.812676 -5.424479
v -5.316312 -0.540084 4.163497
v -5.316312 -0.540084 4.163497
v -5.316312 -0.540084 4.163497
v -5.316312 -0.540084 4.163497
v -5.316312 -0.540084 4.163497
v -5.316312 -0.540084 4.163497
v -5.316312 -0.540084 4.163497
v -5.316312 -0.540084 4.163497
v -5.316312 -0.540084 4.163497
v -5.298597 -0.536078 4.269132
v -5.219584 -0.535407 4.224112
v -5.19722 -0.533785 4.143662
v -5.244606 -0.532163 4.074909
v -5.333983 -0.531491 4.058127
v -5.412995 -0.532163 4.103148
v -5.435359 -0.533785 4.183598
v -5.387974 -0.535407 4.252351
v -5.298597 -0.536078 4.269132
v -5.287603 -0.521004 4.334685
v -5.159758 -0.519917 4.26184
v -5.123573 -0.517293 4.131669
v -5.200244 -0.514669 4.020425
v -5.344859 -0.513582 3.993272
v -5.472704 -0.514669 4.066117
v -5.50889 -0.517293 4.196288
v -5.432218 -0.519917 4.307532
v -5.287603 -0.521004 4.334685
v -5.287531 -0.500619 4.335116
v -5.159686 -0.499532 4.262271
v -5.1235 -0.496908 4.1321
v -5.200172 -0.494284 4.020856
v -5.344787 -0.493197 3.993703
v -5.472632 -0.494284 4.066548
v -5.508817 -0.496908 4.196719
v -5.432146 -0.499532 4.307963
v -5.287531 -0.500619 4.335116
v -5.298407 -0.482709 4.270261
v -5.219395 -0.482038 4.22524
v -5.197031 -0.480416 4.14479
v -5.244416 -0.478794 4.076037
v -5.333793 -0.478122 4.059256
v -5.412806 -0.478794 4.104276
v -5.43517 -0.480416 4.184726
v -5.387784 -0.482038 4.253479
v -5.298407 -0.482709 4.270261
v -5.316078 -0.474116 4.164891
v -5.316078 -0.474116 4.164891
v -5.316078 -0.474116 4.164891
v -5.316078 -0.474116 4.164891
v -5.316078 -0.474116 4.164891
v -5.316078 -0.474116 4.164891
v -5.316078 -0.474116 4.164891
v -5.316078 -0.474116 4.164891
v -5.316078 -0.474116 4.164891
v -19.24869 0.387805 24.055354
v -19.24869 0.387805 24.055354
v -19.24869 0.387805 24.055354
v -19.24869 0.387805 24.055354
v -19.24869 0.387805 24.055354
v -19.24869 0.387805 24.055354
v -19.24869 0.387805 24.055354
v -19.24869 0.387805 24.055354
v -19.24869 0.387805 24.055354
v -19.133627 0.385508 23.940835
v -19.214888 0.387971 23.926459
v -19.315819 0.393916 23.987456
v -19.377295 0.399861 24.088096
v -19.363305 0.402324 24.169425
v -19.282043 0.399861 24.183802
v -19.181112 0.393916 24.122804
v -19.119636 0.387971 24.022164
v -19.133627 0.385508 23.940835
v -19.062064 0.39631 23.869611
v -19.193548 0.400295 23.84635
v -19.356857 0.409914 23.945046
v -19.456328 0.419533 24.107885
v -19.43369 0.423518 24.239478
v -19.302207 0.419533 24.262739
v -19.138897 0.409914 24.164043
v -19.039427 0.400295 24.001204
v -19.062064 0.39631 23.869611
v -19.061337 0.416085 23.868887
v -19.192821 0.420069 23.845626
v -19.35613 0.429689 23.944322
v -19.4556 0.439308 24.107161
v -19.432963 0.443292 24.238754
v -19.301479 0.439308 24.262016
v -19.13817 0.429689 24.163319
v -19.0387 0.420069 24.00048
v -19.061337 0.416085 23.868887
v -19.131723 0.437279 23.93894
v -19.212984 0.439741 23.924564
v -19.313915 0.445687 23.985561
v -19.375391 0.451632 24.086201
v -19.3614 0.454094 24.16753
v -19.280139 0.451632 24.181907
v -19.179208 0.445687 24.120909
v -19.117732 0.439741 24.020269
v -19.131723 0.437279 23.93894
v -19.246337 0.451797 24.053011
v -19.246337 0.451797 24.053011
v -19.246337 0.451797 24.053011
v -19.246337 0.451797 24.053011
v -19.246337 0.451797 24.053011
v -19.246337 0.451797 24.053011
v -19.246337 0.451797 24.053011
v -19.246337 0.451797 24.053011
v -19.246337 0.451797 24.053011
v -24.605695 -1.198599 -13.193721
v -24.605695 -1.198599 -13.193721
v -24.605695 -1.198599 -13.193721
v -24.605695 -1.198599 -13.193721
v -24.605695 -1.198599 -13.193721
v -24.605695 -1.198599 -13.193721
v -24.605695 -1.198599 -13.193721
v -24.605695 -1.198599 -13.193721
v -24.605695 -1.198599 -13.193721
v -24.510896 -1.170169 -12.849492
v -24.407197 -1.175073 -12.986686
v -24.419861 -1.186914 -13.245466
v -24.541469 -1.198754 -13.474244
v -24.700785 -1.203658 -13.539004
v -24.804483 -1.198754 -13.401811
v -24.79182 -1.186914 -13.14303
v -24.670212 -1.175073 -12.914252
v -24.510896 -1.170169 -12.849492
v -24.452597 -1.129227 -12.637803
v -24.284809 -1.137163 -12.859786
v -24.305299 -1.156321 -13.278502
v -24.502065 -1.175478 -13.648672
v -24.759844 -1.183414 -13.753456
v -24.927632 -1.175478 -13.531473
v -24.907142 -1.156321 -13.112757
v -24.710376 -1.137163 -12.742587
v -24.452597 -1.129227 -12.637803
v -24.453067 -1.091412 -12.63951
v -24.285279 -1.099348 -12.861493
v -24.30577 -1.118505 -13.280209
v -24.502536 -1.137663 -13.65038
v -24.760314 -1.145599 -13.755163
v -24.928102 -1.137663 -13.53318
v -24.907612 -1.118505 -13.114464
v -24.710846 -1.099348 -12.744294
v -24.453067 -1.091412 -12.63951
v -24.512127 -1.071168 -12.853962
v -24.408428 -1.076072 -12.991155
v -24.421092 -1.087912 -13.249936
v -24.5427 -1.099753 -13.478714
v -24.702016 -1.104657 -13.543474
v -24.805714 -1.099753 -13.40628
v -24.793051 -1.087912 -13.1475
v -24.671442 -1.076072 -12.918722
v -24.512127 -1.071168 -12.853962
v -24.607216 -1.076227 -13.199245
v -24.607216 -1.076227 -13.199245
v -24.607216 -1.076227 -13.199245
v -24.607216 -1.076227 -13.199245
v -24.607216 -1.076227 -13.199245
v -24.607216 -1.076227 -13.199245
v -24.607216 -1.076227 -13.199245
v -24.607216 -1.076227 -13.199245
v -24.607216 -1.076227 -13.199245
v 15.129165 0.109646 29.269605
v 15.129165 0.109646 29.269605
v 15.129165 0.109646 29.269605
v 15.129165 0.109646 29.269605
v 15.129165 0.109646 29.269605
v 15.129165 0.109646 29.269605
v 15.129165 0.109646 29.269605
v 15.129165 0.109646 29.269605
v 15.129165 0.109646 29.269605
v 15.102084 0.11279 29.375449
v 15.144033 0.112886 29.353155
v 15.177272 0.113116 29.281924
v 15.182329 0.113347 29.203483
v 15.156241 0.113442 29.163781
v 15.114291 0.113347 29.186075
v 15.081053 0.113116 29.257306
v 15.075996 0.112886 29.335747
v 15.102084 0.11279 29.375449
v 15.085341 0.121673 29.440884
v 15.153218 0.121827 29.404811
v 15.206999 0.1222 29.289558
v 15.21518 0.122573 29.162638
v 15.17297 0.122728 29.098399
v 15.105093 0.122573 29.134471
v 15.051312 0.1222 29.249724
v 15.043131 0.121827 29.376644
v 15.085341 0.121673 29.440884
v 15.085333 0.132902 29.440916
v 15.153209 0.133056 29.404844
v 15.20699 0.133429 29.289591
v 15.215172 0.133802 29.162671
v 15.172962 0.133957 29.098431
v 15.105085 0.133802 29.134504
v 15.051304 0.133429 29.249757
v 15.043122 0.133056 29.376677
v 15.085333 0.132902 29.440916
v 15.102062 0.142188 29.375534
v 15.144012 0.142283 29.35324
v 15.17725 0.142514 29.282009
v 15.182307 0.142744 29.203568
v 15.156219 0.14284 29.163866
v 15.114269 0.142744 29.18616
v 15.081031 0.142514 29.257391
v 15.075974 0.142283 29.335832
v 15.102062 0.142188 29.375534
v 15.129138 0.145984 29.26971
v 15.129138 0.145984 29.26971
v 15.129138 0.145984 29.26971
v 15.129138 0.145984 29.26971
v 15.129138 0.145984 29.26971
v 15.129138 0.145984 29.26971
v 15.129138 0.145984 29.26971
v 15.129138 0.145984 29.26971
v 15.129138 0.145984 29.26971
v 22.597532 1.005514 10.080081
v 22.597532 1.005514 10.080081
v 22.597532 1.005514 10.080081
v 22.597532 1.005514 10.080081
v 22.597532 1.005514 10.080081
v 22.597532 1.005514 10.080081
v 22.597532 1.005514 10.080081
v 22.597532 1.005514 10.080081
v 22.597532 1.005514 10.080081
v 22.800717 1.020291 10.189961
v 22.790177 1.01823 10.067076
v 22.666668 1.013254 9.951744
v 22.502538 1.008278 9.911524
v 22.393933 1.006217 9.969978
v 22.404473 1.008278 10.092863
v 22.527982 1.013254 10.208195
v 22.692112 1.01823 10.248414
v 22.800717 1.020291 10.189961
v 22.925877 1.044903 10.257646
v 22.908824 1.041569 10.058814
v 22.708981 1.033518 9.872202
v 22.443414 1.025466 9.807126
v 22.267688 1.022132 9.901706
v 22.284741 1.025466 10.100538
v 22.484584 1.033518 10.28715
v 22.750151 1.041569 10.352226
v 22.925877 1.044903 10.257646
v 22.925207 1.069951 10.257283
v 22.908154 1.066616 10.058451
v 22.708311 1.058565 9.87184
v 22.442744 1.050514 9.806764
v 22.267018 1.047179 9.901344
v 22.284071 1.050514 10.100176
v 22.483913 1.058565 10.286787
v 22.749481 1.066616 10.351863
v 22.925207 1.069951 10.257283
v 22.798961 1.085866 10.189011
v 22.788422 1.083805 10.066126
v 22.664912 1.078829 9.950794
v 22.500783 1.073853 9.910575
v 22.392178 1.071792 9.969029
v 22.402717 1.073853 10.091914
v 22.526227 1.078829 10.207246
v 22.690357 1.083805 10.247465
v 22.798961 1.085866 10.189011
v 22.595362 1.086569 10.078908
v 22.595362 1.086569 10.078908
v 22.595362 1.086569 10.078908
v 22.595362 1.086569 10.078908
v 22.595362 1.086569 10.078908
v 22.595362 1.086569 10.078908
v 22.595362 1.086569 10.078908
v 22.595362 1.086569 10.078908
v 22.595362 1.086569 10.078908
v -11.845768 -1.216442 -6.882316
v -11.845768 -1.216442 -6.882316
v -11.845768 -1.216442 -6.882316
v -11.845768 -1.216442 -6.882316
v -11.845768 -1.216442 -6.882316
v -11.845768 -1.216442 -6.882316
v -11.845768 -1.216442 -6.882316
v -11.845768 -1.216442 -6.882316
v -11.845768 -1.216442 -6.882316
v -11.876824 -1.207963 -6.781284
v -11.831348 -1.209125 -6.799745
v -11.79429 -1.211932 -6.86667
v -11.787358 -1.214738 -6.942854
v -11.814613 -1.215901 -6.983672
v -11.860089 -1.214738 -6.965211
v -11.897146 -1.211932 -6.898286
v -11.904078 -1.209125 -6.822102
v -11.876824 -1.207963 -6.781284
v -11.895918 -1.193701 -6.719167
v -11.822336 -1.195582 -6.749037
v -11.762375 -1.200123 -6.857323
v -11.751159 -1.204664 -6.980592
v -11.795258 -1.206545 -7.046636
v -11.86884 -1.204664 -7.016766
v -11.928801 -1.200123 -6.90848
v -11.940017 -1.195582 -6.78521
v -11.895918 -1.193701 -6.719167
v -11.895757 -1.179105 -6.71969
v -11.822175 -1.180986 -6.74956
v -11.762214 -1.185526 -6.857846
v -11.750998 -1.190067 -6.981115
v -11.795097 -1.191948 -7.047159
v -11.868679 -1.190067 -7.017289
v -11.92864 -1.185526 -6.909003
v -11.939856 -1.180986 -6.785733
v -11.895757 -1.179105 -6.71969
v -11.876403 -1.169749 -6.782654
v -11.830927 -1.170911 -6.801115
v -11.793869 -1.173717 -6.868039
v -11.786937 -1.176524 -6.944224
v -11.814192 -1.177686 -6.985041
v -11.859668 -1.176524 -6.96658
v -11.896726 -1.173717 -6.899656
v -11.903657 -1.170911 -6.823471
v -11.876403 -1.169749 -6.782654
v -11.845247 -1.169207 -6.884009
v -11.845247 -1.169207 -6.884009
v -11.845247 -1.169207 -6.884009
v -11.845247 -1.169207 -6.884009
v -11.845247 -1.169207 -6.884009
v -11.845247 -1.169207 -6.884009
v -11.845247 -1.169207 -6.884009
v -11.845247 -1.169207 -6.884009
v -11.845247 -1.169207 -6.884009
v -17.048966 -1.264837 -7.327237
v -17.048966 -1.264837 -7.327237
v -17.048966 -1.264837 -7.327237
v -17.048966 -1.264837 -7.327237
v -17.048966 -1.264837 -7.327237
v -17.048966 -1.264837 -7.327237
v -17.048966 -1.264837 -7.327237
v -17.048966 -1.264837 -7.327237
v -17.048966 -1.264837 -7.327237
v -17.100853 -1.255453 -7.219381
v -17.04797 -1.256801 -7.232901
v -16.995624 -1.260055 -7.301779
v -16.974478 -1.263309 -7.385667
v -16.99692 -1.264657 -7.435424
v -17.049802 -1.263309 -7.421904
v -17.102149 -1.260055 -7.353026
v -17.123294 -1.256801 -7.269138
v -17.100853 -1.255453 -7.219381
v -17.132762 -1.240088 -7.153053
v -17.047195 -1.242269 -7.174929
v -16.962497 -1.247534 -7.286376
v -16.928283 -1.2528 -7.42211
v -16.964594 -1.25498 -7.502619
v -17.05016 -1.2528 -7.480742
v -17.134858 -1.247534 -7.369295
v -17.169073 -1.242269 -7.233562
v -17.132762 -1.240088 -7.153053
v -17.132504 -1.224612 -7.153588
v -17.046938 -1.226793 -7.175465
v -16.96224 -1.232058 -7.286912
v -16.928025 -1.237323 -7.422645
v -16.964336 -1.239504 -7.503154
v -17.049903 -1.237323 -7.481277
v -17.134601 -1.232058 -7.36983
v -17.168815 -1.226793 -7.234097
v -17.132504 -1.224612 -7.153588
v -17.100178 -1.214936 -7.220783
v -17.047296 -1.216284 -7.234303
v -16.994949 -1.219538 -7.303181
v -16.973804 -1.222792 -7.387069
v -16.996245 -1.22414 -7.436826
v -17.049128 -1.222792 -7.423306
v -17.101474 -1.219538 -7.354428
v -17.12262 -1.216284 -7.27054
v -17.100178 -1.214936 -7.220783
v -17.048132 -1.214755 -7.32897
v -17.048132 -1.214755 -7.32897
v -17.048132 -1.214755 -7.32897
v -17.048132 -1.214755 -7.32897
v -17.048132 -1.214755 -7.32897
v -17.048132 -1.214755 -7.32897
v -17.048132 -1.214755 -7.32897
v -17.048132 -1.214755 -7.32897
v -17.048132 -1.214755 -7.32897
v -24.759987 -0.695737 -5.01985
v -24.759987 -0.695737 -5.01985
v -24.759987 -0.695737 -5.01985
v -24.759987 -0.695737 -5.01985
v -24.759987 -0.695737 -5.01985
v -24.759987 -0.695737 -5.01985
v -24.759987 -0.695737 -5.01985
v -24.759987 -0.695737 -5.01985
v -24.759987 -0.695737 -5.01985
v -24.638043 -0.681968 -4.964368
v -24.637494 -0.68414 -5.060573
v -24.708887 -0.689385 -5.133008
v -24.8104 -0.694629 -5.139242
v -24.882569 -0.696801 -5.075623
v -24.883118 -0.694629 -4.979419
v -24.811725 -0.689385 -4.906983
v -24.710212 -0.68414 -4.900749
v -24.638043 -0.681968 -4.964368
v -24.563316 -0.660752 -4.930368
v -24.562428 -0.664267 -5.086031
v -24.677944 -0.672753 -5.203234
v -24.842196 -0.681238 -5.213321
v -24.958968 -0.684753 -5.110384
v -24.959855 -0.681238 -4.954721
v -24.84434 -0.672753 -4.837518
v -24.680088 -0.664267 -4.827431
v -24.563316 -0.660752 -4.930368
v -24.564349 -0.640194 -4.930838
v -24.563462 -0.643709 -5.086501
v -24.678978 -0.652195 -5.203704
v -24.843229 -0.66068 -5.213791
v -24.960001 -0.664195 -5.110854
v -24.960889 -0.66068 -4.955191
v -24.845373 -0.652195 -4.837988
v -24.681121 -0.643709 -4.827901
v -24.564349 -0.640194 -4.930838
v -24.640748 -0.628146 -4.965599
v -24.640199 -0.630319 -5.061803
v -24.711592 -0.635563 -5.134239
v -24.813105 -0.640807 -5.140473
v -24.885274 -0.64298 -5.076854
v -24.885823 -0.640807 -4.980649
v -24.81443 -0.635563 -4.908214
v -24.712917 -0.630319 -4.90198
v -24.640748 -0.628146 -4.965599
v -24.76333 -0.62921 -5.021372
v -24.76333 -0.62921 -5.021372
v -24.76333 -0.62921 -5.021372
v -24.76333 -0.62921 -5.021372
v -24.76333 -0.62921 -5.021372
v -24.76333 -0.62921 -5.021372
v -24.76333 -0.62921 -5.021372
v -24.76333 -0.62921 -5.021372
v -24.76333 -0.62921 -5.021372
v -9.002967 -0.562563 5.033978
v -9.002967 -0.562563 5.033978
v -9.002967 -0.562563 5.033978
v -9.002967 -0.562563 5.033978
v -9.002967 -0.562563 5.033978
v -9.002967 -0.562563 5.033978
v -9.002967 -0.562563 5.033978
v -9.002967 -0.562563 5.033978
v -9.002967 -0.562563 5.033978
v -8.835813 -0.558398 4.895574
v -8.925425 -0.557447 4.886963
v -9.06041 -0.555152 4.964429
v -9.161695 -0.552857 5.082595
v -9.16995 -0.551906 5.17224
v -9.080339 -0.552857 5.180852
v -8.945354 -0.555152 5.103385
v -8.844068 -0.557447 4.985219
v -8.835813 -0.558398 4.895574
v -8.732336 -0.541002 4.809895
v -8.87733 -0.539464 4.795961
v -9.09574 -0.53575 4.921304
v -9.259624 -0.532036 5.1125
v -9.272981 -0.530498 5.257549
v -9.127986 -0.532036 5.271483
v -8.909576 -0.53575 5.14614
v -8.745692 -0.539464 4.954944
v -8.732336 -0.541002 4.809895
v -8.732059 -0.51702 4.809666
v -8.877054 -0.515482 4.795732
v -9.095464 -0.511768 4.921075
v -9.259348 -0.508054 5.112271
v -9.272704 -0.506516 5.25732
v -9.12771 -0.508054 5.271254
v -8.9093 -0.511768 5.145911
v -8.745416 -0.515482 4.954715
v -8.732059 -0.51702 4.809666
v -8.83509 -0.495612 4.894975
v -8.924701 -0.494661 4.886363
v -9.059686 -0.492366 4.96383
v -9.160972 -0.49007 5.081996
v -9.169227 -0.48912 5.171641
v -9.079615 -0.49007 5.180252
v -8.94463 -0.492366 5.102786
v -8.843344 -0.494661 4.98462
v -8.83509 -0.495612 4.894975
v -9.002073 -0.484955 5.033237
v -9.002073 -0.484955 5.033237
v -9.002073 -0.484955 5.033237
v -9.002073 -0.484955 5.033237
v -9.002073 -0.484955 5.033237
v -9.002073 -0.484955 5.033237
v -9.002073 -0.484955 5.033237
v -9.002073 -0.484955 5.033237
v -9.002073 -0.484955 5.033237
v -19.874014 -1.299529 -10.316332
v -19.874014 -1.299529 -10.316332
v -19.874014 -1.299529 -10.316332
v -19.874014 -1.299529 -10.316332
v -19.874014 -1.299529 -10.316332
v -19.874014 -1.299529 -10.316332
v -19.874014 -1.299529 -10.316332
v -19.874014 -1.299529 -10.316332
v -19.874014 -1.299529 -10.316332
v -20.071298 -1.296662 -10.285255
v -19.996629 -1.294037 -10.186164
v -19.850442 -1.2877 -10.163276
v -19.71837 -1.281364 -10.229997
v -19.67778 -1.278739 -10.347244
v -19.752449 -1.281364 -10.446335
v -19.898636 -1.2877 -10.469223
v -20.030708 -1.294037 -10.402502
v -20.071298 -1.296662 -10.285255
v -20.194278 -1.271233 -10.265883
v -20.073462 -1.266986 -10.10555
v -19.836925 -1.256732 -10.068516
v -19.623229 -1.246479 -10.176473
v -19.557553 -1.242232 -10.366183
v -19.678369 -1.246479 -10.526515
v -19.914906 -1.256732 -10.56355
v -20.128602 -1.266986 -10.455592
v -20.194278 -1.271233 -10.265883
v -20.195979 -1.232954 -10.265615
v -20.075163 -1.228707 -10.105282
v -19.838627 -1.218454 -10.068248
v -19.62493 -1.208201 -10.176205
v -19.559254 -1.203954 -10.365915
v -19.680071 -1.208201 -10.526247
v -19.916607 -1.218454 -10.563282
v -20.130303 -1.228707 -10.455324
v -20.195979 -1.232954 -10.265615
v -20.075752 -1.196448 -10.284554
v -20.001083 -1.193823 -10.185463
v -19.854896 -1.187486 -10.162574
v -19.722824 -1.181149 -10.229295
v -19.682234 -1.178525 -10.346542
v -19.756903 -1.181149 -10.445633
v -19.90309 -1.187486 -10.468522
v -20.035162 -1.193823 -10.401801
v -20.075752 -1.196448 -10.284554
v -19.879519 -1.175657 -10.315465
v -19.879519 -1.175657 -10.315465
v -19.879519 -1.175657 -10.315465
v -19.879519 -1.175657 -10.315465
v -19.879519 -1.175657 -10.315465
v -19.879519 -1.175657 -10.315465
v -19.879519 -1.175657 -10.315465
v -19.879519 -1.175657 -10.315465
v -19.879519 -1.175657 -10.315465
v -10.375986 -0.840569 -17.827271
v -10.375986 -0.840569 -17.827271
v -10.375986 -0.840569 -17.827271
v -10.375986 -0.840569 -17.827271
v -10.375986 -0.840569 -17.827271
v -10.375986 -0.840569 -17.827271
v -10.375986 -0.840569 -17.827271
v -10.375986 -0.840569 -17.827271
v -10.375986 -0.840569 -17.827271
v -10.373161 -0.838679 -17.954685
v -10.428943 -0.837118 -17.918674
v -10.453699 -0.833351 -17.829297
v -10.432928 -0.829583 -17.73891
v -10.378797 -0.828022 -17.700461
v -10.323015 -0.829583 -17.736473
v -10.298258 -0.833351 -17.82585
v -10.319029 -0.837118 -17.916237
v -10.373161 -0.838679 -17.954685
v -10.371401 -0.823073 -18.034037
v -10.461659 -0.820548 -17.975769
v -10.501716 -0.814452 -17.831153
v -10.468107 -0.808356 -17.684905
v -10.380521 -0.805831 -17.622693
v -10.290264 -0.808356 -17.680962
v -10.250207 -0.814452 -17.825577
v -10.283815 -0.820548 -17.971826
v -10.371401 -0.823073 -18.034037
v -10.37138 -0.799713 -18.035016
v -10.461637 -0.797188 -17.976747
v -10.501694 -0.791092 -17.832132
v -10.468086 -0.784996 -17.685884
v -10.3805 -0.782471 -17.623672
v -10.290242 -0.784996 -17.68194
v -10.250185 -0.791092 -17.826556
v -10.283793 -0.797188 -17.972804
v -10.37138 -0.799713 -18.035016
v -10.373104 -0.777522 -17.957248
v -10.428886 -0.775961 -17.921236
v -10.453642 -0.772193 -17.831859
v -10.432871 -0.768426 -17.741472
v -10.37874 -0.766865 -17.703024
v -10.322958 -0.768426 -17.739035
v -10.298202 -0.772193 -17.828413
v -10.318973 -0.775961 -17.918799
v -10.373104 -0.777522 -17.957248
v -10.375915 -0.764975 -17.830438
v -10.375915 -0.764975 -17.830438
v -10.375915 -0.764975 -17.830438
v -10.375915 -0.764975 -17.830438
v -10.375915 -0.764975 -17.830438
v -10.375915 -0.764975 -17.830438
v -10.375915 -0.764975 -17.830438
v -10.375915 -0.764975 -17.830438
v -10.375915 -0.764975 -17.830438
v -23.014011 -1.226111 -9.958693
v -23.014011 -1.226111 -9.958693
v -23.014011 -1.226111 -9.958693
v -23.014011 -1.226111 -9.958693
v -23.014011 -1.226111 -9.958693
v -23.014011 -1.226111 -9.958693
v -23.014011 -1.226111 -9.958693
v -23.014011 -1.226111 -9.958693
v -23.014011 -1.226111 -9.958693
v -22.921563 -1.225289 -10.182832
v -23.016953 -1.223205 -10.145433
v -23.110567 -1.218172 -9.998771
v -23.147568 -1.213139 -9.828759
v -23.106282 -1.211055 -9.734986
v -23.010892 -1.213139 -9.772385
v -22.917278 -1.218172 -9.919047
v -22.880276 -1.223205 -10.08906
v -22.921563 -1.225289 -10.182832
v -22.864249 -1.208903 -10.321788
v -23.018593 -1.20553 -10.261276
v -23.170064 -1.197387 -10.023972
v -23.229933 -1.189244 -9.748886
v -23.16313 -1.185871 -9.597159
v -23.008786 -1.189244 -9.657672
v -22.857315 -1.197387 -9.894975
v -22.797446 -1.20553 -10.170062
v -22.864249 -1.208903 -10.321788
v -22.863961 -1.183211 -10.322486
v -23.018305 -1.179838 -10.261974
v -23.169776 -1.171695 -10.02467
v -23.229645 -1.163552 -9.749584
v -23.162842 -1.160179 -9.597857
v -23.008499 -1.163552 -9.658369
v -22.857027 -1.171695 -9.895673
v -22.797158 -1.179838 -10.170759
v -22.863961 -1.183211 -10.322486
v -22.92081 -1.158027 -10.184659
v -23.016199 -1.155943 -10.14726
v -23.109814 -1.15091 -10.000598
v -23.146815 -1.145877 -9.830586
v -23.105528 -1.143793 -9.736814
v -23.010139 -1.145877 -9.774212
v -22.916524 -1.15091 -9.920874
v -22.879523 -1.155943 -10.090887
v -22.92081 -1.158027 -10.184659
v -23.01308 -1.142971 -9.960952
v -23.01308 -1.142971 -9.960952
v -23.01308 -1.142971 -9.960952
v -23.01308 -1.142971 -9.960952
v -23.01308 -1.142971 -9.960952
v -23.01308 -1.142971 -9.960952
v -23.01308 -1.142971 -9.960952
v -23.01308 -1.142971 -9.960952
v -23.01308 -1.142971 -9.960952
v -19.187269 -1.170507 -8.035681
v -19.187269 -1.170507 -8.035681
v -19.187269 -1.170507 -8.035681
v -19.187269 -1.170507 -8.035681
v -19.187269 -1.170507 -8.035681
v -19.187269 -1.170507 -8.035681
v -19.187269 -1.170507 -8.035681
v -19.187269 -1.170507 -8.035681
v -19.187269 -1.170507 -8.035681
v -19.123188 -1.169136 -8.172396
v -19.216843 -1.166987 -8.167591
v -19.293069 -1.161799 -8.08574
v -19.307213 -1.15661 -7.97479
v -19.25099 -1.154461 -7.899734
v -19.157335 -1.15661 -7.904539
v -19.08111 -1.161799 -7.98639
v -19.066966 -1.166987 -8.09734
v -19.123188 -1.169136 -8.172396
v -19.083224 -1.150873 -8.257659
v -19.234761 -1.147396 -8.249884
v -19.358096 -1.139001 -8.117446
v -19.380982 -1.130605 -7.937925
v -19.290012 -1.127128 -7.816483
v -19.138474 -1.130605 -7.824258
v -19.015139 -1.139001 -7.956696
v -18.992253 -1.147396 -8.136216
v -19.083224 -1.150873 -8.257659
v -19.082641 -1.122693 -8.258903
v -19.234178 -1.119216 -8.251128
v -19.357514 -1.110821 -8.11869
v -19.380399 -1.102425 -7.939169
v -19.289429 -1.098948 -7.817726
v -19.137892 -1.102425 -7.825501
v -19.014556 -1.110821 -7.957939
v -18.991671 -1.119216 -8.13746
v -19.082641 -1.122693 -8.258903
v -19.121662 -1.09536 -8.175651
v -19.215317 -1.093211 -8.170846
v -19.291543 -1.088023 -8.088995
v -19.305687 -1.082834 -7.978045
v -19.249464 -1.080685 -7.902989
v -19.155809 -1.082834 -7.907795
v -19.079584 -1.088023 -7.989646
v -19.06544 -1.093211 -8.100596
v -19.121662 -1.09536 -8.175651
v -19.185383 -1.079314 -8.039705
v -19.185383 -1.079314 -8.039705
v -19.185383 -1.079314 -8.039705
v -19.185383 -1.079314 -8.039705
v -19.185383 -1.079314 -8.039705
v -19.185383 -1.079314 -8.039705
v -19.185383 -1.079314 -8.039705
v -19.185383 -1.079314 -8.039705
v -19.185383 -1.079314 -8.039705
v 5.167309 0.86622 -4.746536
v 5.167309 0.86622 -4.746536
v 5.167309 0.86622 -4.746536
v 5.167309 0.86622 -4.746536
v 5.167309 0.86622 -4.746536
v 5.167309 0.86622 -4.746536
v 5.167309 0.86622 -4.746536
v 5.167309 0.86622 -4.746536
v 5.167309 0.86622 -4.746536
v 5.258726 0.86759 -4.770216
v 5.222603 0.868648 -4.799588
v 5.154198 0.8712 -4.797911
v 5.093582 0.873753 -4.766167
v 5.076262 0.87481 -4.722952
v 5.112385 0.873753 -4.693579
v 5.180789 0.8712 -4.695257
v 5.241406 0.868648 -4.727
v 5.258726 0.86759 -4.770216
v 5.315593 0.878397 -4.784947
v 5.257146 0.880107 -4.832472
v 5.146465 0.884237 -4.829758
v 5.048385 0.888368 -4.778396
v 5.020361 0.890078 -4.708471
v 5.078809 0.888368 -4.660946
v 5.18949 0.884237 -4.66366
v 5.287569 0.880107 -4.715023
v 5.315593 0.878397 -4.784947
v 5.316191 0.894512 -4.785102
v 5.257743 0.896222 -4.832627
v 5.147062 0.900352 -4.829913
v 5.048983 0.904482 -4.77855
v 5.020959 0.906193 -4.708626
v 5.079406 0.904482 -4.661101
v 5.190088 0.900352 -4.663814
v 5.288167 0.896222 -4.715177
v 5.316191 0.894512 -4.785102
v 5.26029 0.90978 -4.770621
v 5.224167 0.910837 -4.799993
v 5.155763 0.91339 -4.798316
v 5.095146 0.915942 -4.766572
v 5.077826 0.916999 -4.723357
v 5.113949 0.915942 -4.693985
v 5.182354 0.91339 -4.695662
v 5.24297 0.910837 -4.727406
v 5.26029 0.90978 -4.770621
v 5.169243 0.918369 -4.747037
v 5.169243 0.918369 -4.747037
v 5.169243 0.918369 -4.747037
v 5.169243 0.918369 -4.747037
v 5.169243 0.918369 -4.747037
v 5.169243 0.918369 -4.747037
v 5.169243 0.918369 -4.747037
v 5.169243 0.918369 -4.747037
v 5.169243 0.918369 -4.747037
v -19.521796 -1.413252 -12.406543
v -19.521796 -1.413252 -12.406543
v -19.521796 -1.413252 -12.406543
v -19.521796 -1.413252 -12.406543
v -19.521796 -1.413252 -12.406543
v -19.521796 -1.413252 -12.406543
v -19.521796 -1.413252 -12.406543
v -19.521796 -1.413252 -12.406543
v -19.521796 -1.413252 -12.406543
v -19.633776 -1.394859 -12.294981
v -19.495188 -1.397097 -12.221684
v -19.371971 -1.402501 -12.25689
v -19.336304 -1.407905 -12.379974
v -19.409081 -1.410144 -12.518836
v -19.547669 -1.407905 -12.592133
v -19.670886 -1.402501 -12.556927
v -19.706553 -1.397097 -12.433843
v -19.633776 -1.394859 -12.294981
v -19.70225 -1.361989 -12.226763
v -19.478009 -1.365611 -12.108167
v -19.27864 -1.374355 -12.16513
v -19.22093 -1.383099 -12.364285
v -19.338685 -1.386721 -12.588969
v -19.562926 -1.383099 -12.707565
v -19.762295 -1.374355 -12.650601
v -19.820005 -1.365611 -12.451447
v -19.70225 -1.361989 -12.226763
v -19.701062 -1.327199 -12.227946
v -19.476821 -1.330821 -12.10935
v -19.277452 -1.339565 -12.166314
v -19.219742 -1.348309 -12.365468
v -19.337497 -1.35193 -12.590152
v -19.561738 -1.348309 -12.708748
v -19.761108 -1.339565 -12.651785
v -19.818818 -1.330821 -12.45263
v -19.701062 -1.327199 -12.227946
v -19.630667 -1.303776 -12.298079
v -19.492078 -1.306014 -12.224782
v -19.368861 -1.311418 -12.259988
v -19.333194 -1.316823 -12.383072
v -19.405971 -1.319061 -12.521934
v -19.54456 -1.316823 -12.595231
v -19.667777 -1.311418 -12.560025
v -19.703443 -1.306014 -12.436941
v -19.630667 -1.303776 -12.298079
v -19.517952 -1.300668 -12.410372
v -19.517952 -1.300668 -12.410372
v -19.517952 -1.300668 -12.410372
v -19.517952 -1.300668 -12.410372
v -19.517952 -1.300668 -12.410372
v -19.517952 -1.300668 -12.410372
v -19.517952 -1.300668 -12.410372
v -19.517952 -1.300668 -12.410372
v -19.517952 -1.300668 -12.410372
v 14.381235 1.337579 -8.53551
v 14.381235 1.337579 -8.53551
v 14.381235 1.337579 -8.53551
v 14.381235 1.337579 -8.53551
v 14.381235 1.337579 -8.53551
v 14.381235 1.337579 -8.53551
v 14.381235 1.337579 -8.53551
v 14.381235 1.337579 -8.53551
v 14.381235 1.337579 -8.53551
v 14.433422 1.341827 -8.483107
v 14.447502 1.341719 -8.527708
v 14.422757 1.341457 -8.576887
v 14.37368 1.341195 -8.601836
v 14.329022 1.341086 -8.58794
v 14.314941 1.341195 -8.54334
v 14.339687 1.341457 -8.494161
v 14.388763 1.341719 -8.469211
v 14.433422 1.341827 -8.483107
v 14.465647 1.352209 -8.450748
v 14.48843 1.352034 -8.522913
v 14.448391 1.35161 -8.602487
v 14.368983 1.351186 -8.642855
v 14.296724 1.35101 -8.620372
v 14.273942 1.351186 -8.548206
v 14.313981 1.35161 -8.468633
v 14.393388 1.352034 -8.428264
v 14.465647 1.352209 -8.450748
v 14.465603 1.364759 -8.450792
v 14.488386 1.364583 -8.522958
v 14.448346 1.364159 -8.602531
v 14.368939 1.363736 -8.6429
v 14.29668 1.36356 -8.620416
v 14.273897 1.363736 -8.548251
v 14.313937 1.364159 -8.468677
v 14.393344 1.364583 -8.428309
v 14.465603 1.364759 -8.450792
v 14.433306 1.374683 -8.483224
v 14.447386 1.374574 -8.527824
v 14.42264 1.374312 -8.577003
v 14.373564 1.37405 -8.601953
v 14.328906 1.373942 -8.588057
v 14.314825 1.37405 -8.543456
v 14.339571 1.374312 -8.494277
v 14.388647 1.374574 -8.469328
v 14.433306 1.374683 -8.483224
v 14.381092 1.37819 -8.535654
v 14.381092 1.37819 -8.535654
v 14.381092 1.37819 -8.535654
v 14.381092 1.37819 -8.535654
v 14.381092 1.37819 -8.535654
v 14.381092 1.37819 -8.535654
v 14.381092 1.37819 -8.535654
v 14.381092 1.37819 -8.535654
v 14.381092 1.37819 -8.535654
v 18.352978 -0.144043 -27.865789
v 18.352978 -0.144043 -27.865789
v 18.352978 -0.144043 -27.865789
v 18.352978 -0.144043 -27.865789
v 18.352978 -0.144043 -27.865789
v 18.352978 -0.144043 -27.865789
v 18.352978 -0.144043 -27.865789
v 18.352978 -0.144043 -27.865789
v 18.352978 -0.144043 -27.865789
v 18.399466 -0.141598 -27.800976
v 18.42844 -0.141121 -27.850477
v 18.413237 -0.139967 -27.908908
v 18.362764 -0.138814 -27.942041
v 18.306587 -0.138336 -27.930467
v 18.277614 -0.138814 -27.880966
v 18.292816 -0.139967 -27.822535
v 18.34329 -0.141121 -27.789402
v 18.399466 -0.141598 -27.800976
v 18.428295 -0.131935 -27.760783
v 18.475175 -0.131162 -27.840878
v 18.450576 -0.129296 -27.935422
v 18.368909 -0.12743 -27.989032
v 18.278013 -0.126657 -27.970304
v 18.231133 -0.12743 -27.89021
v 18.255732 -0.129296 -27.795666
v 18.337399 -0.131162 -27.742056
v 18.428295 -0.131935 -27.760783
v 18.428453 -0.118745 -27.760564
v 18.475332 -0.117972 -27.840659
v 18.450733 -0.116106 -27.935202
v 18.369066 -0.11424 -27.988812
v 18.27817 -0.113467 -27.970085
v 18.231291 -0.11424 -27.88999
v 18.255889 -0.116106 -27.795447
v 18.337556 -0.117972 -27.741837
v 18.428453 -0.118745 -27.760564
v 18.399879 -0.107066 -27.800401
v 18.428852 -0.106588 -27.849903
v 18.413649 -0.105435 -27.908334
v 18.363176 -0.104282 -27.941467
v 18.306999 -0.103804 -27.929893
v 18.278026 -0.104282 -27.880391
v 18.293228 -0.105435 -27.82196
v 18.343702 -0.106588 -27.788827
v 18.399879 -0.107066 -27.800401
v 18.353487 -0.101359 -27.865079
v 18.353487 -0.101359 -27.865079
v 18.353487 -0.101359 -27.865079
v 18.353487 -0.101359 -27.865079
v 18.353487 -0.101359 -27.865079
v 18.353487 -0.101359 -27.865079
v 18.353487 -0.101359 -27.865079
v 18.353487 -0.101359 -27.865079
v 18.353487 -0.101359 -27.865079
v 22.124665 0.629474 26.921798
v 22.124665 0.629474 26.921798
v 22.124665 0.629474 26.921798
v 22.124665 0.629474 26.921798
v 22.124665 0.629474 26.921798
v 22.124665 0.629474 26.921798
v 22.124665 0.629474 26.921798
v 22.124665 0.629474 26.921798
v 22.124665 0.629474 26.921798
v 22.12115 0.636645 27.029139
v 22.220451 0.636708 27.000921
v 22.263641 0.636862 26.926363
v 22.22542 0.637016 26.849138
v 22.128178 0.637079 26.814486
v 22.028878 0.637016 26.842704
v 21.985688 0.636862 26.917263
v 22.023908 0.636708 26.994487
v 22.12115 0.636645 27.029139
v 22.118977 0.655853 27.09551
v 22.279649 0.655956 27.049853
v 22.349532 0.656205 26.929214
v 22.287689 0.656453 26.804262
v 22.130348 0.656556 26.748193
v 21.969677 0.656453 26.793851
v 21.899794 0.656205 26.91449
v 21.961637 0.655956 27.039441
v 22.118977 0.655853 27.09551
v 22.118976 0.679762 27.095558
v 22.279647 0.679865 27.049901
v 22.34953 0.680113 26.929262
v 22.287688 0.680362 26.804311
v 22.130347 0.680465 26.748242
v 21.969676 0.680362 26.793899
v 21.899793 0.680113 26.914538
v 21.961635 0.679865 27.039489
v 22.118976 0.679762 27.095558
v 22.121146 0.699238 27.029266
v 22.220447 0.699302 27.001048
v 22.263637 0.699456 26.926489
v 22.225416 0.699609 26.849265
v 22.128174 0.699673 26.814612
v 22.028874 0.699609 26.84283
v 21.985684 0.699456 26.917389
v 22.023904 0.699302 26.994613
v 22.121146 0.699238 27.029266
v 22.12466 0.706844 26.921954
v 22.12466 0.706844 26.921954
v 22.12466 0.706844 26.921954
v 22.12466 0.706844 26.921954
v 22.12466 0.706844 26.921954
v 22.12466 0.706844 26.921954
v 22.12466 0.706844 26.921954
v 22.12466 0.706844 26.921954
v 22.12466 0.706844 26.921954
v -18.25898 -1.370959 -11.09772
v -18.25898 -1.370959 -11.09772
v -18.25898 -1.370959 -11.09772
v -18.25898 -1.370959 -11.09772
v -18.25898 -1.370959 -11.09772
v -18.25898 -1.370959 -11.09772
v -18.25898 -1.370959 -11.09772
v -18.25898 -1.370959 -11.09772
v -18.25898 -1.370959 -11.09772
v -18.132764 -1.370124 -11.012864
v -18.13289 -1.368923 -11.092448
v -18.206813 -1.366025 -11.175076
v -18.31123 -1.363126 -11.212347
v -18.384976 -1.361926 -11.182427
v -18.38485 -1.363126 -11.102843
v -18.310927 -1.366025 -11.020215
v -18.206509 -1.368923 -10.982944
v -18.132764 -1.370124 -11.012864
v -18.054537 -1.359739 -10.960272
v -18.054741 -1.357797 -11.089041
v -18.174351 -1.353107 -11.222736
v -18.343302 -1.348418 -11.283042
v -18.462624 -1.346475 -11.23463
v -18.462421 -1.348418 -11.105862
v -18.34281 -1.353107 -10.972166
v -18.173859 -1.357797 -10.911861
v -18.054537 -1.359739 -10.960272
v -18.05418 -1.343772 -10.960032
v -18.054383 -1.34183 -11.0888
v -18.173993 -1.33714 -11.222496
v -18.342944 -1.332451 -11.282801
v -18.462267 -1.330508 -11.23439
v -18.462063 -1.332451 -11.105621
v -18.342453 -1.33714 -10.971926
v -18.173502 -1.34183 -10.91162
v -18.05418 -1.343772 -10.960032
v -18.131828 -1.328322 -11.012235
v -18.131954 -1.327121 -11.091819
v -18.205877 -1.324223 -11.174447
v -18.310295 -1.321324 -11.211718
v -18.38404 -1.320124 -11.181798
v -18.383914 -1.321324 -11.102214
v -18.309991 -1.324223 -11.019586
v -18.205573 -1.327121 -10.982315
v -18.131828 -1.328322 -11.012235
v -18.257824 -1.319289 -11.096942
v -18.257824 -1.319289 -11.096942
v -18.257824 -1.319289 -11.096942
v -18.257824 -1.319289 -11.096942
v -18.257824 -1.319289 -11.096942
v -18.257824 -1.319289 -11.096942
v -18.257824 -1.319289 -11.096942
v -18.257824 -1.319289 -11.096942
v -18.257824 -1.319289 -11.096942
v -13.508031 -1.332787 -10.633097
v -13.508031 -1.332787 -10.633097
v -13.508031 -1.332787 -10.633097
v -13.508031 -1.332787 -10.633097
v -13.508031 -1.332787 -10.633097
v -13.508031 -1.332787 -10.633097
v -13.508031 -1.332787 -10.633097
v -13.508031 -1.332787 -10.633097
v -13.508031 -1.332787 -10.633097
v -13.453562 -1.333215 -10.5155
v -13.394315 -1.331413 -10.584687
v -13.401614 -1.327062 -10.682087
v -13.471184 -1.322711 -10.750644
v -13.562271 -1.320909 -10.750199
v -13.621518 -1.322711 -10.681012
v -13.614219 -1.327062 -10.583612
v -13.54465 -1.331413 -10.515054
v -13.453562 -1.333215 -10.5155
v -13.41967 -1.32203 -10.442327
v -13.323806 -1.319114 -10.554274
v -13.335616 -1.312074 -10.71187
v -13.448182 -1.305034 -10.822799
v -13.595564 -1.302118 -10.822078
v -13.691428 -1.305034 -10.710131
v -13.679618 -1.312074 -10.552534
v -13.567052 -1.319114 -10.441606
v -13.41967 -1.32203 -10.442327
v -13.419299 -1.303505 -10.441527
v -13.323435 -1.300589 -10.553474
v -13.335245 -1.293549 -10.71107
v -13.447811 -1.286508 -10.821999
v -13.595194 -1.283592 -10.821278
v -13.691058 -1.286508 -10.709331
v -13.679248 -1.293549 -10.551735
v -13.566682 -1.300589 -10.440806
v -13.419299 -1.303505 -10.441527
v -13.452592 -1.284714 -10.513406
v -13.393345 -1.282912 -10.582593
v -13.400644 -1.278561 -10.679993
v -13.470214 -1.27421 -10.74855
v -13.561301 -1.272408 -10.748105
v -13.620548 -1.27421 -10.678918
v -13.613249 -1.278561 -10.581518
v -13.54368 -1.282912 -10.512961
v -13.452592 -1.284714 -10.513406
v -13.506832 -1.272836 -10.630508
v -13.506832 -1.272836 -10.630508
v -13.506832 -1.272836 -10.630508
v -13.506832 -1.272836 -10.630508
v -13.506832 -1.272836 -10.630508
v -13.506832 -1.272836 -10.630508
v -13.506832 -1.272836 -10.630508
v -13.506832 -1.272836 -10.630508
v -13.506832 -1.272836 -10.630508
v 11.293447 0.047023 20.967319
v 11.293447 0.047023 20.967319
v 11.293447 0.047023 20.967319
v 11.293447 0.047023 20.967319
v 11.293447 0.047023 20.967319
v 11.293447 0.047023 20.967319
v 11.293447 0.047023 20.967319
v 11.293447 0.047023 20.967319
v 11.293447 0.047023 20.967319
v 11.369833 0.051197 20.912758
v 11.328199 0.050953 20.901788
v 11.266194 0.050365 20.929216
v 11.220139 0.049777 20.978974
v 11.217012 0.049533 21.021915
v 11.258646 0.049777 21.032885
v 11.320652 0.050365 21.005457
v 11.366707 0.050953 20.955699
v 11.369833 0.051197 20.912758
v 11.416995 0.06046 20.879071
v 11.34963 0.060066 20.861322
v 11.249302 0.059114 20.905701
v 11.174783 0.058162 20.986211
v 11.169725 0.057768 21.055692
v 11.23709 0.058162 21.073441
v 11.337417 0.059114 21.029062
v 11.411936 0.060066 20.948552
v 11.416995 0.06046 20.879071
v 11.416917 0.071274 20.879127
v 11.349552 0.07088 20.861378
v 11.249224 0.069928 20.905756
v 11.174705 0.068976 20.986267
v 11.169647 0.068582 21.055747
v 11.237012 0.068976 21.073497
v 11.337339 0.069928 21.029118
v 11.411858 0.07088 20.948607
v 11.416917 0.071274 20.879127
v 11.369629 0.079509 20.912904
v 11.327995 0.079265 20.901934
v 11.26599 0.078677 20.929361
v 11.219935 0.078089 20.97912
v 11.216808 0.077845 21.022061
v 11.258442 0.078089 21.033031
v 11.320448 0.078677 21.005603
v 11.366503 0.079265 20.955845
v 11.369629 0.079509 20.912904
v 11.293195 0.082019 20.967499
v 11.293195 0.082019 20.967499
v 11.293195 0.082019 20.967499
v 11.293195 0.082019 20.967499
v 11.293195 0.082019 20.967499
v 11.293195 0.082019 20.967499
v 11.293195 0.082019 20.967499
v 11.293195 0.082019 20.967499
v 11.293195 0.082019 20.967499
v -11.627175 -1.168055 -3.853253
v -11.627175 -1.168055 -3.853253
v -11.627175 -1.168055 -3.853253
v -11.627175 -1.168055 -3.853253
v -11.627175 -1.168055 -3.853253
v -11.627175 -1.168055 -3.853253
v -11.627175 -1.168055 -3.853253
v -11.627175 -1.168055 -3.853253
v -11.627175 -1.168055 -3.853253
v -11.791143 -1.160471 -3.89726
v -11.755091 -1.160992 -3.839691
v -11.644073 -1.162251 -3.790057
v -11.523123 -1.16351 -3.777434
v -11.46309 -1.164031 -3.809215
v -11.499142 -1.16351 -3.866784
v -11.61016 -1.162251 -3.916418
v -11.731111 -1.160992 -3.929041
v -11.791143 -1.160471 -3.89726
v -11.892363 -1.144175 -3.924426
v -11.83403 -1.145019 -3.831277
v -11.654399 -1.147056 -3.750968
v -11.458697 -1.149093 -3.730543
v -11.361562 -1.149936 -3.781967
v -11.419896 -1.149093 -3.875115
v -11.599526 -1.147056 -3.955424
v -11.795229 -1.145019 -3.975849
v -11.892363 -1.144175 -3.924426
v -11.892173 -1.125393 -3.924375
v -11.83384 -1.126236 -3.831226
v -11.654209 -1.128273 -3.750917
v -11.458507 -1.13031 -3.730492
v -11.361372 -1.131154 -3.781915
v -11.419706 -1.13031 -3.875064
v -11.599336 -1.128273 -3.955373
v -11.795039 -1.126236 -3.975798
v -11.892173 -1.125393 -3.924375
v -11.790645 -1.111298 -3.897126
v -11.754593 -1.111819 -3.839557
v -11.643576 -1.113078 -3.789924
v -11.522625 -1.114337 -3.7773
v -11.462592 -1.114858 -3.809082
v -11.498644 -1.114337 -3.866651
v -11.609662 -1.113078 -3.916284
v -11.730613 -1.111819 -3.928908
v -11.790645 -1.111298 -3.897126
v -11.62656 -1.107274 -3.853088
v -11.62656 -1.107274 -3.853088
v -11.62656 -1.107274 -3.853088
v -11.62656 -1.107274 -3.853088
v -11.62656 -1.107274 -3.853088
v -11.62656 -1.107274 -3.853088
v -11.62656 -1.107274 -3.853088
v -11.62656 -1.107274 -3.853088
v -11.62656 -1.107274 -3.853088
v 28.685087 -0.568216 -25.84091
v 28.685087 -0.568216 -25.84091
v 28.685087 -0.568216 -25.84091
v 28.685087 -0.568216 -25.84091
v 28.685087 -0.568216 -25.84091
v 28.685087 -0.568216 -25.84091
v 28.685087 -0.568216 -25.84091
v 28.685087 -0.568216 -25.84091
v 28.685087 -0.568216 -25.84091
v 28.620701 -0.564597 -25.72278
v 28.672358 -0.564317 -25.739491
v 28.731464 -0.563642 -25.815596
v 28.763393 -0.562967 -25.906513
v 28.749443 -0.562687 -25.958984
v 28.697785 -0.562967 -25.942272
v 28.63868 -0.563642 -25.866168
v 28.60675 -0.564317 -25.775251
v 28.620701 -0.564597 -25.72278
v 28.580876 -0.553213 -25.649714
v 28.664461 -0.55276 -25.676754
v 28.760095 -0.551668 -25.799894
v 28.811758 -0.550576 -25.947
v 28.789186 -0.550123 -26.0319
v 28.705601 -0.550576 -26.00486
v 28.609967 -0.551668 -25.88172
v 28.558304 -0.55276 -25.734614
v 28.580876 -0.553213 -25.649714
v 28.580826 -0.538412 -25.649622
v 28.66441 -0.53796 -25.676662
v 28.760044 -0.536868 -25.799802
v 28.811707 -0.535775 -25.946908
v 28.789135 -0.535323 -26.031808
v 28.705551 -0.535775 -26.004768
v 28.609917 -0.536868 -25.881628
v 28.558254 -0.53796 -25.734522
v 28.580826 -0.538412 -25.649622
v 28.620569 -0.525849 -25.722538
v 28.672227 -0.525569 -25.73925
v 28.731332 -0.524894 -25.815355
v 28.763261 -0.524219 -25.906271
v 28.749311 -0.523939 -25.958742
v 28.697653 -0.524219 -25.942031
v 28.638548 -0.524894 -25.865926
v 28.606619 -0.525569 -25.775009
v 28.620569 -0.525849 -25.722538
v 28.684924 -0.52032 -25.840612
v 28.684924 -0.52032 -25.840612
v 28.684924 -0.52032 -25.840612
v 28.684924 -0.52032 -25.840612
v 28.684924 -0.52032 -25.840612
v 28.684924 -0.52032 -25.840612
v 28.684924 -0.52032 -25.840612
v 28.684924 -0.52032 -25.840612
v 28.684924 -0.52032 -25.840612
v -27.714576 -0.483705 -28.870899
v -27.714576 -0.483705 -28.870899
v -27.714576 -0.483705 -28.870899
v -27.714576 -0.483705 -28.870899
v -27.714576 -0.483705 -28.870899
v -27.714576 -0.483705 -28.870899
v -27.714576 -0.483705 -28.870899
v -27.714576 -0.483705 -28.870899
v -27.714576 -0.483705 -28.870899
v -27.819422 -0.474981 -28.859754
v -27.785546 -0.476575 -28.833682
v -27.709997 -0.480423 -28.829421
v -27.637033 -0.484272 -28.849468
v -27.609394 -0.485866 -28.882079
v -27.643271 -0.484272 -28.908152
v -27.718819 -0.480423 -28.912412
v -27.791783 -0.476575 -28.892366
v -27.819422 -0.474981 -28.859754
v -27.883884 -0.463024 -28.852902
v -27.82907 -0.465604 -28.810716
v -27.706831 -0.471831 -28.803822
v -27.588772 -0.478058 -28.836258
v -27.544052 -0.480637 -28.889025
v -27.598865 -0.478058 -28.931211
v -27.721105 -0.471831 -28.938105
v -27.839163 -0.465604 -28.905669
v -27.883884 -0.463024 -28.852902
v -27.88334 -0.452404 -28.85296
v -27.828526 -0.454983 -28.810774
v -27.706287 -0.46121 -28.80388
v -27.588228 -0.467437 -28.836316
v -27.543507 -0.470016 -28.889082
v -27.598321 -0.467437 -28.931269
v -27.72056 -0.46121 -28.938163
v -27.838619 -0.454983 -28.905727
v -27.88334 -0.452404 -28.85296
v -27.817997 -0.447175 -28.859906
v -27.784121 -0.448769 -28.833833
v -27.708572 -0.452618 -28.829572
v -27.635608 -0.456466 -28.849619
v -27.607969 -0.45806 -28.882231
v -27.641846 -0.456466 -28.908303
v -27.717394 -0.452618 -28.912564
v -27.790358 -0.448769 -28.892517
v -27.817997 -0.447175 -28.859906
v -27.712815 -0.449336 -28.871086
v -27.712815 -0.449336 -28.871086
v -27.712815 -0.449336 -28.871086
v -27.712815 -0.449336 -28.871086
v -27.712815 -0.449336 -28.871086
v -27.712815 -0.449336 -28.871086
v -27.712815 -0.449336 -28.871086
v -27.712815 -0.449336 -28.871086
v -27.712815 -0.449336 -28.871086
v -14.257284 -1.257793 -4.991849
v -14.257284 -1.257793 -4.991849
v -14.257284 -1.257793 -4.991849
v -14.257284 -1.257793 -4.991849
v -14.257284 -1.257793 -4.991849
v -14.257284 -1.257793 -4.991849
v -14.257284 -1.257793 -4.991849
v -14.257284 -1.257793 -4.991849
v -14.257284 -1.257793 -4.991849
v -14.294802 -1.247581 -4.757549
v -14.196015 -1.247201 -4.812097
v -14.133125 -1.246286 -4.971905
v -14.142972 -1.24537 -5.14336
v -14.219787 -1.244991 -5.226026
v -14.318574 -1.24537 -5.171478
v -14.381463 -1.246286 -5.01167
v -14.371617 -1.247201 -4.840215
v -14.294802 -1.247581 -4.757549
v -14.318008 -1.218255 -4.61262
v -14.158168 -1.217641 -4.70088
v -14.05641 -1.21616 -4.959455
v -14.072343 -1.214678 -5.236874
v -14.196632 -1.214065 -5.37063
v -14.356472 -1.214678 -5.28237
v -14.45823 -1.21616 -5.023796
v -14.442298 -1.217641 -4.746376
v -14.318008 -1.218255 -4.61262
v -14.31804 -1.181018 -4.612419
v -14.158201 -1.180404 -4.700679
v -14.056443 -1.178922 -4.959254
v -14.072375 -1.177441 -5.236674
v -14.196665 -1.176827 -5.37043
v -14.356504 -1.177441 -5.28217
v -14.458262 -1.178922 -5.023595
v -14.44233 -1.180404 -4.746175
v -14.31804 -1.181018 -4.612419
v -14.294886 -1.150091 -4.757024
v -14.196099 -1.149712 -4.811572
v -14.133209 -1.148796 -4.971379
v -14.143056 -1.147881 -5.142834
v -14.219871 -1.147502 -5.2255
v -14.318658 -1.147881 -5.170952
v -14.381548 -1.148796 -5.011144
v -14.371701 -1.149712 -4.83969
v -14.294886 -1.150091 -4.757024
v -14.257388 -1.137289 -4.9912
v -14.257388 -1.137289 -4.9912
v -14.257388 -1.137289 -4.9912
v -14.257388 -1.137289 -4.9912
v -14.257388 -1.137289 -4.9912
v -14.257388 -1.137289 -4.9912
v -14.257388 -1.137289 -4.9912
v -14.257388 -1.137289 -4.9912
v -14.257388 -1.137289 -4.9912
v -14.867453 -1.355145 -11.256128
v -14.867453 -1.355145 -11.256128
v -14.867453 -1.355145 -11.256128
v -14.867453 -1.355145 -11.256128
v -14.867453 -1.355145 -11.256128
v -14.867453 -1.355145 -11.256128
v -14.867453 -1.355145 -11.256128
v -14.867453 -1.355145 -11.256128
v -14.867453 -1.355145 -11.256128
v -14.773702 -1.352713 -11.184527
v -14.762765 -1.351227 -11.255616
v -14.813002 -1.347637 -11.326889
v -14.894985 -1.344048 -11.356596
v -14.960688 -1.342561 -11.327335
v -14.971625 -1.344048 -11.256246
v -14.921388 -1.347637 -11.184973
v -14.839405 -1.351227 -11.155266
v -14.773702 -1.352713 -11.184527
v -14.715246 -1.336195 -11.139882
v -14.69755 -1.33379 -11.254906
v -14.778835 -1.327982 -11.370229
v -14.911486 -1.322174 -11.418296
v -15.017797 -1.319769 -11.37095
v -15.035492 -1.322174 -11.255927
v -14.954207 -1.327982 -11.140604
v -14.821556 -1.33379 -11.092537
v -14.715246 -1.336195 -11.139882
v -14.714412 -1.3119 -11.139246
v -14.696717 -1.309495 -11.25427
v -14.778002 -1.303687 -11.369592
v -14.910653 -1.297879 -11.417659
v -15.016963 -1.295474 -11.370314
v -15.034659 -1.297879 -11.25529
v -14.953374 -1.303687 -11.139968
v -14.820723 -1.309495 -11.0919
v -14.714412 -1.3119 -11.139246
v -14.771521 -1.289108 -11.182861
v -14.760584 -1.287621 -11.25395
v -14.810821 -1.284032 -11.325223
v -14.892804 -1.280443 -11.35493
v -14.958507 -1.278956 -11.325669
v -14.969444 -1.280443 -11.254581
v -14.919207 -1.284032 -11.183307
v -14.837224 -1.287621 -11.1536
v -14.771521 -1.289108 -11.182861
v -14.864756 -1.276524 -11.254069
v -14.864756 -1.276524 -11.254069
v -14.864756 -1.276524 -11.254069
v -14.864756 -1.276524 -11.254069
v -14.864756 -1.276524 -11.254069
v -14.864756 -1.276524 -11.254069
v -14.864756 -1.276524 -11.254069
v -14.864756 -1.276524 -11.254069
v -14.864756 -1.276524 -11.254069
v -10.036211 -1.003991 -13.941431
v -10.036211 -1.003991 -13.941431
v -10.036211 -1.003991 -13.941431
v -10.036211 -1.003991 -13.941431
v -10.036211 -1.003991 -13.941431
v -10.036211 -1.003991 -13.941431
v -10.036211 -1.003991 -13.941431
v -10.036211 -1.003991 -13.941431
v -10.036211 -1.003991 -13.941431
v -10.182995 -0.984937 -14.014858
v -10.20371 -0.987536 -13.865638
v -10.126019 -0.993812 -13.760673
v -9.995432 -1.000088 -13.761449
v -9.888445 -1.002687 -13.867513
v -9.86773 -1.000088 -14.016733
v -9.945421 -0.993812 -14.121698
v -10.076008 -0.987536 -14.120921
v -10.182995 -0.984937 -14.014858
v -10.272731 -0.952802 -14.059747
v -10.306249 -0.957008 -13.818304
v -10.180542 -0.967162 -13.648467
v -9.969248 -0.977316 -13.649724
v -9.79614 -0.981522 -13.821338
v -9.762622 -0.977316 -14.062781
v -9.888328 -0.967162 -14.232618
v -10.099623 -0.957008 -14.231361
v -10.272731 -0.952802 -14.059747
v -10.271143 -0.91986 -14.058953
v -10.304661 -0.924066 -13.81751
v -10.178955 -0.93422 -13.647673
v -9.96766 -0.944374 -13.64893
v -9.794552 -0.94858 -13.820544
v -9.761034 -0.944374 -14.061987
v -9.88674 -0.93422 -14.231824
v -10.098035 -0.924066 -14.230567
v -10.271143 -0.91986 -14.058953
v -10.178838 -0.898695 -14.012778
v -10.199553 -0.901294 -13.863558
v -10.121862 -0.90757 -13.758593
v -9.991275 -0.913846 -13.75937
v -9.884288 -0.916445 -13.865433
v -9.863573 -0.913846 -14.014653
v -9.941264 -0.90757 -14.119618
v -10.071851 -0.901294 -14.118842
v -10.178838 -0.898695 -14.012778
v -10.031072 -0.89739 -13.93886
v -10.031072 -0.89739 -13.93886
v -10.031072 -0.89739 -13.93886
v -10.031072 -0.89739 -13.93886
v -10.031072 -0.89739 -13.93886
v -10.031072 -0.89739 -13.93886
v -10.031072 -0.89739 -13.93886
v -10.031072 -0.89739 -13.93886
v -10.031072 -0.89739 -13.93886
v 12.141716 1.450783 6.662316
v 12.141716 1.450783 6.662316
v 12.141716 1.450783 6.662316
v 12.141716 1.450783 6.662316
v 12.141716 1.450783 6.662316
v 12.141716 1.450783 6.662316
v 12.141716 1.450783 6.662316
v 12.141716 1.450783 6.662316
v 12.141716 1.450783 6.662316
v 12.032026 1.462419 6.595235
v 12.022897 1.46108 6.682484
v 12.083496 1.457846 6.757996
v 12.178325 1.454613 6.777536
v 12.251834 1.453274 6.729659
v 12.260962 1.454613 6.642409
v 12.200363 1.457846 6.566898
v 12.105534 1.46108 6.547357
v 12.032026 1.462419 6.595235
v 11.964661 1.483737 6.554038
v 11.949891 1.48157 6.69521
v 12.047943 1.476338 6.817391
v 12.201378 1.471106 6.849008
v 12.320318 1.468939 6.77154
v 12.335088 1.471106 6.630368
v 12.237036 1.476338 6.508187
v 12.083601 1.48157 6.47657
v 11.964661 1.483737 6.554038
v 11.965353 1.506594 6.554461
v 11.950583 1.504426 6.695633
v 12.048635 1.499195 6.817814
v 12.202071 1.493963 6.849431
v 12.32101 1.491796 6.771964
v 12.33578 1.493963 6.630791
v 12.237729 1.499195 6.508611
v 12.084293 1.504426 6.476994
v 11.965353 1.506594 6.554461
v 12.033838 1.522259 6.596343
v 12.024709 1.520919 6.683592
v 12.085308 1.517686 6.759104
v 12.180137 1.514453 6.778644
v 12.253646 1.513113 6.730767
v 12.262774 1.514453 6.643517
v 12.202175 1.517686 6.568006
v 12.107346 1.520919 6.548465
v 12.033838 1.522259 6.596343
v 12.143956 1.524749 6.663686
v 12.143956 1.524749 6.663686
v 12.143956 1.524749 6.663686
v 12.143956 1.524749 6.663686
v 12.143956 1.524749 6.663686
v 12.143956 1.524749 6.663686
v 12.143956 1.524749 6.663686
v 12.143956 1.524749 6.663686
v 12.143956 1.524749 6.663686
v 26.600063 -0.176675 -21.259836
v 26.600063 -0.176675 -21.259836
v 26.600063 -0.176675 -21.259836
v 26.600063 -0.176675 -21.259836
v 26.600063 -0.176675 -21.259836
v 26.600063 -0.176675 -21.259836
v 26.600063 -0.176675 -21.259836
v 26.600063 -0.176675 -21.259836
v 26.600063 -0.176675 -21.259836
v 26.500557 -0.167348 -21.221055
v 26.554398 -0.167999 -21.169166
v 26.63507 -0.169571 -21.170423
v 26.695316 -0.171143 -21.224088
v 26.699845 -0.171794 -21.298725
v 26.646003 -0.171143 -21.350614
v 26.565332 -0.169571 -21.349357
v 26.505086 -0.167999 -21.295692
v 26.500557 -0.167348 -21.221055
v 26.439334 -0.147375 -21.197193
v 26.52645 -0.148429 -21.113237
v 26.65698 -0.150972 -21.11527
v 26.75446 -0.153515 -21.202101
v 26.761788 -0.154569 -21.322867
v 26.674671 -0.153515 -21.406824
v 26.544142 -0.150972 -21.404791
v 26.446661 -0.148429 -21.317959
v 26.439334 -0.147375 -21.197193
v 26.439779 -0.124386 -21.197367
v 26.526896 -0.125439 -21.11341
v 26.657425 -0.127983 -21.115443
v 26.754905 -0.130526 -21.202275
v 26.762233 -0.131579 -21.323041
v 26.675116 -0.130526 -21.406998
v 26.544587 -0.127983 -21.404965
v 26.447107 -0.125439 -21.318133
v 26.439779 -0.124386 -21.197367
v 26.501722 -0.107161 -21.221509
v 26.555563 -0.107812 -21.169621
v 26.636235 -0.109384 -21.170877
v 26.696481 -0.110956 -21.224542
v 26.70101 -0.111607 -21.29918
v 26.647169 -0.110956 -21.351068
v 26.566497 -0.109384 -21.349811
v 26.506251 -0.107812 -21.296146
v 26.501722 -0.107161 -21.221509
v 26.601504 -0.10228 -21.260398
v 26.601504 -0.10228 -21.260398
v 26.601504 -0.10228 -21.260398
v 26.601504 -0.10228 -21.260398
v 26.601504 -0.10228 -21.260398
v 26.601504 -0.10228 -21.260398
v 26.601504 -0.10228 -21.260398
v 26.601504 -0.10228 -21.260398
v 26.601504 -0.10228 -21.260398
v -20.235595 -1.23057 -9.255796
v -20.235595 -1.23057 -9.255796
v -20.235595 -1.23057 -9.255796
v -20.235595 -1.23057 -9.255796
v -20.235595 -1.23057 -9.255796
v -20.235595 -1.23057 -9.255796
v -20.235595 -1.23057 -9.255796
v -20.235595 -1.23057 -9.255796
v -20.235595 -1.23057 -9.255796
v -20.051734 -1.211897 -9.34359
v -20.162102 -1.213801 -9.43597
v -20.315726 -1.218398 -9.422709
v -20.422615 -1.222995 -9.311575
v -20.420155 -1.224899 -9.167668
v -20.309788 -1.222995 -9.075289
v -20.156164 -1.218398 -9.08855
v -20.049275 -1.213801 -9.199684
v -20.051734 -1.211897 -9.34359
v -19.938802 -1.176012 -9.397516
v -20.11738 -1.179093 -9.54699
v -20.365949 -1.186531 -9.525532
v -20.538899 -1.193969 -9.345713
v -20.534919 -1.19705 -9.112868
v -20.356341 -1.193969 -8.963395
v -20.107772 -1.186531 -8.984852
v -19.934822 -1.179093 -9.164671
v -19.938802 -1.176012 -9.397516
v -19.939934 -1.136622 -9.396975
v -20.118512 -1.139703 -9.546449
v -20.367081 -1.147141 -9.524992
v -20.540031 -1.154579 -9.345173
v -20.536051 -1.157659 -9.112328
v -20.357473 -1.154579 -8.962854
v -20.108904 -1.147141 -8.984311
v -19.935954 -1.139703 -9.16413
v -19.939934 -1.136622 -9.396975
v -20.054698 -1.108773 -9.342175
v -20.165066 -1.110677 -9.434555
v -20.318689 -1.115274 -9.421294
v -20.425578 -1.11987 -9.310159
v -20.423119 -1.121774 -9.166253
v -20.312751 -1.11987 -9.073873
v -20.159128 -1.115274 -9.087135
v -20.052238 -1.110677 -9.198269
v -20.054698 -1.108773 -9.342175
v -20.239258 -1.103101 -9.254047
v -20.239258 -1.103101 -9.254047
v -20.239258 -1.103101 -9.254047
v -20.239258 -1.103101 -9.254047
v -20.239258 -1.103101 -9.254047
v -20.239258 -1.103101 -9.254047
v -20.239258 -1.103101 -9.254047
v -20.239258 -1.103101 -9.254047
v -20.239258 -1.103101 -9.254047
v -22.242106 -1.256023 -10.302561
v -22.242106 -1.256023 -10.302561
v -22.242106 -1.256023 -10.302561
v -22.242106 -1.256023 -10.302561
v -22.242106 -1.256023 -10.302561
v -22.242106 -1.256023 -10.302561
v -22.242106 -1.256023 -10.302561
v -22.242106 -1.256023 -10.302561
v -22.242106 -1.256023 -10.302561
v -22.43711 -1.247901 -10.245256
v -22.363102 -1.248361 -10.204609
v -22.218188 -1.24947 -10.221349
v -22.087257 -1.25058 -10.285671
v -22.047006 -1.251039 -10.359895
v -22.121014 -1.25058 -10.400542
v -22.265928 -1.24947 -10.383802
v -22.396859 -1.248361 -10.31948
v -22.43711 -1.247901 -10.245256
v -22.557532 -1.229774 -10.209869
v -22.437785 -1.230518 -10.1441
v -22.203309 -1.232313 -10.171186
v -21.991457 -1.234108 -10.27526
v -21.92633 -1.234852 -10.395357
v -22.046077 -1.234108 -10.461126
v -22.280553 -1.232313 -10.43404
v -22.492404 -1.230518 -10.329966
v -22.557532 -1.229774 -10.209869
v -22.557375 -1.208567 -10.209915
v -22.437628 -1.209311 -10.144146
v -22.203152 -1.211106 -10.171232
v -21.9913 -1.212901 -10.275306
v -21.926173 -1.213645 -10.395403
v -22.04592 -1.212901 -10.461172
v -22.280396 -1.211106 -10.434086
v -22.492247 -1.209311 -10.330012
v -22.557375 -1.208567 -10.209915
v -22.436699 -1.19238 -10.245377
v -22.362691 -1.192839 -10.20473
v -22.217777 -1.193949 -10.22147
v -22.086846 -1.195058 -10.285791
v -22.046595 -1.195518 -10.360016
v -22.120602 -1.195058 -10.400663
v -22.265516 -1.193949 -10.383923
v -22.396448 -1.192839 -10.319601
v -22.436699 -1.19238 -10.245377
v -22.241598 -1.187395 -10.302711
v -22.241598 -1.187395 -10.302711
v -22.241598 -1.187395 -10.302711
v -22.241598 -1.187395 -10.302711
v -22.241598 -1.187395 -10.302711
v -22.241598 -1.187395 -10.302711
v -22.241598 -1.187395 -10.302711
v -22.241598 -1.187395 -10.302711
v -22.241598 -1.187395 -10.302711
v 1.373345 0.463885 -25.524837
v 1.373345 0.463885 -25.524837
v 1.373345 0.463885 -25.524837
v 1.373345 0.463885 -25.524837
v 1.373345 0.463885 -25.524837
v 1.373345 0.463885 -25.524837
v 1.373345 0.463885 -25.524837
v 1.373345 0.463885 -25.524837
v 1.373345 0.463885 -25.524837
v 1.427379 0.472417 -25.458979
v 1.433094 0.470964 -25.496021
v 1.403732 0.467457 -25.550037
v 1.356492 0.46395 -25.589386
v 1.319047 0.462498 -25.591017
v 1.313332 0.46395 -25.553975
v 1.342694 0.467457 -25.499958
v 1.389934 0.470964 -25.46061
v 1.427379 0.472417 -25.458979
v 1.460511 0.484833 -25.418596
v 1.469759 0.482483 -25.478532
v 1.422249 0.476808 -25.565932
v 1.345814 0.471134 -25.6296
v 1.285227 0.468783 -25.632239
v 1.275979 0.471134 -25.572303
v 1.323488 0.476808 -25.484903
v 1.399924 0.482483 -25.421235
v 1.460511 0.484833 -25.418596
v 1.460085 0.496392 -25.419115
v 1.469333 0.494041 -25.479051
v 1.421823 0.488367 -25.566451
v 1.345388 0.482693 -25.630119
v 1.284801 0.480342 -25.632757
v 1.275553 0.482693 -25.572822
v 1.323063 0.488367 -25.485422
v 1.399498 0.494041 -25.421754
v 1.460085 0.496392 -25.419115
v 1.426264 0.502678 -25.460337
v 1.43198 0.501225 -25.497379
v 1.402617 0.497718 -25.551396
v 1.355378 0.494211 -25.590744
v 1.317933 0.492758 -25.592375
v 1.312217 0.494211 -25.555333
v 1.34158 0.497718 -25.501317
v 1.38882 0.501225 -25.461968
v 1.426264 0.502678 -25.460337
v 1.371967 0.50129 -25.526517
v 1.371967 0.50129 -25.526517
v 1.371967 0.50129 -25.526517
v 1.371967 0.50129 -25.526517
v 1.371967 0.50129 -25.526517
v 1.371967 0.50129 -25.526517
v 1.371967 0.50129 -25.526517
v 1.371967 0.50129 -25.526517
v 1.371967 0.50129 -25.526517
v -10.539902 -1.120793 -13.064403
v -10.539902 -1.120793 -13.064403
v -10.539902 -1.120793 -13.064403
v -10.539902 -1.120793 -13.064403
v -10.539902 -1.120793 -13.064403
v -10.539902 -1.120793 -13.064403
v -10.539902 -1.120793 -13.064403
v -10.539902 -1.120793 -13.064403
v -10.539902 -1.120793 -13.064403
v -10.457745 -1.116766 -13.091848
v -10.497752 -1.116658 -13.131555
v -10.56244 -1.116399 -13.131929
v -10.613915 -1.11614 -13.09275
v -10.622024 -1.116032 -13.03697
v -10.582017 -1.11614 -12.997263
v -10.517329 -1.116399 -12.99689
v -10.465854 -1.116658 -13.036068
v -10.457745 -1.116766 -13.091848
v -10.406934 -1.105488 -13.108822
v -10.471667 -1.105314 -13.173069
v -10.576334 -1.104895 -13.173673
v -10.659622 -1.104475 -13.110281
v -10.672742 -1.104301 -13.020027
v -10.60801 -1.104475 -12.95578
v -10.503343 -1.104895 -12.955176
v -10.420055 -1.105314 -13.018568
v -10.406934 -1.105488 -13.108822
v -10.406877 -1.091268 -13.108841
v -10.47161 -1.091094 -13.173088
v -10.576276 -1.090675 -13.173692
v -10.659565 -1.090255 -13.1103
v -10.672685 -1.090081 -13.020046
v -10.607953 -1.090255 -12.955799
v -10.503286 -1.090675 -12.955195
v -10.419998 -1.091094 -13.018587
v -10.406877 -1.091268 -13.108841
v -10.457596 -1.079537 -13.091898
v -10.497603 -1.079429 -13.131605
v -10.56229 -1.07917 -13.131979
v -10.613765 -1.078911 -13.0928
v -10.621874 -1.078804 -13.03702
v -10.581867 -1.078911 -12.997313
v -10.51718 -1.07917 -12.99694
v -10.465705 -1.079429 -13.036118
v -10.457596 -1.079537 -13.091898
v -10.539717 -1.074776 -13.064465
v -10.539717 -1.074776 -13.064465
v -10.539717 -1.074776 -13.064465
v -10.539717 -1.074776 -13.064465
v -10.539717 -1.074776 -13.064465
v -10.539717 -1.074776 -13.064465
v -10.539717 -1.074776 -13.064465
v -10.539717 -1.074776 -13.064465
v -10.539717 -1.074776 -13.064465
v -9.782654 -1.130459 -4.896298
v -9.782654 -1.130459 -4.896298
v -9.782654 -1.130459 -4.896298
v -9.782654 -1.130459 -4.896298
v -9.782654 -1.130459 -4.896298
v -9.782654 -1.130459 -4.896298
v -9.782654 -1.130459 -4.896298
v -9.782654 -1.130459 -4.896298
v -9.782654 -1.130459 -4.896298
v -9.747864 -1.131234 -5.01418
v -9.817877 -1.129428 -4.997391
v -9.867212 -1.125068 -4.921535
v -9.866969 -1.120709 -4.831048
v -9.81729 -1.118903 -4.778936
v -9.747276 -1.120709 -4.795724
v -9.697941 -1.125068 -4.87158
v -9.698185 -1.129428 -4.962067
v -9.747864 -1.131234 -5.01418
v -9.726209 -1.12093 -5.087555
v -9.839493 -1.118009 -5.06039
v -9.919319 -1.110955 -4.937653
v -9.918925 -1.103901 -4.791242
v -9.838543 -1.100979 -4.706922
v -9.725259 -1.103901 -4.734086
v -9.645433 -1.110955 -4.856823
v -9.645827 -1.118009 -5.003234
v -9.726209 -1.12093 -5.087555
v -9.725961 -1.103485 -5.088396
v -9.839245 -1.100564 -5.061231
v -9.919071 -1.09351 -4.938494
v -9.918677 -1.086456 -4.792083
v -9.838295 -1.083534 -4.707763
v -9.72501 -1.086456 -4.734927
v -9.645185 -1.09351 -4.857664
v -9.645579 -1.100564 -5.004076
v -9.725961 -1.103485 -5.088396
v -9.747214 -1.085562 -5.016382
v -9.817227 -1.083756 -4.999593
v -9.866562 -1.079396 -4.923738
v -9.866319 -1.075037 -4.83325
v -9.81664 -1.073231 -4.781138
v -9.746626 -1.075037 -4.797926
v -9.697292 -1.079396 -4.873782
v -9.697535 -1.083756 -4.964269
v -9.747214 -1.085562 -5.016382
v -9.78185 -1.074006 -4.89902
v -9.78185 -1.074006 -4.89902
v -9.78185 -1.074006 -4.89902
v -9.78185 -1.074006 -4.89902
v -9.78185 -1.074006 -4.89902
v -9.78185 -1.074006 -4.89902
v -9.78185 -1.074006 -4.89902
v -9.78185 -1.074006 -4.89902
v -9.78185 -1.074006 -4.89902
v 21.885281 0.641726 28.634565
v 21.885281 0.641726 28.634565
v 21.885281 0.641726 28.634565
v 21.885281 0.641726 28.634565
v 21.885281 0.641726 28.634565
v 21.885281 0.641726 28.634565
v 21.885281 0.641726 28.634565
v 21.885281 0.641726 28.634565
v 21.885281 0.641726 28.634565
v 21.855735 0.646168 28.578168
v 21.832828 0.645868 28.61124
v 21.840662 0.645146 28.658003
v 21.874649 0.644423 28.691065
v 21.914879 0.644123 28.691059
v 21.937786 0.644423 28.657987
v 21.929952 0.645146 28.611224
v 21.895965 0.645868 28.578162
v 21.855735 0.646168 28.578168
v 21.837525 0.655751 28.543411
v 21.800461 0.655267 28.596921
v 21.813137 0.654097 28.672586
v 21.868129 0.652928 28.726081
v 21.933222 0.652443 28.726071
v 21.970287 0.652928 28.67256
v 21.95761 0.654097 28.596895
v 21.902618 0.655267 28.5434
v 21.837525 0.655751 28.543411
v 21.837607 0.666816 28.543568
v 21.800543 0.666332 28.597078
v 21.813219 0.665162 28.672743
v 21.868211 0.663993 28.726239
v 21.933305 0.663508 28.726228
v 21.970369 0.663993 28.672717
v 21.957692 0.665162 28.597053
v 21.902701 0.666332 28.543557
v 21.837607 0.666816 28.543568
v 21.855951 0.675136 28.57858
v 21.833043 0.674837 28.611651
v 21.840878 0.674114 28.658415
v 21.874865 0.673391 28.691477
v 21.915095 0.673092 28.69147
v 21.938002 0.673391 28.658399
v 21.930167 0.674114 28.611635
v 21.89618 0.674837 28.578573
v 21.855951 0.675136 28.57858
v 21.885548 0.677533 28.635074
v 21.885548 0.677533 28.635074
v 21.885548 0.677533 28.635074
v 21.885548 0.677533 28.635074
v 21.885548 0.677533 28.635074
v 21.885548 0.677533 28.635074
v 21.885548 0.677533 28.635074
v 21.885548 0.677533 28.635074
v 21.885548 0.677533 28.635074
v -16.666574 -1.290693 -13.880601
v -16.666574 -1.290693 -13.880601
v -16.666574 -1.290693 -13.880601
v -16.666574 -1.290693 -13.880601
v -16.666574 -1.290693 -13.880601
v -16.666574 -1.290693 -13.880601
v -16.666574 -1.290693 -13.880601
v -16.666574 -1.290693 -13.880601
v -16.666574 -1.290693 -13.880601
v -16.65974 -1.283989 -13.951498
v -16.728014 -1.284581 -13.937082
v -16.760304 -1.286012 -13.889502
v -16.737696 -1.287443 -13.836631
v -16.673433 -1.288036 -13.809439
v -16.60516 -1.287443 -13.823855
v -16.572869 -1.286012 -13.871435
v -16.595477 -1.284581 -13.924306
v -16.65974 -1.283989 -13.951498
v -16.655542 -1.270483 -13.995051
v -16.766011 -1.271442 -13.971724
v -16.818258 -1.273757 -13.894739
v -16.781678 -1.276072 -13.809191
v -16.677698 -1.277031 -13.765194
v -16.567229 -1.276072 -13.788521
v -16.514982 -1.273757 -13.865506
v -16.551562 -1.271442 -13.951054
v -16.655542 -1.270483 -13.995051
v -16.655583 -1.255334 -13.994623
v -16.766052 -1.256293 -13.971297
v -16.818299 -1.258608 -13.894311
v -16.781719 -1.260923 -13.808764
v -16.677739 -1.261882 -13.764767
v -16.56727 -1.260923 -13.788093
v -16.515023 -1.258608 -13.865079
v -16.551604 -1.256293 -13.950626
v -16.655583 -1.255334 -13.994623
v -16.659848 -1.244329 -13.950379
v -16.728122 -1.244922 -13.935962
v -16.760412 -1.246353 -13.888383
v -16.737804 -1.247784 -13.835511
v -16.673541 -1.248376 -13.80832
v -16.605268 -1.247784 -13.822736
v -16.572977 -1.246353 -13.870316
v -16.595585 -1.244922 -13.923187
v -16.659848 -1.244329 -13.950379
v -16.666707 -1.241672 -13.879217
v -16.666707 -1.241672 -13.879217
v -16.666707 -1.241672 -13.879217
v -16.666707 -1.241672 -13.879217
v -16.666707 -1.241672 -13.879217
v -16.666707 -1.241672 -13.879217
v -16.666707 -1.241672 -13.879217
v -16.666707 -1.241672 -13.879217
v -16.666707 -1.241672 -13.879217
v -19.352843 0.656363 12.146503
v -19.352843 0.656363 12.146503
v -19.352843 0.656363 12.146503
v -19.352843 0.656363 12.146503
v -19.352843 0.656363 12.146503
v -19.352843 0.656363 12.146503
v -19.352843 0.656363 12.146503
v -19.352843 0.656363 12.146503
v -19.352843 0.656363 12.146503
v -19.522014 0.672679 12.074156
v -19.503497 0.6701 12.168176
v -19.396537 0.663874 12.249584
v -19.263788 0.657649 12.270691
v -19.183014 0.65507 12.219133
v -19.20153 0.657649 12.125113
v -19.30849 0.663874 12.043705
v -19.441239 0.6701 12.022598
v -19.522014 0.672679 12.074156
v -19.625907 0.697785 12.029725
v -19.595947 0.693613 12.181853
v -19.422881 0.683539 12.313573
v -19.208089 0.673466 12.347725
v -19.077393 0.669293 12.264303
v -19.107353 0.673466 12.112174
v -19.280419 0.683539 11.980454
v -19.495211 0.693613 11.946303
v -19.625907 0.697785 12.029725
v -19.624839 0.722092 12.030181
v -19.594879 0.717919 12.18231
v -19.421814 0.707846 12.31403
v -19.207022 0.697772 12.348181
v -19.076326 0.6936 12.264759
v -19.106286 0.697772 12.112631
v -19.279352 0.707846 11.980911
v -19.494144 0.717919 11.946759
v -19.624839 0.722092 12.030181
v -19.519219 0.736315 12.075351
v -19.500703 0.733736 12.169372
v -19.393742 0.727511 12.250779
v -19.260994 0.721285 12.271886
v -19.180219 0.718706 12.220328
v -19.198735 0.721285 12.126308
v -19.305696 0.727511 12.0449
v -19.438445 0.733736 12.023793
v -19.519219 0.736315 12.075351
v -19.349389 0.735022 12.147981
v -19.349389 0.735022 12.147981
v -19.349389 0.735022 12.147981
v -19.349389 0.735022 12.147981
v -19.349389 0.735022 12.147981
v -19.349389 0.735022 12.147981
v -19.349389 0.735022 12.147981
v -19.349389 0.735022 12.147981
v -19.349389 0.735022 12.147981
v 26.276752 0.810457 29.378834
v 26.276752 0.810457 29.378834
v 26.276752 0.810457 29.378834
v 26.276752 0.810457 29.378834
v 26.276752 0.810457 29.378834
v 26.276752 0.810457 29.378834
v 26.276752 0.810457 29.378834
v 26.276752 0.810457 29.378834
v 26.276752 0.810457 29.378834
v 26.417173 0.817673 29.364175
v 26.371246 0.817227 29.322671
v 26.269929 0.81615 29.314071
v 26.172573 0.815073 29.343412
v 26.136208 0.814627 29.393506
v 26.182136 0.815073 29.43501
v 26.283452 0.81615 29.44361
v 26.380808 0.817227 29.414269
v 26.417173 0.817673 29.364175
v 26.503836 0.833518 29.355127
v 26.429524 0.832797 29.287973
v 26.26559 0.831054 29.274057
v 26.108065 0.829312 29.321532
v 26.049226 0.82859 29.402587
v 26.123538 0.829312 29.469741
v 26.287472 0.831054 29.483657
v 26.444996 0.832797 29.436182
v 26.503836 0.833518 29.355127
v 26.503639 0.851941 29.355148
v 26.429326 0.851219 29.287994
v 26.265393 0.849477 29.274078
v 26.107868 0.847734 29.321553
v 26.049028 0.847013 29.402608
v 26.12334 0.847734 29.469762
v 26.287274 0.849477 29.483678
v 26.444799 0.851219 29.436203
v 26.503639 0.851941 29.355148
v 26.416656 0.865904 29.364229
v 26.370728 0.865458 29.322725
v 26.269412 0.864381 29.314125
v 26.172056 0.863304 29.343466
v 26.135691 0.862858 29.39356
v 26.181619 0.863304 29.435064
v 26.282935 0.864381 29.443664
v 26.380291 0.865458 29.414323
v 26.416656 0.865904 29.364229
v 26.276112 0.870074 29.378901
v 26.276112 0.870074 29.378901
v 26.276112 0.870074 29.378901
v 26.276112 0.870074 29.378901
v 26.276112 0.870074 29.378901
v 26.276112 0.870074 29.378901
v 26.276112 0.870074 29.378901
v 26.276112 0.870074 29.378901
v 26.276112 0.870074 29.378901
v -11.684248 -1.157691 -3.525859
v -11.684248 -1.157691 -3.525859
v -11.684248 -1.157691 -3.525859
v -11.684248 -1.157691 -3.525859
v -11.684248 -1.157691 -3.525859
v -11.684248 -1.157691 -3.525859
v -11.684248 -1.157691 -3.525859
v -11.684248 -1.157691 -3.525859
v -11.684248 -1.157691 -3.525859
v -11.815003 -1.154682 -3.49639
v -11.757437 -1.153774 -3.41934
v -11.657079 -1.151581 -3.404669
v -11.572717 -1.149388 -3.460972
v -11.553769 -1.14848 -3.555266
v -11.611334 -1.149388 -3.632316
v -11.711692 -1.151581 -3.646987
v -11.796054 -1.153774 -3.590684
v -11.815003 -1.154682 -3.49639
v -11.89609 -1.140602 -3.478115
v -11.802947 -1.139132 -3.353445
v -11.640564 -1.135584 -3.329707
v -11.504064 -1.132036 -3.420807
v -11.473405 -1.130566 -3.573379
v -11.566548 -1.132036 -3.698048
v -11.72893 -1.135584 -3.721786
v -11.865431 -1.139132 -3.630686
v -11.89609 -1.140602 -3.478115
v -11.896537 -1.120828 -3.478014
v -11.803394 -1.119359 -3.353344
v -11.641011 -1.11581 -3.329607
v -11.50451 -1.112262 -3.420706
v -11.473852 -1.110792 -3.573278
v -11.566994 -1.112262 -3.697947
v -11.729377 -1.11581 -3.721685
v -11.865878 -1.119359 -3.630586
v -11.896537 -1.120828 -3.478014
v -11.816172 -1.102914 -3.496126
v -11.758607 -1.102006 -3.419076
v -11.658249 -1.099813 -3.404406
v -11.573887 -1.09762 -3.460708
v -11.554939 -1.096712 -3.555003
v -11.612504 -1.09762 -3.632053
v -11.712862 -1.099813 -3.646723
v -11.797224 -1.102006 -3.590421
v -11.816172 -1.102914 -3.496126
v -11.685694 -1.093703 -3.525533
v -11.685694 -1.093703 -3.525533
v -11.685694 -1.093703 -3.525533
v -11.685694 -1.093703 -3.525533
v -11.685694 -1.093703 -3.525533
v -11.685694 -1.093703 -3.525533
v -11.685694 -1.093703 -3.525533
v -11.685694 -1.093703 -3.525533
v -11.685694 -1.093703 -3.525533
v -22.364125 -1.04944 -6.366753
v -22.364125 -1.04944 -6.366753
v -22.364125 -1.04944 -6.366753
v -22.364125 -1.04944 -6.366753
v -22.364125 -1.04944 -6.366753
v -22.364125 -1.04944 -6.366753
v -22.364125 -1.04944 -6.366753
v -22.364125 -1.04944 -6.366753
v -22.364125 -1.04944 -6.366753
v -22.155235 -1.038563 -6.249474
v -22.167462 -1.039525 -6.371083
v -22.294945 -1.041849 -6.490185
v -22.463005 -1.044173 -6.537013
v -22.573196 -1.045136 -6.484135
v -22.560969 -1.044173 -6.362526
v -22.433487 -1.041849 -6.243423
v -22.265426 -1.039525 -6.196596
v -22.155235 -1.038563 -6.249474
v -22.026316 -1.016658 -6.177093
v -22.046099 -1.018216 -6.37386
v -22.252371 -1.021976 -6.566572
v -22.524298 -1.025736 -6.642341
v -22.702591 -1.027293 -6.556782
v -22.682807 -1.025736 -6.360015
v -22.476536 -1.021976 -6.167303
v -22.204608 -1.018216 -6.091535
v -22.026316 -1.016658 -6.177093
v -22.026609 -0.992094 -6.177258
v -22.046393 -0.993651 -6.374025
v -22.252664 -0.997411 -6.566737
v -22.524592 -1.001171 -6.642506
v -22.702885 -1.002729 -6.556947
v -22.683101 -1.001171 -6.36018
v -22.47683 -0.997411 -6.167468
v -22.204902 -0.993651 -6.0917
v -22.026609 -0.992094 -6.177258
v -22.156004 -0.974251 -6.249906
v -22.168231 -0.975214 -6.371515
v -22.295714 -0.977538 -6.490617
v -22.463774 -0.979861 -6.537444
v -22.573965 -0.980824 -6.484566
v -22.561738 -0.979861 -6.362958
v -22.434256 -0.977538 -6.243855
v -22.266195 -0.975214 -6.197028
v -22.156004 -0.974251 -6.249906
v -22.365075 -0.969947 -6.367287
v -22.365075 -0.969947 -6.367287
v -22.365075 -0.969947 -6.367287
v -22.365075 -0.969947 -6.367287
v -22.365075 -0.969947 -6.367287
v -22.365075 -0.969947 -6.367287
v -22.365075 -0.969947 -6.367287
v -22.365075 -0.969947 -6.367287
v -22.365075 -0.969947 -6.367287
v -21.698816 -1.096758 -6.676907
v -21.698816 -1.096758 -6.676907
v -21.698816 -1.096758 -6.676907
v -21.698816 -1.096758 -6.676907
v -21.698816 -1.096758 -6.676907
v -21.698816 -1.096758 -6.676907
v -21.698816 -1.096758 -6.676907
v -21.698816 -1.096758 -6.676907
v -21.698816 -1.096758 -6.676907
v -21.781687 -1.095869 -6.769337
v -21.808355 -1.094493 -6.696677
v -21.770939 -1.091171 -6.612528
v -21.691357 -1.087848 -6.566184
v -21.616228 -1.086472 -6.584793
v -21.589561 -1.087848 -6.657453
v -21.626977 -1.091171 -6.741602
v -21.706558 -1.094493 -6.787946
v -21.781687 -1.095869 -6.769337
v -21.833187 -1.084147 -6.826777
v -21.876336 -1.08192 -6.70921
v -21.815796 -1.076544 -6.573055
v -21.68703 -1.071169 -6.498069
v -21.565469 -1.068942 -6.528179
v -21.52232 -1.071169 -6.645746
v -21.58286 -1.076544 -6.781901
v -21.711626 -1.08192 -6.856887
v -21.833187 -1.084147 -6.826777
v -21.833645 -1.066068 -6.827288
v -21.876793 -1.063841 -6.709721
v -21.816253 -1.058465 -6.573565
v -21.687488 -1.05309 -6.49858
v -21.565926 -1.050863 -6.528689
v -21.522778 -1.05309 -6.646256
v -21.583318 -1.058465 -6.782411
v -21.712083 -1.063841 -6.857397
v -21.833645 -1.066068 -6.827288
v -21.782885 -1.048538 -6.770673
v -21.809553 -1.047162 -6.698013
v -21.772137 -1.043839 -6.613864
v -21.692555 -1.040517 -6.567521
v -21.617426 -1.03914 -6.586129
v -21.590759 -1.040517 -6.65879
v -21.628175 -1.043839 -6.742938
v -21.707756 -1.047162 -6.789282
v -21.782885 -1.048538 -6.770673
v -21.700297 -1.038252 -6.678559
v -21.700297 -1.038252 -6.678559
v -21.700297 -1.038252 -6.678559
v -21.700297 -1.038252 -6.678559
v -21.700297 -1.038252 -6.678559
v -21.700297 -1.038252 -6.678559
v -21.700297 -1.038252 -6.678559
v -21.700297 -1.038252 -6.678559
v -21.700297 -1.038252 -6.678559
v -14.177644 -0.816253 -21.234493
v -14.177644 -0.816253 -21.234493
v -14.177644 -0.816253 -21.234493
v -14.177644 -0.816253 -21.234493
v -14.177644 -0.816253 -21.234493
v -14.177644 -0.816253 -21.234493
v -14.177644 -0.816253 -21.234493
v -14.177644 -0.816253 -21.234493
v -14.177644 -0.816253 -21.234493
v -14.18241 -0.810648 -21.289513
v -14.225737 -0.811274 -21.269484
v -14.240884 -0.812787 -21.22888
v -14.21898 -0.8143 -21.191486
v -14.172855 -0.814927 -21.179206
v -14.129529 -0.8143 -21.199234
v -14.114381 -0.812787 -21.239838
v -14.136285 -0.811274 -21.277233
v -14.18241 -0.810648 -21.289513
v -14.185332 -0.800252 -21.32325
v -14.255436 -0.801265 -21.290844
v -14.279946 -0.803713 -21.225145
v -14.244504 -0.806161 -21.164639
v -14.169872 -0.807175 -21.14477
v -14.099768 -0.806161 -21.177176
v -14.075259 -0.803713 -21.242875
v -14.1107 -0.801265 -21.303381
v -14.185332 -0.800252 -21.32325
v -14.185295 -0.789036 -21.322818
v -14.255399 -0.79005 -21.290412
v -14.279909 -0.792497 -21.224713
v -14.244467 -0.794945 -21.164207
v -14.169835 -0.795959 -21.144338
v -14.099731 -0.794945 -21.176744
v -14.075221 -0.792497 -21.242443
v -14.110663 -0.79005 -21.302949
v -14.185295 -0.789036 -21.322818
v -14.182312 -0.781284 -21.288382
v -14.225639 -0.781911 -21.268354
v -14.240787 -0.783424 -21.22775
v -14.218882 -0.784936 -21.190355
v -14.172757 -0.785563 -21.178075
v -14.129431 -0.784936 -21.198103
v -14.114283 -0.783424 -21.238708
v -14.136187 -0.781911 -21.276102
v -14.182312 -0.781284 -21.288382
v -14.177523 -0.779958 -21.233095
v -14.177523 -0.779958 -21.233095
v -14.177523 -0.779958 -21.233095
v -14.177523 -0.779958 -21.233095
v -14.177523 -0.779958 -21.233095
v -14.177523 -0.779958 -21.233095
v -14.177523 -0.779958 -21.233095
v -14.177523 -0.779958 -21.233095
v -14.177523 -0.779958 -21.233095
v -12.50458 -0.732144 -21.743587
v -12.50458 -0.732144 -21.743587
v -12.50458 -0.732144 -21.743587
v -12.50458 -0.732144 -21.743587
v -12.50458 -0.732144 -21.743587
v -12.50458 -0.732144 -21.743587
v -12.50458 -0.732144 -21.743587
v -12.50458 -0.732144 -21.743587
v -12.50458 -0.732144 -21.743587
v -12.354754 -0.726789 -21.855787
v -12.438585 -0.726643 -21.876277
v -12.561068 -0.726288 -21.819044
v -12.650453 -0.725933 -21.717616
v -12.65438 -0.725786 -21.631406
v -12.570549 -0.725933 -21.610916
v -12.448067 -0.726288 -21.668149
v -12.358682 -0.726643 -21.769578
v -12.354754 -0.726789 -21.855787
v -12.262132 -0.711768 -21.925149
v -12.397773 -0.71153 -21.958302
v -12.595954 -0.710956 -21.865698
v -12.740582 -0.710382 -21.701583
v -12.746936 -0.710145 -21.562093
v -12.611295 -0.710382 -21.52894
v -12.413114 -0.710956 -21.621544
v -12.268486 -0.71153 -21.785659
v -12.262132 -0.711768 -21.925149
v -12.262091 -0.692817 -21.92518
v -12.397733 -0.692579 -21.958333
v -12.595913 -0.692005 -21.865728
v -12.740541 -0.691431 -21.701613
v -12.746896 -0.691193 -21.562124
v -12.611254 -0.691431 -21.528971
v -12.413074 -0.692005 -21.621575
v -12.268446 -0.692579 -21.78569
v -12.262091 -0.692817 -21.92518
v -12.354648 -0.677175 -21.855867
v -12.438479 -0.677028 -21.876356
v -12.560961 -0.676673 -21.819124
v -12.650346 -0.676319 -21.717695
v -12.654273 -0.676172 -21.631486
v -12.570442 -0.676319 -21.610996
v -12.44796 -0.676673 -21.668229
v -12.358575 -0.677028 -21.769657
v -12.354648 -0.677175 -21.855867
v -12.504448 -0.670817 -21.743686
v -12.504448 -0.670817 -21.743686
v -12.504448 -0.670817 -21.743686
v -12.504448 -0.670817 -21.743686
v -12.504448 -0.670817 -21.743686
v -12.504448 -0.670817 -21.743686
v -12.504448 -0.670817 -21.743686
v -12.504448 -0.670817 -21.743686
v -12.504448 -0.670817 -21.743686
v -20.571122 -1.200483 -8.676007
v -20.571122 -1.200483 -8.676007
v -20.571122 -1.200483 -8.676007
v -20.571122 -1.200483 -8.676007
v -20.571122 -1.200483 -8.676007
v -20.571122 -1.200483 -8.676007
v -20.571122 -1.200483 -8.676007
v -20.571122 -1.200483 -8.676007
v -20.571122 -1.200483 -8.676007
v -20.78133 -1.199421 -8.809127
v -20.78714 -1.197216 -8.663883
v -20.666538 -1.191892 -8.525822
v -20.490172 -1.186568 -8.475819
v -20.361353 -1.184363 -8.543165
v -20.355543 -1.186568 -8.688409
v -20.476145 -1.191892 -8.826469
v -20.652512 -1.197216 -8.876473
v -20.78133 -1.199421 -8.809127
v -20.911686 -1.181583 -8.891679
v -20.921087 -1.178015 -8.656669
v -20.725949 -1.169401 -8.433282
v -20.440581 -1.160787 -8.352375
v -20.232149 -1.157219 -8.461342
v -20.222748 -1.160787 -8.696352
v -20.417886 -1.169401 -8.919739
v -20.703253 -1.178015 -9.000646
v -20.911686 -1.181583 -8.891679
v -20.912397 -1.153783 -8.892129
v -20.921798 -1.150214 -8.657119
v -20.72666 -1.1416 -8.433732
v -20.441293 -1.132986 -8.352826
v -20.23286 -1.129418 -8.461793
v -20.223459 -1.132986 -8.696802
v -20.418597 -1.1416 -8.920189
v -20.703965 -1.150214 -9.001096
v -20.912397 -1.153783 -8.892129
v -20.783193 -1.126638 -8.810307
v -20.789003 -1.124433 -8.665063
v -20.668401 -1.119109 -8.527002
v -20.492034 -1.113786 -8.476999
v -20.363216 -1.111581 -8.544344
v -20.357406 -1.113786 -8.689588
v -20.478008 -1.119109 -8.827649
v -20.654375 -1.124433 -8.877652
v -20.783193 -1.126638 -8.810307
v -20.573424 -1.110519 -8.677465
v -20.573424 -1.110519 -8.677465
v -20.573424 -1.110519 -8.677465
v -20.573424 -1.110519 -8.677465
v -20.573424 -1.110519 -8.677465
v -20.573424 -1.110519 -8.677465
v -20.573424 -1.110519 -8.677465
v -20.573424 -1.110519 -8.677465
v -20.573424 -1.110519 -8.677465
v -24.158486 -1.206864 -12.296449
v -24.158486 -1.206864 -12.296449
v -24.158486 -1.206864 -12.296449
v -24.158486 -1.206864 -12.296449
v -24.158486 -1.206864 -12.296449
v -24.158486 -1.206864 -12.296449
v -24.158486 -1.206864 -12.296449
v -24.158486 -1.206864 -12.296449
v -24.158486 -1.206864 -12.296449
v -24.225296 -1.202834 -12.117994
v -24.134371 -1.20191 -12.14351
v -24.057596 -1.199681 -12.258551
v -24.039946 -1.197451 -12.395726
v -24.09176 -1.196527 -12.474681
v -24.182685 -1.197451 -12.449165
v -24.25946 -1.199681 -12.334124
v -24.27711 -1.20191 -12.196949
v -24.225296 -1.202834 -12.117994
v -24.266671 -1.185976 -12.00748
v -24.11955 -1.184482 -12.048766
v -23.995326 -1.180874 -12.234905
v -23.966768 -1.177266 -12.45686
v -24.050604 -1.175772 -12.584612
v -24.197725 -1.177266 -12.543325
v -24.321948 -1.180874 -12.357186
v -24.350507 -1.184482 -12.135232
v -24.266671 -1.185976 -12.00748
v -24.266806 -1.162729 -12.00712
v -24.119685 -1.161235 -12.048406
v -23.995461 -1.157627 -12.234545
v -23.966903 -1.154019 -12.456499
v -24.050739 -1.152525 -12.584251
v -24.19786 -1.154019 -12.542965
v -24.322083 -1.157627 -12.356826
v -24.350642 -1.161235 -12.134871
v -24.266806 -1.162729 -12.00712
v -24.22565 -1.141974 -12.11705
v -24.134724 -1.14105 -12.142566
v -24.05795 -1.13882 -12.257607
v -24.0403 -1.13659 -12.394782
v -24.092113 -1.135667 -12.473737
v -24.183039 -1.13659 -12.448221
v -24.259813 -1.13882 -12.333181
v -24.277463 -1.14105 -12.196005
v -24.22565 -1.141974 -12.11705
v -24.158923 -1.131637 -12.295282
v -24.158923 -1.131637 -12.295282
v -24.158923 -1.131637 -12.295282
v -24.158923 -1.131637 -12.295282
v -24.158923 -1.131637 -12.295282
v -24.158923 -1.131637 -12.295282
v -24.158923 -1.131637 -12.295282
v -24.158923 -1.131637 -12.295282
v -24.158923 -1.131637 -12.295282
v -20.441222 -1.422773 -13.057738
v -20.441222 -1.422773 -13.057738
v -20.441222 -1.422773 -13.057738
v -20.441222 -1.422773 -13.057738
v -20.441222 -1.422773 -13.057738
v -20.441222 -1.422773 -13.057738
v -20.441222 -1.422773 -13.057738
v -20.441222 -1.422773 -13.057738
v -20.441222 -1.422773 -13.057738
v -20.694965 -1.424586 -13.279363
v -20.680386 -1.420577 -13.146267
v -20.525921 -1.410898 -12.961499
v -20.322054 -1.40122 -12.833292
v -20.188207 -1.39721 -12.836748
v -20.202786 -1.40122 -12.969844
v -20.357251 -1.410898 -13.154612
v -20.561118 -1.420577 -13.282819
v -20.694965 -1.424586 -13.279363
v -20.852515 -1.401958 -13.41697
v -20.828925 -1.395472 -13.201617
v -20.578995 -1.379811 -12.902656
v -20.249131 -1.36415 -12.695212
v -20.032563 -1.357663 -12.700805
v -20.056152 -1.36415 -12.916158
v -20.306082 -1.379811 -13.215119
v -20.635946 -1.395472 -13.422563
v -20.852515 -1.401958 -13.41697
v -20.853692 -1.363532 -13.417999
v -20.830102 -1.357045 -13.202646
v -20.580173 -1.341385 -12.903684
v -20.250309 -1.325724 -12.696241
v -20.03374 -1.319237 -12.701834
v -20.05733 -1.325724 -12.917186
v -20.30726 -1.341385 -13.216148
v -20.637124 -1.357045 -13.423591
v -20.853692 -1.363532 -13.417999
v -20.698048 -1.323985 -13.282055
v -20.683469 -1.319976 -13.14896
v -20.529004 -1.310297 -12.964191
v -20.325136 -1.300618 -12.835984
v -20.19129 -1.296609 -12.839441
v -20.205869 -1.300618 -12.972536
v -20.360334 -1.310297 -13.157305
v -20.564201 -1.319976 -13.285512
v -20.698048 -1.323985 -13.282055
v -20.445033 -1.298423 -13.061066
v -20.445033 -1.298423 -13.061066
v -20.445033 -1.298423 -13.061066
v -20.445033 -1.298423 -13.061066
v -20.445033 -1.298423 -13.061066
v -20.445033 -1.298423 -13.061066
v -20.445033 -1.298423 -13.061066
v -20.445033 -1.298423 -13.061066
v -20.445033 -1.298423 -13.061066
v -20.037623 -1.433014 -13.158724
v -20.037623 -1.433014 -13.158724
v -20.037623 -1.433014 -13.158724
v -20.037623 -1.433014 -13.158724
v -20.037623 -1.433014 -13.158724
v -20.037623 -1.433014 -13.158724
v -20.037623 -1.433014 -13.158724
v -20.037623 -1.433014 -13.158724
v -20.037623 -1.433014 -13.158724
v -19.965982 -1.435119 -12.995427
v -19.907059 -1.432363 -13.078189
v -19.924528 -1.425709 -13.20792
v -20.008156 -1.419055 -13.308625
v -20.108955 -1.416298 -13.321314
v -20.167878 -1.419055 -13.238552
v -20.150409 -1.425709 -13.108821
v -20.06678 -1.432363 -13.008116
v -19.965982 -1.435119 -12.995427
v -19.921394 -1.421808 -12.893796
v -19.826055 -1.417348 -13.027707
v -19.85432 -1.406582 -13.237617
v -19.989633 -1.395815 -13.400562
v -20.152729 -1.391356 -13.421092
v -20.248069 -1.395815 -13.287181
v -20.219803 -1.406582 -13.077272
v -20.08449 -1.417348 -12.914327
v -19.921394 -1.421808 -12.893796
v -19.920892 -1.398165 -12.892651
v -19.825552 -1.393706 -13.026562
v -19.853818 -1.38294 -13.236472
v -19.989131 -1.372173 -13.399417
v -20.152227 -1.367714 -13.419947
v -20.247566 -1.372173 -13.286036
v -20.219301 -1.38294 -13.076127
v -20.083988 -1.393706 -12.913182
v -19.920892 -1.398165 -12.892651
v -19.964666 -1.373223 -12.99243
v -19.905743 -1.370467 -13.075191
v -19.923212 -1.363813 -13.204922
v -20.006841 -1.357159 -13.305628
v -20.107639 -1.354402 -13.318316
v -20.166563 -1.357159 -13.235555
v -20.149093 -1.363813 -13.105824
v -20.065465 -1.370467 -13.005118
v -19.964666 -1.373223 -12.99243
v -20.035998 -1.356507 -13.155019
v -20.035998 -1.356507 -13.155019
v -20.035998 -1.356507 -13.155019
v -20.035998 -1.356507 -13.155019
v -20.035998 -1.356507 -13.155019
v -20.035998 -1.356507 -13.155019
v -20.035998 -1.356507 -13.155019
v -20.035998 -1.356507 -13.155019
v -20.035998 -1.356507 -13.155019
v 21.858317 0.756627 16.645801
v 21.858317 0.756627 16.645801
v 21.858317 0.756627 16.645801
v 21.858317 0.756627 16.645801
v 21.858317 0.756627 16.645801
v 21.858317 0.756627 16.645801
v 21.858317 0.756627 16.645801
v 21.858317 0.756627 16.645801
v 21.858317 0.756627 16.645801
v 21.910413 0.760277 16.538423
v 21.853327 0.760279 16.54958
v 21.799164 0.760283 16.617101
v 21.779652 0.760287 16.701434
v 21.806221 0.760289 16.753178
v 21.863307 0.760287 16.742021
v 21.91747 0.760283 16.674499
v 21.936982 0.760279 16.590166
v 21.910413 0.760277 16.538423
v 21.94261 0.769844 16.472059
v 21.850243 0.769847 16.490111
v 21.762606 0.769853 16.599364
v 21.731035 0.76986 16.735818
v 21.774024 0.769863 16.819541
v 21.866391 0.76986 16.801488
v 21.954029 0.769853 16.692236
v 21.9856 0.769847 16.555782
v 21.94261 0.769844 16.472059
v 21.942611 0.781674 16.472059
v 21.850243 0.781677 16.490111
v 21.762606 0.781683 16.599363
v 21.731035 0.78169 16.735817
v 21.774024 0.781693 16.81954
v 21.866392 0.78169 16.801488
v 21.954029 0.781683 16.692236
v 21.9856 0.781677 16.555782
v 21.942611 0.781674 16.472059
v 21.910414 0.791248 16.538421
v 21.853328 0.79125 16.549578
v 21.799165 0.791254 16.6171
v 21.779653 0.791258 16.701433
v 21.806222 0.79126 16.753177
v 21.863308 0.791258 16.74202
v 21.917471 0.791254 16.674498
v 21.936983 0.79125 16.590165
v 21.910414 0.791248 16.538421
v 21.858318 0.794909 16.645799
v 21.858318 0.794909 16.645799
v 21.858318 0.794909 16.645799
v 21.858318 0.794909 16.645799
v 21.858318 0.794909 16.645799
v 21.858318 0.794909 16.645799
v 21.858318 0.794909 16.645799
v 21.858318 0.794909 16.645799
v 21.858318 0.794909 16.645799
v 22.381266 0.671956 27.594463
v 22.381266 0.671956 27.594463
v 22.381266 0.671956 27.594463
v 22.381266 0.671956 27.594463
v 22.381266 0.671956 27.594463
v 22.381266 0.671956 27.594463
v 22.381266 0.671956 27.594463
v 22.381266 0.671956 27.594463
v 22.381266 0.671956 27.594463
v 22.209805 0.687866 27.61868
v 22.275295 0.685477 27.71894
v 22.403073 0.679708 27.746253
v 22.518287 0.67394 27.68462
v 22.553448 0.67155 27.570144
v 22.487958 0.67394 27.469884
v 22.360181 0.679708 27.442571
v 22.244966 0.685477 27.504204
v 22.209805 0.687866 27.61868
v 22.104559 0.713203 27.633545
v 22.210524 0.709337 27.795769
v 22.417272 0.700003 27.839963
v 22.603693 0.69067 27.740238
v 22.660584 0.686804 27.555012
v 22.554619 0.69067 27.392788
v 22.347871 0.700003 27.348594
v 22.16145 0.709337 27.448319
v 22.104559 0.713203 27.633545
v 22.105726 0.738289 27.63338
v 22.211691 0.734423 27.795604
v 22.418439 0.725089 27.839798
v 22.604861 0.715756 27.740073
v 22.661752 0.71189 27.554847
v 22.555787 0.715756 27.392623
v 22.349039 0.725089 27.348429
v 22.162618 0.734423 27.448154
v 22.105726 0.738289 27.63338
v 22.212863 0.753542 27.618248
v 22.278352 0.751153 27.718508
v 22.40613 0.745385 27.745821
v 22.521344 0.739616 27.684188
v 22.556505 0.737227 27.569712
v 22.491015 0.739616 27.469452
v 22.363238 0.745385 27.442139
v 22.248023 0.751153 27.503772
v 22.212863 0.753542 27.618248
v 22.385045 0.753137 27.593929
v 22.385045 0.753137 27.593929
v 22.385045 0.753137 27.593929
v 22.385045 0.753137 27.593929
v 22.385045 0.753137 27.593929
v 22.385045 0.753137 27.593929
v 22.385045 0.753137 27.593929
v 22.385045 0.753137 27.593929
v 22.385045 0.753137 27.593929
v 32.176192 0.386119 21.694608
v 32.176192 0.386119 21.694608
v 32.176192 0.386119 21.694608
v 32.176192 0.386119 21.694608
v 32.176192 0.386119 21.694608
v 32.176192 0.386119 21.694608
v 32.176192 0.386119 21.694608
v 32.176192 0.386119 21.694608
v 32.176192 0.386119 21.694608
v 32.177716 0.393676 21.797915
v 32.258124 0.393508 21.766454
v 32.290538 0.393102 21.692883
v 32.255969 0.392697 21.620299
v 32.174668 0.392529 21.591222
v 32.09426 0.392697 21.622684
v 32.061846 0.393102 21.696255
v 32.096415 0.393508 21.768838
v 32.177716 0.393676 21.797915
v 32.178656 0.412312 21.861686
v 32.308759 0.41204 21.81078
v 32.361206 0.411385 21.691739
v 32.305272 0.410729 21.574297
v 32.173725 0.410457 21.527249
v 32.043621 0.410729 21.578155
v 31.991175 0.411385 21.697195
v 32.047108 0.41204 21.814638
v 32.178656 0.412312 21.861686
v 32.178654 0.43491 21.861561
v 32.308757 0.434638 21.810654
v 32.361204 0.433983 21.691614
v 32.305271 0.433327 21.574172
v 32.173723 0.433055 21.527124
v 32.043619 0.433327 21.57803
v 31.991173 0.433983 21.69707
v 32.047106 0.434638 21.814512
v 32.178654 0.43491 21.861561
v 32.177711 0.452838 21.797587
v 32.258119 0.45267 21.766126
v 32.290533 0.452265 21.692555
v 32.255964 0.45186 21.619971
v 32.174663 0.451692 21.590894
v 32.094255 0.45186 21.622356
v 32.061841 0.452265 21.695927
v 32.09641 0.45267 21.76851
v 32.177711 0.452838 21.797587
v 32.176186 0.459248 21.694202
v 32.176186 0.459248 21.694202
v 32.176186 0.459248 21.694202
v 32.176186 0.459248 21.694202
v 32.176186 0.459248 21.694202
v 32.176186 0.459248 21.694202
v 32.176186 0.459248 21.694202
v 32.176186 0.459248 21.694202
v 32.176186 0.459248 21.694202
v -12.690392 -1.210207 -4.46218
v -12.690392 -1.210207 -4.46218
v -12.690392 -1.210207 -4.46218
v -12.690392 -1.210207 -4.46218
v -12.690392 -1.210207 -4.46218
v -12.690392 -1.210207 -4.46218
v -12.690392 -1.210207 -4.46218
v -12.690392 -1.210207 -4.46218
v -12.690392 -1.210207 -4.46218
v -12.847169 -1.19798 -4.277501
v -12.733853 -1.198802 -4.274419
v -12.595036 -1.200786 -4.381373
v -12.512036 -1.202771 -4.535712
v -12.533473 -1.203593 -4.647025
v -12.646789 -1.202771 -4.650107
v -12.785607 -1.200786 -4.543153
v -12.868607 -1.198802 -4.388814
v -12.847169 -1.19798 -4.277501
v -12.943922 -1.171582 -4.163529
v -12.760572 -1.172912 -4.158542
v -12.535961 -1.176123 -4.331598
v -12.401664 -1.179334 -4.581324
v -12.43635 -1.180664 -4.761432
v -12.619701 -1.179334 -4.766419
v -12.844311 -1.176123 -4.593363
v -12.978608 -1.172912 -4.343638
v -12.943922 -1.171582 -4.163529
v -12.943694 -1.141098 -4.163798
v -12.760343 -1.142428 -4.158811
v -12.535733 -1.145639 -4.331868
v -12.401436 -1.148849 -4.581593
v -12.436122 -1.15018 -4.761702
v -12.619472 -1.148849 -4.766688
v -12.844083 -1.145639 -4.593632
v -12.97838 -1.142428 -4.343907
v -12.943694 -1.141098 -4.163798
v -12.846571 -1.118169 -4.278205
v -12.733255 -1.118991 -4.275123
v -12.594438 -1.120976 -4.382078
v -12.511437 -1.12296 -4.536417
v -12.532875 -1.123782 -4.64773
v -12.646191 -1.12296 -4.650812
v -12.785008 -1.120976 -4.543857
v -12.868009 -1.118991 -4.389518
v -12.846571 -1.118169 -4.278205
v -12.689652 -1.111555 -4.463051
v -12.689652 -1.111555 -4.463051
v -12.689652 -1.111555 -4.463051
v -12.689652 -1.111555 -4.463051
v -12.689652 -1.111555 -4.463051
v -12.689652 -1.111555 -4.463051
v -12.689652 -1.111555 -4.463051
v -12.689652 -1.111555 -4.463051
v -12.689652 -1.111555 -4.463051
v -11.690146 -1.201461 -5.815465
v -11.690146 -1.201461 -5.815465
v -11.690146 -1.201461 -5.815465
v -11.690146 -1.201461 -5.815465
v -11.690146 -1.201461 -5.815465
v -11.690146 -1.201461 -5.815465
v -11.690146 -1.201461 -5.815465
v -11.690146 -1.201461 -5.815465
v -11.690146 -1.201461 -5.815465
v -11.539008 -1.177102 -5.573544
v -11.480469 -1.181221 -5.708803
v -11.544913 -1.191166 -5.906795
v -11.694589 -1.201111 -6.051538
v -11.84182 -1.20523 -6.058245
v -11.900359 -1.201111 -5.922986
v -11.835916 -1.191166 -5.724994
v -11.686239 -1.181221 -5.580251
v -11.539008 -1.177102 -5.573544
v -11.446137 -1.141457 -5.424888
v -11.351419 -1.148122 -5.643742
v -11.455691 -1.164213 -5.964099
v -11.697873 -1.180304 -6.198299
v -11.936097 -1.186969 -6.209151
v -12.030815 -1.180304 -5.990297
v -11.926543 -1.164213 -5.66994
v -11.684362 -1.148122 -5.43574
v -11.446137 -1.141457 -5.424888
v -11.447006 -1.108141 -5.426279
v -11.352288 -1.114807 -5.645133
v -11.45656 -1.130898 -5.96549
v -11.698742 -1.146988 -6.19969
v -11.936966 -1.153654 -6.210541
v -12.031684 -1.146988 -5.991688
v -11.927412 -1.130898 -5.67133
v -11.68523 -1.114807 -5.43713
v -11.447006 -1.108141 -5.426279
v -11.541283 -1.089881 -5.577185
v -11.482744 -1.094 -5.712444
v -11.547187 -1.103945 -5.910435
v -11.696864 -1.113889 -6.055179
v -11.844095 -1.118009 -6.061886
v -11.902634 -1.113889 -5.926626
v -11.83819 -1.103945 -5.728635
v -11.688514 -1.094 -5.583891
v -11.541283 -1.089881 -5.577185
v -11.692957 -1.09365 -5.819965
v -11.692957 -1.09365 -5.819965
v -11.692957 -1.09365 -5.819965
v -11.692957 -1.09365 -5.819965
v -11.692957 -1.09365 -5.819965
v -11.692957 -1.09365 -5.819965
v -11.692957 -1.09365 -5.819965
v -11.692957 -1.09365 -5.819965
v -11.692957 -1.09365 -5.819965
v -11.561677 -1.163333 -3.723689
v -11.561677 -1.163333 -3.723689
v -11.561677 -1.163333 -3.723689
v -11.561677 -1.163333 -3.723689
v -11.561677 -1.163333 -3.723689
v -11.561677 -1.163333 -3.723689
v -11.561677 -1.163333 -3.723689
v -11.561677 -1.163333 -3.723689
v -11.561677 -1.163333 -3.723689
v -11.321425 -1.139639 -3.629092
v -11.366079 -1.14413 -3.722503
v -11.525581 -1.154974 -3.816715
v -11.706498 -1.165818 -3.85654
v -11.802851 -1.17031 -3.818648
v -11.758197 -1.165818 -3.725237
v -11.598695 -1.154974 -3.631025
v -11.417778 -1.14413 -3.5912
v -11.321425 -1.139639 -3.629092
v -11.173863 -1.108278 -3.570991
v -11.246114 -1.115546 -3.722134
v -11.504195 -1.133092 -3.874572
v -11.796925 -1.150638 -3.93901
v -11.952827 -1.157905 -3.8777
v -11.880576 -1.150638 -3.726557
v -11.622495 -1.133092 -3.574118
v -11.329765 -1.115546 -3.509681
v -11.173863 -1.108278 -3.570991
v -11.175355 -1.08123 -3.571578
v -11.247606 -1.088498 -3.722721
v -11.505687 -1.106044 -3.87516
v -11.798417 -1.12359 -3.939597
v -11.954319 -1.130857 -3.878287
v -11.882068 -1.12359 -3.727144
v -11.623987 -1.106044 -3.574706
v -11.331257 -1.088498 -3.510268
v -11.175355 -1.08123 -3.571578
v -11.325331 -1.068826 -3.63063
v -11.369984 -1.073317 -3.724041
v -11.529487 -1.084161 -3.818253
v -11.710404 -1.095005 -3.858078
v -11.806757 -1.099497 -3.820186
v -11.762103 -1.095005 -3.726775
v -11.602601 -1.084161 -3.632563
v -11.421684 -1.073317 -3.592738
v -11.325331 -1.068826 -3.63063
v -11.566505 -1.075803 -3.725589
v -11.566505 -1.075803 -3.725589
v -11.566505 -1.075803 -3.725589
v -11.566505 -1.075803 -3.725589
v -11.566505 -1.075803 -3.725589
v -11.566505 -1.075803 -3.725589
v -11.566505 -1.075803 -3.725589
v -11.566505 -1.075803 -3.725589
v -11.566505 -1.075803 -3.725589
v -17.137339 -0.618481 1.146072
v -17.137339 -0.618481 1.146072
v -17.137339 -0.618481 1.146072
v -17.137339 -0.618481 1.146072
v -17.137339 -0.618481 1.146072
v -17.137339 -0.618481 1.146072
v -17.137339 -0.618481 1.146072
v -17.137339 -0.618481 1.146072
v -17.137339 -0.618481 1.146072
v -17.334066 -0.60126 1.146578
v -17.276064 -0.603982 1.252653
v -17.13658 -0.610552 1.296295
v -16.997321 -0.617123 1.251937
v -16.939864 -0.619844 1.145565
v -16.997867 -0.617123 1.03949
v -17.137351 -0.610552 0.995848
v -17.27661 -0.603982 1.040206
v -17.334066 -0.60126 1.146578
v -17.454903 -0.574761 1.146888
v -17.361053 -0.579165 1.318522
v -17.135363 -0.589796 1.389135
v -16.910038 -0.600427 1.317364
v -16.817071 -0.60483 1.14525
v -16.91092 -0.600427 0.973616
v -17.136611 -0.589796 0.903003
v -17.361936 -0.579165 0.974774
v -17.454903 -0.574761 1.146888
v -17.453693 -0.549104 1.146885
v -17.359844 -0.553508 1.318519
v -17.134153 -0.564139 1.389132
v -16.908828 -0.57477 1.31736
v -16.815861 -0.579174 1.145247
v -16.909711 -0.57477 0.973613
v -17.135401 -0.564139 0.903
v -17.360726 -0.553508 0.974771
v -17.453693 -0.549104 1.146885
v -17.3309 -0.53409 1.146569
v -17.272897 -0.536812 1.252645
v -17.133413 -0.543382 1.296286
v -16.994154 -0.549953 1.251929
v -16.936698 -0.552674 1.145557
v -16.9947 -0.549953 1.039482
v -17.134184 -0.543382 0.99584
v -17.273443 -0.536812 1.040197
v -17.3309 -0.53409 1.146569
v -17.133425 -0.535454 1.146062
v -17.133425 -0.535454 1.146062
v -17.133425 -0.535454 1.146062
v -17.133425 -0.535454 1.146062
v -17.133425 -0.535454 1.146062
v -17.133425 -0.535454 1.146062
v -17.133425 -0.535454 1.146062
v -17.133425 -0.535454 1.146062
v -17.133425 -0.535454 1.146062
v -28.406868 1.41338 15.282512
v -28.406868 1.41338 15.282512
v -28.406868 1.41338 15.282512
v -28.406868 1.41338 15.282512
v -28.406868 1.41338 15.282512
v -28.406868 1.41338 15.282512
v -28.406868 1.41338 15.282512
v -28.406868 1.41338 15.282512
v -28.406868 1.41338 15.282512
v -28.32746 1.413565 15.218054
v -28.386437 1.415062 15.192806
v -28.457262 1.418675 15.220009
v -28.498446 1.422289 15.283727
v -28.485865 1.423786 15.346636
v -28.426888 1.422289 15.371884
v -28.356063 1.418675 15.344681
v -28.314878 1.415062 15.280963
v -28.32746 1.413565 15.218054
v -28.277971 1.42427 15.177883
v -28.373398 1.426692 15.137031
v -28.487995 1.432539 15.181045
v -28.554633 1.438386 15.284143
v -28.534276 1.440808 15.385932
v -28.438849 1.438386 15.426784
v -28.324251 1.432539 15.382769
v -28.257613 1.426692 15.279671
v -28.277971 1.42427 15.177883
v -28.277304 1.441406 15.177342
v -28.372731 1.443828 15.13649
v -28.487329 1.449675 15.180504
v -28.553966 1.455522 15.283602
v -28.533609 1.457944 15.385391
v -28.438182 1.455522 15.426243
v -28.323585 1.449675 15.382228
v -28.256947 1.443828 15.27913
v -28.277304 1.441406 15.177342
v -28.325715 1.458428 15.216638
v -28.384692 1.459925 15.19139
v -28.455517 1.463538 15.218592
v -28.496702 1.467152 15.282311
v -28.48412 1.468649 15.345219
v -28.425143 1.467152 15.370467
v -28.354318 1.463538 15.343265
v -28.313133 1.459925 15.279547
v -28.325715 1.458428 15.216638
v -28.404711 1.468834 15.280761
v -28.404711 1.468834 15.280761
v -28.404711 1.468834 15.280761
v -28.404711 1.468834 15.280761
v -28.404711 1.468834 15.280761
v -28.404711 1.468834 15.280761
v -28.404711 1.468834 15.280761
v -28.404711 1.468834 15.280761
v -28.404711 1.468834 15.280761
v -22.332189 0.528557 26.941279
v -22.332189 0.528557 26.941279
v -22.332189 0.528557 26.941279
v -22.332189 0.528557 26.941279
v -22.332189 0.528557 26.941279
v -22.332189 0.528557 26.941279
v -22.332189 0.528557 26.941279
v -22.332189 0.528557 26.941279
v -22.332189 0.528557 26.941279
v -22.413694 0.530464 26.916926
v -22.398405 0.530888 26.952726
v -22.344359 0.531911 26.981811
v -22.283216 0.532934 26.987144
v -22.250793 0.533358 26.9656
v -22.266082 0.532934 26.9298
v -22.320128 0.531911 26.900715
v -22.381271 0.530888 26.895382
v -22.413694 0.530464 26.916926
v -22.464177 0.538351 26.901842
v -22.439438 0.539037 26.959768
v -22.35199 0.540693 27.006828
v -22.253059 0.542348 27.015457
v -22.200597 0.543034 26.980598
v -22.225336 0.542348 26.922673
v -22.312784 0.540693 26.875612
v -22.411715 0.539037 26.866984
v -22.464177 0.538351 26.901842
v -22.464354 0.549206 26.901789
v -22.439615 0.549892 26.959715
v -22.352167 0.551547 27.006775
v -22.253236 0.553203 27.015404
v -22.200774 0.553889 26.980546
v -22.225513 0.553203 26.92262
v -22.312961 0.551547 26.875559
v -22.411892 0.549892 26.866931
v -22.464354 0.549206 26.901789
v -22.414158 0.558882 26.916788
v -22.398869 0.559306 26.952587
v -22.344823 0.560329 26.981673
v -22.28368 0.561352 26.987005
v -22.251257 0.561776 26.965462
v -22.266546 0.561352 26.929662
v -22.320592 0.560329 26.900577
v -22.381735 0.559306 26.895244
v -22.414158 0.558882 26.916788
v -22.332762 0.563683 26.941108
v -22.332762 0.563683 26.941108
v -22.332762 0.563683 26.941108
v -22.332762 0.563683 26.941108
v -22.332762 0.563683 26.941108
v -22.332762 0.563683 26.941108
v -22.332762 0.563683 26.941108
v -22.332762 0.563683 26.941108
v -22.332762 0.563683 26.941108
v -22.934506 -1.054828 -6.783201
v -22.934506 -1.054828 -6.783201
v -22.934506 -1.054828 -6.783201
v -22.934506 -1.054828 -6.783201
v -22.934506 -1.054828 -6.783201
v -22.934506 -1.054828 -6.783201
v -22.934506 -1.054828 -6.783201
v -22.934506 -1.054828 -6.783201
v -22.934506 -1.054828 -6.783201
v -23.05934 -1.041868 -6.869762
v -23.073251 -1.043017 -6.771498
v -23.005775 -1.04579 -6.680011
v -22.896438 -1.048563 -6.648894
v -22.809288 -1.049712 -6.696374
v -22.795377 -1.048563 -6.794638
v -22.862853 -1.04579 -6.886125
v -22.97219 -1.043017 -6.917242
v -23.05934 -1.041868 -6.869762
v -23.136109 -1.015783 -6.922995
v -23.158618 -1.017642 -6.763999
v -23.049439 -1.022129 -6.615971
v -22.872528 -1.026617 -6.565622
v -22.731517 -1.028475 -6.642446
v -22.709008 -1.026617 -6.801441
v -22.818187 -1.022129 -6.94947
v -22.995098 -1.017642 -6.999819
v -23.136109 -1.015783 -6.922995
v -23.135489 -0.986537 -6.922565
v -23.157998 -0.988396 -6.76357
v -23.04882 -0.992883 -6.615541
v -22.871909 -0.99737 -6.565192
v -22.730897 -0.999229 -6.642017
v -22.708388 -0.99737 -6.801012
v -22.817567 -0.992883 -6.949041
v -22.994478 -0.988396 -6.99939
v -23.135489 -0.986537 -6.922565
v -23.057718 -0.965301 -6.868638
v -23.071629 -0.966449 -6.770373
v -23.004153 -0.969223 -6.678886
v -22.894816 -0.971996 -6.647769
v -22.807666 -0.973145 -6.695249
v -22.793755 -0.971996 -6.793513
v -22.861231 -0.969223 -6.885
v -22.970568 -0.966449 -6.916118
v -23.057718 -0.965301 -6.868638
v -22.932501 -0.960185 -6.781811
v -22.932501 -0.960185 -6.781811
v -22.932501 -0.960185 -6.781811
v -22.932501 -0.960185 -6.781811
v -22.932501 -0.960185 -6.781811
v -22.932501 -0.960185 -6.781811
v -22.932501 -0.960185 -6.781811
v -22.932501 -0.960185 -6.781811
v -22.932501 -0.960185 -6.781811
v -21.162864 -1.211461 -8.779999
v -21.162864 -1.211461 -8.779999
v -21.162864 -1.211461 -8.779999
v -21.162864 -1.211461 -8.779999
v -21.162864 -1.211461 -8.779999
v -21.162864 -1.211461 -8.779999
v -21.162864 -1.211461 -8.779999
v -21.162864 -1.211461 -8.779999
v -21.162864 -1.211461 -8.779999
v -20.913553 -1.210866 -8.93864
v -21.030895 -1.208105 -8.962002
v -21.225385 -1.201438 -8.878849
v -21.383092 -1.194772 -8.737892
v -21.411635 -1.192011 -8.621701
v -21.294293 -1.194772 -8.59834
v -21.099803 -1.201438 -8.681493
v -20.942095 -1.208105 -8.82245
v -20.913553 -1.210866 -8.93864
v -20.75893 -1.190452 -9.03703
v -20.948793 -1.185984 -9.074829
v -21.263484 -1.175198 -8.940286
v -21.518661 -1.164412 -8.712212
v -21.564844 -1.159944 -8.524212
v -21.37498 -1.164412 -8.486412
v -21.060289 -1.175198 -8.620956
v -20.805113 -1.185984 -8.849029
v -20.75893 -1.190452 -9.03703
v -20.758056 -1.158018 -9.037586
v -20.947919 -1.15355 -9.075385
v -21.26261 -1.142764 -8.940842
v -21.517787 -1.131978 -8.712768
v -21.56397 -1.12751 -8.524768
v -21.374106 -1.131978 -8.486968
v -21.059415 -1.142764 -8.621512
v -20.804239 -1.15355 -8.849586
v -20.758056 -1.158018 -9.037586
v -20.911265 -1.125951 -8.940096
v -21.028607 -1.12319 -8.963458
v -21.223097 -1.116524 -8.880305
v -21.380804 -1.109858 -8.739348
v -21.409347 -1.107096 -8.623157
v -21.292005 -1.109858 -8.599796
v -21.097515 -1.116524 -8.682949
v -20.939807 -1.12319 -8.823906
v -20.911265 -1.125951 -8.940096
v -21.160036 -1.106501 -8.781799
v -21.160036 -1.106501 -8.781799
v -21.160036 -1.106501 -8.781799
v -21.160036 -1.106501 -8.781799
v -21.160036 -1.106501 -8.781799
v -21.160036 -1.106501 -8.781799
v -21.160036 -1.106501 -8.781799
v -21.160036 -1.106501 -8.781799
v -21.160036 -1.106501 -8.781799
v -23.895184 -0.892561 -6.07865
v -23.895184 -0.892561 -6.07865
v -23.895184 -0.892561 -6.07865
v -23.895184 -0.892561 -6.07865
v -23.895184 -0.892561 -6.07865
v -23.895184 -0.892561 -6.07865
v -23.895184 -0.892561 -6.07865
v -23.895184 -0.892561 -6.07865
v -23.895184 -0.892561 -6.07865
v -23.63423 -0.866435 -6.089445
v -23.714421 -0.8707 -6.172593
v -23.900877 -0.880997 -6.200694
v -24.084374 -0.891294 -6.157288
v -24.157424 -0.895559 -6.067801
v -24.077233 -0.891294 -5.984654
v -23.890777 -0.880997 -5.956552
v -23.707279 -0.8707 -5.999958
v -23.63423 -0.866435 -6.089445
v -23.474237 -0.82716 -6.096064
v -23.603988 -0.834061 -6.230599
v -23.90568 -0.850722 -6.276069
v -24.202586 -0.867382 -6.205836
v -24.320782 -0.874283 -6.061044
v -24.19103 -0.867382 -5.926508
v -23.889338 -0.850722 -5.881039
v -23.592433 -0.834061 -5.951271
v -23.474237 -0.82716 -6.096064
v -23.476316 -0.789738 -6.095978
v -23.606068 -0.796639 -6.230513
v -23.90776 -0.8133 -6.275982
v -24.204665 -0.82996 -6.20575
v -24.322861 -0.836861 -6.060958
v -24.19311 -0.82996 -5.926422
v -23.891418 -0.8133 -5.880953
v -23.594512 -0.796639 -5.951185
v -23.476316 -0.789738 -6.095978
v -23.639674 -0.768462 -6.08922
v -23.719865 -0.772727 -6.172367
v -23.906321 -0.783024 -6.200469
v -24.089819 -0.793321 -6.157063
v -24.162868 -0.797586 -6.067576
v -24.082677 -0.793321 -5.984429
v -23.896221 -0.783024 -5.956327
v -23.712723 -0.772727 -5.999733
v -23.639674 -0.768462 -6.08922
v -23.901914 -0.77146 -6.078371
v -23.901914 -0.77146 -6.078371
v -23.901914 -0.77146 -6.078371
v -23.901914 -0.77146 -6.078371
v -23.901914 -0.77146 -6.078371
v -23.901914 -0.77146 -6.078371
v -23.901914 -0.77146 -6.078371
v -23.901914 -0.77146 -6.078371
v -23.901914 -0.77146 -6.078371
v -22.422345 -0.743054 -3.850483
v -22.422345 -0.743054 -3.850483
v -22.422345 -0.743054 -3.850483
v -22.422345 -0.743054 -3.850483
v -22.422345 -0.743054 -3.850483
v -22.422345 -0.743054 -3.850483
v -22.422345 -0.743054 -3.850483
v -22.422345 -0.743054 -3.850483
v -22.422345 -0.743054 -3.850483
v -22.300941 -0.728884 -3.947659
v -22.395158 -0.730512 -3.992336
v -22.505441 -0.734441 -3.953804
v -22.567188 -0.73837 -3.854636
v -22.544229 -0.739998 -3.752923
v -22.450013 -0.73837 -3.708246
v -22.339729 -0.734441 -3.746777
v -22.277982 -0.730512 -3.845945
v -22.300941 -0.728884 -3.947659
v -22.226389 -0.7029 -4.007333
v -22.378835 -0.705533 -4.079622
v -22.557277 -0.711891 -4.017277
v -22.657186 -0.718249 -3.856819
v -22.620037 -0.720883 -3.692243
v -22.467591 -0.718249 -3.619955
v -22.289149 -0.711891 -3.6823
v -22.18924 -0.705533 -3.842757
v -22.226389 -0.7029 -4.007333
v -22.227165 -0.675026 -4.006712
v -22.379611 -0.67766 -4.079
v -22.558053 -0.684018 -4.016655
v -22.657962 -0.690376 -3.856198
v -22.620813 -0.69301 -3.691622
v -22.468367 -0.690376 -3.619334
v -22.289926 -0.684018 -3.681679
v -22.190016 -0.67766 -3.842136
v -22.227165 -0.675026 -4.006712
v -22.302973 -0.655911 -3.946033
v -22.39719 -0.657539 -3.990709
v -22.507473 -0.661468 -3.952178
v -22.56922 -0.665398 -3.85301
v -22.546261 -0.667025 -3.751296
v -22.452044 -0.665398 -3.70662
v -22.341761 -0.661468 -3.745151
v -22.280014 -0.657539 -3.844319
v -22.302973 -0.655911 -3.946033
v -22.424857 -0.652855 -3.848473
v -22.424857 -0.652855 -3.848473
v -22.424857 -0.652855 -3.848473
v -22.424857 -0.652855 -3.848473
v -22.424857 -0.652855 -3.848473
v -22.424857 -0.652855 -3.848473
v -22.424857 -0.652855 -3.848473
v -22.424857 -0.652855 -3.848473
v -22.424857 -0.652855 -3.848473
v -15.731434 -0.464572 3.093098
v -15.731434 -0.464572 3.093098
v -15.731434 -0.464572 3.093098
v -15.731434 -0.464572 3.093098
v -15.731434 -0.464572 3.093098
v -15.731434 -0.464572 3.093098
v -15.731434 -0.464572 3.093098
v -15.731434 -0.464572 3.093098
v -15.731434 -0.464572 3.093098
v -15.651918 -0.461584 3.138702
v -15.64401 -0.461141 3.070993
v -15.687277 -0.460072 3.016254
v -15.756372 -0.459003 3.006551
v -15.810821 -0.45856 3.047567
v -15.818729 -0.459003 3.115277
v -15.775463 -0.460072 3.170016
v -15.706367 -0.461141 3.179719
v -15.651918 -0.461584 3.138702
v -15.602645 -0.450737 3.166962
v -15.58985 -0.45002 3.057406
v -15.659857 -0.44829 2.968836
v -15.771656 -0.44656 2.953136
v -15.859757 -0.445844 3.019502
v -15.872551 -0.44656 3.129058
v -15.802545 -0.44829 3.217627
v -15.690746 -0.45002 3.233328
v -15.602645 -0.450737 3.166962
v -15.602437 -0.436174 3.167081
v -15.589642 -0.435457 3.057525
v -15.659648 -0.433727 2.968956
v -15.771447 -0.431997 2.953255
v -15.859548 -0.431281 3.019621
v -15.872343 -0.431997 3.129177
v -15.802337 -0.433727 3.217747
v -15.690538 -0.435457 3.233447
v -15.602437 -0.436174 3.167081
v -15.651372 -0.423458 3.139016
v -15.643464 -0.423015 3.071306
v -15.686731 -0.421945 3.016567
v -15.755826 -0.420876 3.006864
v -15.810275 -0.420433 3.04788
v -15.818183 -0.420876 3.11559
v -15.774917 -0.421945 3.170329
v -15.705821 -0.423015 3.180032
v -15.651372 -0.423458 3.139016
v -15.730759 -0.417445 3.093485
v -15.730759 -0.417445 3.093485
v -15.730759 -0.417445 3.093485
v -15.730759 -0.417445 3.093485
v -15.730759 -0.417445 3.093485
v -15.730759 -0.417445 3.093485
v -15.730759 -0.417445 3.093485
v -15.730759 -0.417445 3.093485
v -15.730759 -0.417445 3.093485
v -16.291971 -1.390565 -10.133879
v -16.291971 -1.390565 -10.133879
v -16.291971 -1.390565 -10.133879
v -16.291971 -1.390565 -10.133879
v -16.291971 -1.390565 -10.133879
v -16.291971 -1.390565 -10.133879
v -16.291971 -1.390565 -10.133879
v -16.291971 -1.390565 -10.133879
v -16.291971 -1.390565 -10.133879
v -16.382719 -1.374718 -10.021545
v -16.278646 -1.37677 -9.992005
v -16.182221 -1.381722 -10.045768
v -16.149929 -1.386674 -10.151339
v -16.200685 -1.388726 -10.246878
v -16.304759 -1.386674 -10.276418
v -16.401184 -1.381722 -10.222655
v -16.433476 -1.37677 -10.117083
v -16.382719 -1.374718 -10.021545
v -16.438267 -1.347237 -9.952784
v -16.269873 -1.350557 -9.904987
v -16.113854 -1.35857 -9.991977
v -16.061604 -1.366583 -10.162796
v -16.14373 -1.369902 -10.317381
v -16.312124 -1.366583 -10.365177
v -16.468143 -1.35857 -10.278187
v -16.520393 -1.350557 -10.107368
v -16.438267 -1.347237 -9.952784
v -16.437397 -1.31862 -9.95386
v -16.269003 -1.321939 -9.906064
v -16.112985 -1.329952 -9.993054
v -16.060735 -1.337965 -10.163873
v -16.142861 -1.341284 -10.318457
v -16.311255 -1.337965 -10.366253
v -16.467274 -1.329952 -10.279263
v -16.519524 -1.321939 -10.108444
v -16.437397 -1.31862 -9.95386
v -16.380442 -1.299796 -10.024363
v -16.276369 -1.301847 -9.994823
v -16.179944 -1.306799 -10.048586
v -16.147652 -1.311752 -10.154158
v -16.198409 -1.313803 -10.249696
v -16.302482 -1.311752 -10.279236
v -16.398907 -1.306799 -10.225473
v -16.431199 -1.301847 -10.119901
v -16.380442 -1.299796 -10.024363
v -16.289157 -1.297956 -10.137362
v -16.289157 -1.297956 -10.137362
v -16.289157 -1.297956 -10.137362
v -16.289157 -1.297956 -10.137362
v -16.289157 -1.297956 -10.137362
v -16.289157 -1.297956 -10.137362
v -16.289157 -1.297956 -10.137362
v -16.289157 -1.297956 -10.137362
v -16.289157 -1.297956 -10.137362
v -19.899585 -1.172809 -8.230132
v -19.899585 -1.172809 -8.230132
v -19.899585 -1.172809 -8.230132
v -19.899585 -1.172809 -8.230132
v -19.899585 -1.172809 -8.230132
v -19.899585 -1.172809 -8.230132
v -19.899585 -1.172809 -8.230132
v -19.899585 -1.172809 -8.230132
v -19.899585 -1.172809 -8.230132
v -19.914489 -1.170789 -8.296358
v -19.963629 -1.170001 -8.264976
v -19.975278 -1.168098 -8.21329
v -19.94261 -1.166195 -8.171577
v -19.884764 -1.165407 -8.164272
v -19.835623 -1.166195 -8.195654
v -19.823975 -1.168098 -8.24734
v -19.856642 -1.170001 -8.289053
v -19.914489 -1.170789 -8.296358
v -19.923782 -1.160121 -8.337653
v -20.003293 -1.158845 -8.286876
v -20.022141 -1.155766 -8.203247
v -19.969284 -1.152687 -8.135753
v -19.875686 -1.151412 -8.123933
v -19.796175 -1.152687 -8.17471
v -19.777327 -1.155766 -8.25834
v -19.830184 -1.158845 -8.325833
v -19.923782 -1.160121 -8.337653
v -19.923915 -1.144877 -8.338245
v -20.003426 -1.143602 -8.287468
v -20.022274 -1.140523 -8.203838
v -19.969417 -1.137444 -8.136345
v -19.875819 -1.136168 -8.124525
v -19.796308 -1.137444 -8.175302
v -19.77746 -1.140523 -8.258931
v -19.830317 -1.143602 -8.326424
v -19.923915 -1.144877 -8.338245
v -19.914837 -1.130882 -8.297906
v -19.963978 -1.130094 -8.266524
v -19.975626 -1.128191 -8.214838
v -19.942959 -1.126288 -8.173125
v -19.885112 -1.125499 -8.16582
v -19.835971 -1.126288 -8.197202
v -19.824323 -1.128191 -8.248888
v -19.85699 -1.130094 -8.290601
v -19.914837 -1.130882 -8.297906
v -19.900016 -1.12348 -8.232046
v -19.900016 -1.12348 -8.232046
v -19.900016 -1.12348 -8.232046
v -19.900016 -1.12348 -8.232046
v -19.900016 -1.12348 -8.232046
v -19.900016 -1.12348 -8.232046
v -19.900016 -1.12348 -8.232046
v -19.900016 -1.12348 -8.232046
v -19.900016 -1.12348 -8.232046
v 6.114795 0.562124 -20.106638
v 6.114795 0.562124 -20.106638
v 6.114795 0.562124 -20.106638
v 6.114795 0.562124 -20.106638
v 6.114795 0.562124 -20.106638
v 6.114795 0.562124 -20.106638
v 6.114795 0.562124 -20.106638
v 6.114795 0.562124 -20.106638
v 6.114795 0.562124 -20.106638
v 6.131341 0.565603 -19.943147
v 6.226094 0.566668 -20.001066
v 6.255659 0.569239 -20.120736
v 6.202717 0.57181 -20.232056
v 6.098281 0.572875 -20.269816
v 6.003528 0.57181 -20.211897
v 5.973963 0.569239 -20.092227
v 6.026905 0.566668 -19.980907
v 6.131341 0.565603 -19.943147
v 6.141599 0.581982 -19.84179
v 6.294913 0.583705 -19.935505
v 6.342749 0.587865 -20.129135
v 6.257087 0.592025 -20.309255
v 6.088106 0.593748 -20.370352
v 5.934793 0.592025 -20.276637
v 5.886956 0.587865 -20.083007
v 5.972618 0.583705 -19.902887
v 6.141599 0.581982 -19.84179
v 6.141651 0.605006 -19.841283
v 6.294964 0.606729 -19.934998
v 6.342801 0.610889 -20.128628
v 6.257139 0.615049 -20.308748
v 6.088158 0.616772 -20.369845
v 5.934844 0.615049 -20.27613
v 5.887007 0.610889 -20.0825
v 5.97267 0.606729 -19.90238
v 6.141651 0.605006 -19.841283
v 6.131476 0.62588 -19.941819
v 6.226229 0.626945 -19.999738
v 6.255793 0.629516 -20.119408
v 6.202851 0.632087 -20.230728
v 6.098415 0.633152 -20.268488
v 6.003662 0.632087 -20.210569
v 5.974098 0.629516 -20.090899
v 6.02704 0.626945 -19.979579
v 6.131476 0.62588 -19.941819
v 6.114961 0.63663 -20.104997
v 6.114961 0.63663 -20.104997
v 6.114961 0.63663 -20.104997
v 6.114961 0.63663 -20.104997
v 6.114961 0.63663 -20.104997
v 6.114961 0.63663 -20.104997
v 6.114961 0.63663 -20.104997
v 6.114961 0.63663 -20.104997
v 6.114961 0.63663 -20.104997
v -20.819018 -1.19015 -8.408965
v -20.819018 -1.19015 -8.408965
v -20.819018 -1.19015 -8.408965
v -20.819018 -1.19015 -8.408965
v -20.819018 -1.19015 -8.408965
v -20.819018 -1.19015 -8.408965
v -20.819018 -1.19015 -8.408965
v -20.819018 -1.19015 -8.408965
v -20.819018 -1.19015 -8.408965
v -20.593271 -1.174199 -8.462404
v -20.685025 -1.176665 -8.554695
v -20.855427 -1.182616 -8.561583
v -21.004656 -1.188568 -8.479032
v -21.045297 -1.191034 -8.3554
v -20.953542 -1.188568 -8.263108
v -20.783141 -1.182616 -8.256221
v -20.633911 -1.176665 -8.338772
v -20.593271 -1.174199 -8.462404
v -20.454282 -1.149273 -8.495306
v -20.602744 -1.153262 -8.644636
v -20.87846 -1.162892 -8.65578
v -21.119918 -1.172523 -8.52221
v -21.185676 -1.176512 -8.322169
v -21.037214 -1.172523 -8.172838
v -20.761499 -1.162892 -8.161694
v -20.520041 -1.153262 -8.295265
v -20.454282 -1.149273 -8.495306
v -20.455142 -1.124892 -8.495102
v -20.603604 -1.128881 -8.644432
v -20.87932 -1.138512 -8.655577
v -21.120778 -1.148142 -8.522006
v -21.186536 -1.152131 -8.321965
v -21.038074 -1.148142 -8.172635
v -20.762359 -1.138512 -8.161491
v -20.5209 -1.128881 -8.295061
v -20.455142 -1.124892 -8.495102
v -20.595522 -1.11037 -8.461871
v -20.687276 -1.112835 -8.554162
v -20.857678 -1.118787 -8.56105
v -21.006907 -1.124739 -8.478499
v -21.047548 -1.127205 -8.354867
v -20.955793 -1.124739 -8.262576
v -20.785392 -1.118787 -8.255688
v -20.636162 -1.112835 -8.338239
v -20.595522 -1.11037 -8.461871
v -20.8218 -1.111253 -8.408306
v -20.8218 -1.111253 -8.408306
v -20.8218 -1.111253 -8.408306
v -20.8218 -1.111253 -8.408306
v -20.8218 -1.111253 -8.408306
v -20.8218 -1.111253 -8.408306
v -20.8218 -1.111253 -8.408306
v -20.8218 -1.111253 -8.408306
v -20.8218 -1.111253 -8.408306
v -23.735491 -0.710633 -4.327764
v -23.735491 -0.710633 -4.327764
v -23.735491 -0.710633 -4.327764
v -23.735491 -0.710633 -4.327764
v -23.735491 -0.710633 -4.327764
v -23.735491 -0.710633 -4.327764
v -23.735491 -0.710633 -4.327764
v -23.735491 -0.710633 -4.327764
v -23.735491 -0.710633 -4.327764
v -23.698212 -0.708344 -4.450082
v -23.780087 -0.707455 -4.43592
v -23.835816 -0.70531 -4.358473
v -23.832756 -0.703164 -4.263108
v -23.772697 -0.702275 -4.205688
v -23.690823 -0.703164 -4.21985
v -23.635093 -0.70531 -4.297297
v -23.638154 -0.707455 -4.392662
v -23.698212 -0.708344 -4.450082
v -23.675098 -0.696283 -4.52592
v -23.807574 -0.694844 -4.503006
v -23.897747 -0.691373 -4.377694
v -23.892794 -0.687901 -4.22339
v -23.795618 -0.686463 -4.130483
v -23.663142 -0.687901 -4.153397
v -23.572969 -0.691373 -4.27871
v -23.577922 -0.694844 -4.433014
v -23.675098 -0.696283 -4.52592
v -23.674979 -0.679055 -4.526312
v -23.807455 -0.677617 -4.503397
v -23.897628 -0.674146 -4.378085
v -23.892675 -0.670674 -4.223781
v -23.795498 -0.669236 -4.130875
v -23.663023 -0.670674 -4.153789
v -23.57285 -0.674146 -4.279101
v -23.577803 -0.677617 -4.433405
v -23.674979 -0.679055 -4.526312
v -23.6979 -0.663243 -4.451106
v -23.779774 -0.662354 -4.436945
v -23.835504 -0.660209 -4.359498
v -23.832443 -0.658063 -4.264132
v -23.772385 -0.657174 -4.206713
v -23.69051 -0.658063 -4.220875
v -23.63478 -0.660209 -4.298322
v -23.637841 -0.662354 -4.393687
v -23.6979 -0.663243 -4.451106
v -23.735105 -0.654885 -4.329031
v -23.735105 -0.654885 -4.329031
v -23.735105 -0.654885 -4.329031
v -23.735105 -0.654885 -4.329031
v -23.735105 -0.654885 -4.329031
v -23.735105 -0.654885 -4.329031
v -23.735105 -0.654885 -4.329031
v -23.735105 -0.654885 -4.329031
v -23.735105 -0.654885 -4.329031
v -15.745347 -1.261299 -14.832571
v -15.745347 -1.261299 -14.832571
v -15.745347 -1.261299 -14.832571
v -15.745347 -1.261299 -14.832571
v -15.745347 -1.261299 -14.832571
v -15.745347 -1.261299 -14.832571
v -15.745347 -1.261299 -14.832571
v -15.745347 -1.261299 -14.832571
v -15.745347 -1.261299 -14.832571
v -15.849524 -1.252515 -14.710501
v -15.781654 -1.253206 -14.714409
v -15.69248 -1.254874 -14.787577
v -15.634238 -1.256541 -14.887144
v -15.641047 -1.257232 -14.954785
v -15.708917 -1.256541 -14.950876
v -15.798091 -1.254874 -14.877708
v -15.856333 -1.253206 -14.778141
v -15.849524 -1.252515 -14.710501
v -15.913787 -1.234236 -14.635201
v -15.803971 -1.235354 -14.641525
v -15.659684 -1.238052 -14.759913
v -15.565447 -1.240751 -14.921016
v -15.576463 -1.241869 -15.030461
v -15.686279 -1.240751 -15.024137
v -15.830566 -1.238052 -14.905748
v -15.924803 -1.235354 -14.744645
v -15.913787 -1.234236 -14.635201
v -15.913588 -1.213444 -14.635433
v -15.803773 -1.214562 -14.641757
v -15.659486 -1.21726 -14.760146
v -15.565249 -1.219959 -14.921248
v -15.576265 -1.221077 -15.030693
v -15.686081 -1.219959 -15.024369
v -15.830368 -1.21726 -14.90598
v -15.924605 -1.214562 -14.744878
v -15.913588 -1.213444 -14.635433
v -15.849005 -1.19808 -14.711109
v -15.781135 -1.198771 -14.715017
v -15.691961 -1.200439 -14.788186
v -15.633719 -1.202107 -14.887752
v -15.640528 -1.202798 -14.955393
v -15.708398 -1.202107 -14.951484
v -15.797572 -1.200439 -14.878316
v -15.855813 -1.198771 -14.778749
v -15.849005 -1.19808 -14.711109
v -15.744705 -1.194014 -14.833323
v -15.744705 -1.194014 -14.833323
v -15.744705 -1.194014 -14.833323
v -15.744705 -1.194014 -14.833323
v -15.744705 -1.194014 -14.833323
v -15.744705 -1.194014 -14.833323
v -15.744705 -1.194014 -14.833323
v -15.744705 -1.194014 -14.833323
v -15.744705 -1.194014 -14.833323
v -15.514661 -1.311263 -12.843968
v -15.514661 -1.311263 -12.843968
v -15.514661 -1.311263 -12.843968
v -15.514661 -1.311263 -12.843968
v -15.514661 -1.311263 -12.843968
v -15.514661 -1.311263 -12.843968
v -15.514661 -1.311263 -12.843968
v -15.514661 -1.311263 -12.843968
v -15.514661 -1.311263 -12.843968
v -15.400026 -1.30461 -12.924378
v -15.458844 -1.305243 -12.936776
v -15.550392 -1.306771 -12.894785
v -15.621042 -1.3083 -12.823003
v -15.629409 -1.308933 -12.763478
v -15.570592 -1.3083 -12.751079
v -15.479044 -1.306771 -12.79307
v -15.408394 -1.305243 -12.864853
v -15.400026 -1.30461 -12.924378
v -15.329292 -1.291515 -12.973995
v -15.424461 -1.292539 -12.994055
v -15.572588 -1.295012 -12.926113
v -15.686903 -1.297485 -12.809966
v -15.700441 -1.29851 -12.713653
v -15.605272 -1.297485 -12.693592
v -15.457145 -1.295012 -12.761535
v -15.34283 -1.292539 -12.877681
v -15.329292 -1.291515 -12.973995
v -15.329475 -1.27698 -12.973866
v -15.424644 -1.278004 -12.993927
v -15.572771 -1.280477 -12.925984
v -15.687086 -1.28295 -12.809837
v -15.700624 -1.283975 -12.713524
v -15.605456 -1.28295 -12.693463
v -15.457328 -1.280477 -12.761406
v -15.343014 -1.278004 -12.877552
v -15.329475 -1.27698 -12.973866
v -15.400507 -1.266557 -12.924041
v -15.459325 -1.26719 -12.936439
v -15.550872 -1.268718 -12.894448
v -15.621523 -1.270247 -12.822666
v -15.62989 -1.27088 -12.763141
v -15.571072 -1.270247 -12.750742
v -15.479525 -1.268718 -12.792733
v -15.408874 -1.26719 -12.864516
v -15.400507 -1.266557 -12.924041
v -15.515255 -1.264227 -12.843551
v -15.515255 -1.264227 -12.843551
v -15.515255 -1.264227 -12.843551
v -15.515255 -1.264227 -12.843551
v -15.515255 -1.264227 -12.843551
v -15.515255 -1.264227 -12.843551
v -15.515255 -1.264227 -12.843551
v -15.515255 -1.264227 -12.843551
v -15.515255 -1.264227 -12.843551
v -18.005841 -1.375627 -11.252124
v -18.005841 -1.375627 -11.252124
v -18.005841 -1.375627 -11.252124
v -18.005841 -1.375627 -11.252124
v -18.005841 -1.375627 -11.252124
v -18.005841 -1.375627 -11.252124
v -18.005841 -1.375627 -11.252124
v -18.005841 -1.375627 -11.252124
v -18.005841 -1.375627 -11.252124
v -17.949471 -1.376507 -11.151284
v -17.927447 -1.37522 -11.202315
v -17.951306 -1.372114 -11.282455
v -18.007073 -1.369008 -11.344759
v -18.062079 -1.367721 -11.35273
v -18.084104 -1.369008 -11.301699
v -18.060245 -1.372114 -11.221559
v -18.004478 -1.37522 -11.159255
v -17.949471 -1.376507 -11.151284
v -17.914503 -1.370024 -11.088728
v -17.878866 -1.367942 -11.171299
v -17.917472 -1.362916 -11.300968
v -18.007704 -1.35789 -11.401778
v -18.096706 -1.355808 -11.414675
v -18.132343 -1.35789 -11.332105
v -18.093738 -1.362916 -11.202435
v -18.003505 -1.367942 -11.101626
v -17.914503 -1.370024 -11.088728
v -17.914292 -1.358655 -11.08835
v -17.878655 -1.356573 -11.170921
v -17.91726 -1.351547 -11.30059
v -18.007493 -1.346521 -11.4014
v -18.096495 -1.344439 -11.414297
v -18.132132 -1.346521 -11.331727
v -18.093526 -1.351547 -11.202058
v -18.003294 -1.356573 -11.101248
v -17.914292 -1.358655 -11.08835
v -17.948919 -1.346742 -11.150295
v -17.926894 -1.345456 -11.201326
v -17.950753 -1.342349 -11.281466
v -18.00652 -1.339243 -11.34377
v -18.061527 -1.337957 -11.351741
v -18.083551 -1.339243 -11.30071
v -18.059692 -1.342349 -11.22057
v -18.003925 -1.345456 -11.158266
v -17.948919 -1.346742 -11.150295
v -18.005157 -1.338836 -11.250901
v -18.005157 -1.338836 -11.250901
v -18.005157 -1.338836 -11.250901
v -18.005157 -1.338836 -11.250901
v -18.005157 -1.338836 -11.250901
v -18.005157 -1.338836 -11.250901
v -18.005157 -1.338836 -11.250901
v -18.005157 -1.338836 -11.250901
v -18.005157 -1.338836 -11.250901
v 20.697726 0.496948 28.462075
v 20.697726 0.496948 28.462075
v 20.697726 0.496948 28.462075
v 20.697726 0.496948 28.462075
v 20.697726 0.496948 28.462075
v 20.697726 0.496948 28.462075
v 20.697726 0.496948 28.462075
v 20.697726 0.496948 28.462075
v 20.697726 0.496948 28.462075
v 20.630116 0.494155 28.617066
v 20.694149 0.496576 28.59105
v 20.760215 0.502421 28.489626
v 20.789612 0.508265 28.372207
v 20.765121 0.510686 28.307576
v 20.701088 0.508265 28.333592
v 20.635023 0.502421 28.435015
v 20.605626 0.496576 28.552434
v 20.630116 0.494155 28.617066
v 20.588117 0.503374 28.713347
v 20.691725 0.507291 28.671252
v 20.798621 0.516748 28.507145
v 20.846187 0.526205 28.317157
v 20.80656 0.530122 28.212581
v 20.702952 0.526205 28.254676
v 20.596056 0.516748 28.418783
v 20.54849 0.507291 28.608771
v 20.588117 0.503374 28.713347
v 20.587771 0.521084 28.714141
v 20.691378 0.525001 28.672047
v 20.798274 0.534458 28.507939
v 20.84584 0.543915 28.317952
v 20.806213 0.547832 28.213376
v 20.702605 0.543915 28.25547
v 20.59571 0.534458 28.419577
v 20.548143 0.525001 28.609565
v 20.587771 0.521084 28.714141
v 20.629209 0.54052 28.619147
v 20.693242 0.542941 28.593131
v 20.759307 0.548785 28.491707
v 20.788705 0.55463 28.374288
v 20.764214 0.557051 28.309656
v 20.700181 0.55463 28.335672
v 20.634115 0.548785 28.437096
v 20.604718 0.542941 28.554515
v 20.629209 0.54052 28.619147
v 20.696604 0.554258 28.464647
v 20.696604 0.554258 28.464647
v 20.696604 0.554258 28.464647
v 20.696604 0.554258 28.464647
v 20.696604 0.554258 28.464647
v 20.696604 0.554258 28.464647
v 20.696604 0.554258 28.464647
v 20.696604 0.554258 28.464647
v 20.696604 0.554258 28.464647
v 12.12288 1.36872 -9.087624
v 12.12288 1.36872 -9.087624
v 12.12288 1.36872 -9.087624
v 12.12288 1.36872 -9.087624
v 12.12288 1.36872 -9.087624
v 12.12288 1.36872 -9.087624
v 12.12288 1.36872 -9.087624
v 12.12288 1.36872 -9.087624
v 12.12288 1.36872 -9.087624
v 12.15843 1.370433 -9.192795
v 12.045585 1.372116 -9.196734
v 11.978091 1.37618 -9.136973
v 11.995486 1.380244 -9.048519
v 12.087579 1.381927 -8.983187
v 12.200424 1.380244 -8.979247
v 12.267918 1.37618 -9.039008
v 12.250523 1.372116 -9.127463
v 12.15843 1.370433 -9.192795
v 12.180648 1.386411 -9.258528
v 11.998061 1.389135 -9.264903
v 11.888855 1.39571 -9.168207
v 11.917 1.402286 -9.025085
v 12.066011 1.405009 -8.919376
v 12.248598 1.402286 -8.913001
v 12.357804 1.39571 -9.009697
v 12.329659 1.389135 -9.152819
v 12.180648 1.386411 -9.258528
v 12.18105 1.410552 -9.259716
v 11.998463 1.413276 -9.266091
v 11.889256 1.419851 -9.169395
v 11.917402 1.426426 -9.026273
v 12.066412 1.42915 -8.920564
v 12.248999 1.426426 -8.914189
v 12.358206 1.419851 -9.010885
v 12.33006 1.413276 -9.154007
v 12.18105 1.410552 -9.259716
v 12.159481 1.433634 -9.195905
v 12.046636 1.435318 -9.199845
v 11.979143 1.439381 -9.140084
v 11.996537 1.443445 -9.051629
v 12.088631 1.445129 -8.986297
v 12.201476 1.443445 -8.982358
v 12.268969 1.439381 -9.042119
v 12.251574 1.435318 -9.130573
v 12.159481 1.433634 -9.195905
v 12.12418 1.446841 -9.091468
v 12.12418 1.446841 -9.091468
v 12.12418 1.446841 -9.091468
v 12.12418 1.446841 -9.091468
v 12.12418 1.446841 -9.091468
v 12.12418 1.446841 -9.091468
v 12.12418 1.446841 -9.091468
v 12.12418 1.446841 -9.091468
v 12.12418 1.446841 -9.091468
v -23.10934 -1.287992 -15.283838
v -23.10934 -1.287992 -15.283838
v -23.10934 -1.287992 -15.283838
v -23.10934 -1.287992 -15.283838
v -23.10934 -1.287992 -15.283838
v -23.10934 -1.287992 -15.283838
v -23.10934 -1.287992 -15.283838
v -23.10934 -1.287992 -15.283838
v -23.10934 -1.287992 -15.283838
v -23.162703 -1.275932 -15.126647
v -23.044652 -1.277064 -15.137976
v -22.964458 -1.279796 -15.234854
v -22.969098 -1.282528 -15.360533
v -23.055853 -1.283659 -15.44139
v -23.173905 -1.282528 -15.430061
v -23.254098 -1.279796 -15.333182
v -23.249459 -1.277064 -15.207504
v -23.162703 -1.275932 -15.126647
v -23.195561 -1.252085 -15.029859
v -23.004551 -1.253916 -15.048189
v -22.874794 -1.258337 -15.204942
v -22.882301 -1.262757 -15.408293
v -23.022675 -1.264589 -15.539123
v -23.213685 -1.262757 -15.520793
v -23.343442 -1.258337 -15.36404
v -23.335935 -1.253916 -15.160688
v -23.195561 -1.252085 -15.029859
v -23.195363 -1.225561 -15.030443
v -23.004352 -1.227392 -15.048773
v -22.874596 -1.231813 -15.205526
v -22.882103 -1.236233 -15.408877
v -23.022476 -1.238064 -15.539707
v -23.213487 -1.236233 -15.521377
v -23.343244 -1.231813 -15.364624
v -23.335736 -1.227392 -15.161272
v -23.195363 -1.225561 -15.030443
v -23.162184 -1.20649 -15.128176
v -23.044133 -1.207622 -15.139505
v -22.963939 -1.210354 -15.236383
v -22.968579 -1.213086 -15.362061
v -23.055334 -1.214218 -15.442919
v -23.173386 -1.213086 -15.43159
v -23.25358 -1.210354 -15.334711
v -23.24894 -1.207622 -15.209033
v -23.162184 -1.20649 -15.128176
v -23.108698 -1.202157 -15.285728
v -23.108698 -1.202157 -15.285728
v -23.108698 -1.202157 -15.285728
v -23.108698 -1.202157 -15.285728
v -23.108698 -1.202157 -15.285728
v -23.108698 -1.202157 -15.285728
v -23.108698 -1.202157 -15.285728
v -23.108698 -1.202157 -15.285728
v -23.108698 -1.202157 -15.285728
v -9.371964 -1.170886 -8.541027
v -9.371964 -1.170886 -8.541027
v -9.371964 -1.170886 -8.541027
v -9.371964 -1.170886 -8.541027
v -9.371964 -1.170886 -8.541027
v -9.371964 -1.170886 -8.541027
v -9.371964 -1.170886 -8.541027
v -9.371964 -1.170886 -8.541027
v -9.371964 -1.170886 -8.541027
v -9.542542 -1.164649 -8.706127
v -9.551851 -1.163933 -8.596571
v -9.455822 -1.162203 -8.454515
v -9.310707 -1.160474 -8.363173
v -9.201514 -1.159758 -8.376052
v -9.192205 -1.160474 -8.485608
v -9.288234 -1.162203 -8.627664
v -9.433349 -1.163933 -8.719006
v -9.542542 -1.164649 -8.706127
v -9.648094 -1.14343 -8.808288
v -9.663156 -1.142271 -8.631023
v -9.507778 -1.139473 -8.401172
v -9.272978 -1.136675 -8.253377
v -9.096298 -1.135516 -8.274216
v -9.081237 -1.136675 -8.451481
v -9.236615 -1.139473 -8.681333
v -9.471415 -1.142271 -8.829127
v -9.648094 -1.14343 -8.808288
v -9.648302 -1.115333 -8.80849
v -9.663364 -1.114174 -8.631225
v -9.507986 -1.111377 -8.401373
v -9.273186 -1.108579 -8.253579
v -9.096506 -1.10742 -8.274418
v -9.081445 -1.108579 -8.451683
v -9.236823 -1.111377 -8.681534
v -9.471623 -1.114174 -8.829329
v -9.648302 -1.115333 -8.80849
v -9.543087 -1.091092 -8.706654
v -9.552396 -1.090375 -8.597098
v -9.456367 -1.088646 -8.455042
v -9.311252 -1.086917 -8.3637
v -9.202058 -1.086201 -8.376579
v -9.19275 -1.086917 -8.486135
v -9.288779 -1.088646 -8.628191
v -9.433893 -1.090375 -8.719533
v -9.543087 -1.091092 -8.706654
v -9.372637 -1.079964 -8.541679
v -9.372637 -1.079964 -8.541679
v -9.372637 -1.079964 -8.541679
v -9.372637 -1.079964 -8.541679
v -9.372637 -1.079964 -8.541679
v -9.372637 -1.079964 -8.541679
v -9.372637 -1.079964 -8.541679
v -9.372637 -1.079964 -8.541679
v -9.372637 -1.079964 -8.541679
v -11.973672 -1.159785 -3.558607
v -11.973672 -1.159785 -3.558607
v -11.973672 -1.159785 -3.558607
v -11.973672 -1.159785 -3.558607
v -11.973672 -1.159785 -3.558607
v -11.973672 -1.159785 -3.558607
v -11.973672 -1.159785 -3.558607
v -11.973672 -1.159785 -3.558607
v -11.973672 -1.159785 -3.558607
v -12.117711 -1.147464 -3.709241
v -12.193978 -1.147646 -3.551838
v -12.141179 -1.148086 -3.398385
v -11.990243 -1.148527 -3.338774
v -11.829585 -1.148709 -3.407923
v -11.753317 -1.148527 -3.565326
v -11.806116 -1.148086 -3.718779
v -11.957053 -1.147646 -3.77839
v -12.117711 -1.147464 -3.709241
v -12.206683 -1.116452 -3.802288
v -12.330087 -1.116747 -3.547604
v -12.244656 -1.117459 -3.299312
v -12.000436 -1.118172 -3.202859
v -11.740486 -1.118467 -3.314744
v -11.617082 -1.118172 -3.569428
v -11.702513 -1.117459 -3.81772
v -11.946734 -1.116747 -3.914173
v -12.206683 -1.116452 -3.802288
v -12.206605 -1.078595 -3.802206
v -12.330009 -1.07889 -3.547522
v -12.244578 -1.079602 -3.299231
v -12.000357 -1.080315 -3.202777
v -11.740408 -1.08061 -3.314663
v -11.617004 -1.080315 -3.569346
v -11.702435 -1.079602 -3.817638
v -11.946656 -1.07889 -3.914091
v -12.206605 -1.078595 -3.802206
v -12.117506 -1.048353 -3.709027
v -12.193774 -1.048535 -3.551624
v -12.140975 -1.048975 -3.398172
v -11.990038 -1.049416 -3.33856
v -11.82938 -1.049598 -3.407709
v -11.753113 -1.049416 -3.565112
v -11.805912 -1.048975 -3.718565
v -11.956849 -1.048535 -3.778176
v -12.117506 -1.048353 -3.709027
v -11.973419 -1.037277 -3.558343
v -11.973419 -1.037277 -3.558343
v -11.973419 -1.037277 -3.558343
v -11.973419 -1.037277 -3.558343
v -11.973419 -1.037277 -3.558343
v -11.973419 -1.037277 -3.558343
v -11.973419 -1.037277 -3.558343
v -11.973419 -1.037277 -3.558343
v -11.973419 -1.037277 -3.558343
v -2.470289 -0.465155 13.121617
v -2.470289 -0.465155 13.121617
v -2.470289 -0.465155 13.121617
v -2.470289 -0.465155 13.121617
v -2.470289 -0.465155 13.121617
v -2.470289 -0.465155 13.121617
v -2.470289 -0.465155 13.121617
v -2.470289 -0.465155 13.121617
v -2.470289 -0.465155 13.121617
v -2.364863 -0.466979 13.356735
v -2.335153 -0.464107 13.2608
v -2.384532 -0.457173 13.083497
v -2.484073 -0.450239 12.928687
v -2.575466 -0.447366 12.887055
v -2.605176 -0.450239 12.98299
v -2.555797 -0.457173 13.160293
v -2.456256 -0.464107 13.315103
v -2.364863 -0.466979 13.356735
v -2.299457 -0.452142 13.5026
v -2.251386 -0.447495 13.347375
v -2.331282 -0.436275 13.060493
v -2.492343 -0.425056 12.810004
v -2.640221 -0.420409 12.742643
v -2.688292 -0.425056 12.897868
v -2.608396 -0.436275 13.18475
v -2.447335 -0.447495 13.435239
v -2.299457 -0.452142 13.5026
v -2.299054 -0.426311 13.503498
v -2.250983 -0.421664 13.348273
v -2.330879 -0.410445 13.061391
v -2.49194 -0.399225 12.810903
v -2.639818 -0.394578 12.743541
v -2.687889 -0.399225 12.898766
v -2.607993 -0.410445 13.185648
v -2.446932 -0.421664 13.436137
v -2.299054 -0.426311 13.503498
v -2.363808 -0.399354 13.359086
v -2.334099 -0.396481 13.263151
v -2.383477 -0.389547 13.085848
v -2.483018 -0.382613 12.931038
v -2.574412 -0.379741 12.889406
v -2.604122 -0.382613 12.985341
v -2.554743 -0.389547 13.162644
v -2.455202 -0.396481 13.317454
v -2.363808 -0.399354 13.359086
v -2.468986 -0.381565 13.124524
v -2.468986 -0.381565 13.124524
v -2.468986 -0.381565 13.124524
v -2.468986 -0.381565 13.124524
v -2.468986 -0.381565 13.124524
v -2.468986 -0.381565 13.124524
v -2.468986 -0.381565 13.124524
v -2.468986 -0.381565 13.124524
v -2.468986 -0.381565 13.124524
v -29.300816 -0.753908 -7.770083
v -29.300816 -0.753908 -7.770083
v -29.300816 -0.753908 -7.770083
v -29.300816 -0.753908 -7.770083
v -29.300816 -0.753908 -7.770083
v -29.300816 -0.753908 -7.770083
v -29.300816 -0.753908 -7.770083
v -29.300816 -0.753908 -7.770083
v -29.300816 -0.753908 -7.770083
v -29.119697 -0.748398 -7.651376
v -29.134017 -0.747823 -7.745199
v -29.246012 -0.746433 -7.853577
v -29.390077 -0.745043 -7.913024
v -29.481821 -0.744467 -7.888716
v -29.467501 -0.745043 -7.794893
v -29.355507 -0.746433 -7.686515
v -29.211441 -0.747823 -7.627068
v -29.119697 -0.748398 -7.651376
v -29.007646 -0.730043 -7.577936
v -29.030816 -0.729111 -7.729745
v -29.212028 -0.726862 -7.905105
v -29.44513 -0.724613 -8.001292
v -29.593575 -0.723682 -7.961961
v -29.570405 -0.724613 -7.810152
v -29.389194 -0.726862 -7.634793
v -29.156091 -0.729111 -7.538606
v -29.007646 -0.730043 -7.577936
v -29.007463 -0.705853 -7.577816
v -29.030632 -0.704921 -7.729625
v -29.211844 -0.702672 -7.904984
v -29.444946 -0.700423 -8.001171
v -29.593391 -0.699491 -7.961841
v -29.570222 -0.700423 -7.810032
v -29.38901 -0.702672 -7.634672
v -29.155908 -0.704921 -7.538485
v -29.007463 -0.705853 -7.577816
v -29.119217 -0.685067 -7.651061
v -29.133536 -0.684492 -7.744884
v -29.245531 -0.683102 -7.853262
v -29.389596 -0.681712 -7.912709
v -29.48134 -0.681136 -7.888401
v -29.467021 -0.681712 -7.794578
v -29.355026 -0.683102 -7.6862
v -29.21096 -0.684492 -7.626753
v -29.119217 -0.685067 -7.651061
v -29.300222 -0.675626 -7.769694
v -29.300222 -0.675626 -7.769694
v -29.300222 -0.675626 -7.769694
v -29.300222 -0.675626 -7.769694
v -29.300222 -0.675626 -7.769694
v -29.300222 -0.675626 -7.769694
v -29.300222 -0.675626 -7.769694
v -29.300222 -0.675626 -7.769694
v -29.300222 -0.675626 -7.769694
v -15.907237 -1.27403 -14.170375
v -15.907237 -1.27403 -14.170375
v -15.907237 -1.27403 -14.170375
v -15.907237 -1.27403 -14.170375
v -15.907237 -1.27403 -14.170375
v -15.907237 -1.27403 -14.170375
v -15.907237 -1.27403 -14.170375
v -15.907237 -1.27403 -14.170375
v -15.907237 -1.27403 -14.170375
v -15.837772 -1.273043 -14.139023
v -15.837737 -1.272238 -14.193267
v -15.878342 -1.270294 -14.234068
v -15.935801 -1.26835 -14.237527
v -15.976456 -1.267544 -14.201616
v -15.976491 -1.26835 -14.147372
v -15.935886 -1.270294 -14.10657
v -15.878427 -1.272238 -14.103112
v -15.837772 -1.273043 -14.139023
v -15.794594 -1.264961 -14.119535
v -15.794537 -1.263658 -14.207304
v -15.860237 -1.260512 -14.273322
v -15.953208 -1.257366 -14.278918
v -16.018989 -1.256063 -14.220813
v -16.019046 -1.257366 -14.133044
v -15.953346 -1.260512 -14.067026
v -15.860375 -1.263658 -14.06143
v -15.794594 -1.264961 -14.119535
v -15.794196 -1.252869 -14.119355
v -15.794139 -1.251566 -14.207124
v -15.859839 -1.24842 -14.273142
v -15.95281 -1.245275 -14.278738
v -16.018591 -1.243971 -14.220633
v -16.018648 -1.245275 -14.132864
v -15.952948 -1.24842 -14.066846
v -15.859977 -1.251566 -14.06125
v -15.794196 -1.252869 -14.119355
v -15.836729 -1.241388 -14.138552
v -15.836694 -1.240583 -14.192796
v -15.877299 -1.238638 -14.233598
v -15.934758 -1.236694 -14.237056
v -15.975413 -1.235889 -14.201145
v -15.975448 -1.236694 -14.146901
v -15.934844 -1.238638 -14.1061
v -15.877384 -1.240583 -14.102641
v -15.836729 -1.241388 -14.138552
v -15.905948 -1.234902 -14.169793
v -15.905948 -1.234902 -14.169793
v -15.905948 -1.234902 -14.169793
v -15.905948 -1.234902 -14.169793
v -15.905948 -1.234902 -14.169793
v -15.905948 -1.234902 -14.169793
v -15.905948 -1.234902 -14.169793
v -15.905948 -1.234902 -14.169793
v -15.905948 -1.234902 -14.169793
v -8.781314 -1.104015 -10.167686
v -8.781314 -1.104015 -10.167686
v -8.781314 -1.104015 -10.167686
v -8.781314 -1.104015 -10.167686
v -8.781314 -1.104015 -10.167686
v -8.781314 -1.104015 -10.167686
v -8.781314 -1.104015 -10.167686
v -8.781314 -1.104015 -10.167686
v -8.781314 -1.104015 -10.167686
v -8.850046 -1.099748 -10.353814
v -8.885914 -1.099127 -10.278641
v -8.860522 -1.097626 -10.138509
v -8.788745 -1.096126 -10.015506
v -8.712629 -1.095504 -9.981686
v -8.676761 -1.096126 -10.056859
v -8.702153 -1.097626 -10.196991
v -8.77393 -1.099127 -10.319993
v -8.850046 -1.099748 -10.353814
v -8.892572 -1.084336 -10.468976
v -8.950608 -1.08333 -10.347343
v -8.909523 -1.080902 -10.120605
v -8.793386 -1.078474 -9.921582
v -8.670227 -1.077468 -9.866859
v -8.612191 -1.078474 -9.988493
v -8.653276 -1.080902 -10.21523
v -8.769414 -1.08333 -10.414253
v -8.892572 -1.084336 -10.468976
v -8.892649 -1.063663 -10.469183
v -8.950684 -1.062658 -10.34755
v -8.9096 -1.06023 -10.120812
v -8.793462 -1.057802 -9.92179
v -8.670303 -1.056796 -9.867067
v -8.612268 -1.057802 -9.9887
v -8.653352 -1.06023 -10.215438
v -8.76949 -1.062658 -10.41446
v -8.892649 -1.063663 -10.469183
v -8.850247 -1.045627 -10.354357
v -8.886115 -1.045006 -10.279184
v -8.860723 -1.043505 -10.139052
v -8.788946 -1.042005 -10.016049
v -8.71283 -1.041383 -9.982229
v -8.676962 -1.042005 -10.057402
v -8.702353 -1.043505 -10.197534
v -8.77413 -1.045006 -10.320537
v -8.850247 -1.045627 -10.354357
v -8.781562 -1.037117 -10.168357
v -8.781562 -1.037117 -10.168357
v -8.781562 -1.037117 -10.168357
v -8.781562 -1.037117 -10.168357
v -8.781562 -1.037117 -10.168357
v -8.781562 -1.037117 -10.168357
v -8.781562 -1.037117 -10.168357
v -8.781562 -1.037117 -10.168357
v -8.781562 -1.037117 -10.168357
v -17.602279 -1.164841 -6.489675
v -17.602279 -1.164841 -6.489675
v -17.602279 -1.164841 -6.489675
v -17.602279 -1.164841 -6.489675
v -17.602279 -1.164841 -6.489675
v -17.602279 -1.164841 -6.489675
v -17.602279 -1.164841 -6.489675
v -17.602279 -1.164841 -6.489675
v -17.602279 -1.164841 -6.489675
v -17.740867 -1.145798 -6.406687
v -17.640433 -1.148503 -6.331376
v -17.517368 -1.155035 -6.348962
v -17.443762 -1.161567 -6.449143
v -17.462732 -1.164273 -6.573236
v -17.563166 -1.161567 -6.648547
v -17.686231 -1.155035 -6.630962
v -17.759838 -1.148503 -6.53078
v -17.740867 -1.145798 -6.406687
v -17.825561 -1.114418 -6.355973
v -17.663055 -1.118796 -6.234116
v -17.463932 -1.129365 -6.26257
v -17.344834 -1.139934 -6.424668
v -17.375529 -1.144311 -6.625454
v -17.538034 -1.139934 -6.747311
v -17.737158 -1.129365 -6.718856
v -17.856255 -1.118796 -6.556758
v -17.825561 -1.114418 -6.355973
v -17.824009 -1.082688 -6.356902
v -17.661504 -1.087065 -6.235045
v -17.46238 -1.097634 -6.263499
v -17.343283 -1.108203 -6.425597
v -17.373977 -1.112581 -6.626383
v -17.536483 -1.108203 -6.748239
v -17.735606 -1.097634 -6.719785
v -17.854704 -1.087065 -6.557687
v -17.824009 -1.082688 -6.356902
v -17.736806 -1.062726 -6.409119
v -17.636372 -1.065432 -6.333808
v -17.513307 -1.071964 -6.351394
v -17.439701 -1.078496 -6.451576
v -17.458671 -1.081201 -6.575668
v -17.559105 -1.078496 -6.65098
v -17.68217 -1.071964 -6.633394
v -17.755776 -1.065432 -6.533212
v -17.736806 -1.062726 -6.409119
v -17.597259 -1.062158 -6.492681
v -17.597259 -1.062158 -6.492681
v -17.597259 -1.062158 -6.492681
v -17.597259 -1.062158 -6.492681
v -17.597259 -1.062158 -6.492681
v -17.597259 -1.062158 -6.492681
v -17.597259 -1.062158 -6.492681
v -17.597259 -1.062158 -6.492681
v -17.597259 -1.062158 -6.492681
v -24.117062 -1.186692 -10.485612
v -24.117062 -1.186692 -10.485612
v -24.117062 -1.186692 -10.485612
v -24.117062 -1.186692 -10.485612
v -24.117062 -1.186692 -10.485612
v -24.117062 -1.186692 -10.485612
v -24.117062 -1.186692 -10.485612
v -24.117062 -1.186692 -10.485612
v -24.117062 -1.186692 -10.485612
v -24.216403 -1.176916 -10.501274
v -24.196846 -1.17826 -10.435734
v -24.130416 -1.181505 -10.39939
v -24.056027 -1.18475 -10.413532
v -24.017254 -1.186094 -10.469877
v -24.036811 -1.18475 -10.535418
v -24.103241 -1.181505 -10.571762
v -24.17763 -1.17826 -10.557619
v -24.216403 -1.176916 -10.501274
v -24.277332 -1.160498 -10.51088
v -24.245689 -1.162673 -10.404833
v -24.138203 -1.167923 -10.346028
v -24.017839 -1.173174 -10.368911
v -23.955103 -1.175349 -10.460078
v -23.986746 -1.173174 -10.566125
v -24.094232 -1.167923 -10.624931
v -24.214597 -1.162673 -10.602048
v -24.277332 -1.160498 -10.51088
v -24.276577 -1.143711 -10.510761
v -24.244934 -1.145885 -10.404714
v -24.137449 -1.151136 -10.345909
v -24.017084 -1.156386 -10.368792
v -23.954348 -1.158561 -10.459959
v -23.985992 -1.156386 -10.566006
v -24.093477 -1.151136 -10.624812
v -24.213842 -1.145885 -10.601929
v -24.276577 -1.143711 -10.510761
v -24.214426 -1.132965 -10.500963
v -24.19487 -1.134309 -10.435422
v -24.12844 -1.137554 -10.399078
v -24.054051 -1.140799 -10.413221
v -24.015278 -1.142143 -10.469565
v -24.034834 -1.140799 -10.535106
v -24.101264 -1.137554 -10.57145
v -24.175654 -1.134309 -10.557307
v -24.214426 -1.132965 -10.500963
v -24.114619 -1.132367 -10.485227
v -24.114619 -1.132367 -10.485227
v -24.114619 -1.132367 -10.485227
v -24.114619 -1.132367 -10.485227
v -24.114619 -1.132367 -10.485227
v -24.114619 -1.132367 -10.485227
v -24.114619 -1.132367 -10.485227
v -24.114619 -1.132367 -10.485227
v -24.114619 -1.132367 -10.485227
v -13.509519 -0.131137 9.381322
v -13.509519 -0.131137 9.381322
v -13.509519 -0.131137 9.381322
v -13.509519 -0.131137 9.381322
v -13.509519 -0.131137 9.381322
v -13.509519 -0.131137 9.381322
v -13.509519 -0.131137 9.381322
v -13.509519 -0.131137 9.381322
v -13.509519 -0.131137 9.381322
v -13.415985 -0.129731 9.588958
v -13.38324 -0.127849 9.501123
v -13.424414 -0.123306 9.343228
v -13.515388 -0.118764 9.207766
v -13.60287 -0.116882 9.174089
v -13.635615 -0.118764 9.261924
v -13.594441 -0.123306 9.419819
v -13.503468 -0.127849 9.555281
v -13.415985 -0.129731 9.588958
v -13.357997 -0.113202 9.717688
v -13.305015 -0.110157 9.575567
v -13.371635 -0.102807 9.320088
v -13.518834 -0.095456 9.100906
v -13.660383 -0.092412 9.046415
v -13.713366 -0.095456 9.188536
v -13.646745 -0.102807 9.444015
v -13.499547 -0.110157 9.663197
v -13.357997 -0.113202 9.717688
v -13.357703 -0.087862 9.71834
v -13.304721 -0.084818 9.57622
v -13.371341 -0.077467 9.32074
v -13.51854 -0.070117 9.101558
v -13.660089 -0.067073 9.047067
v -13.713072 -0.070117 9.189188
v -13.646451 -0.077467 9.444668
v -13.499253 -0.084818 9.66385
v -13.357703 -0.087862 9.71834
v -13.415216 -0.063392 9.590666
v -13.382471 -0.06151 9.502831
v -13.423645 -0.056968 9.344936
v -13.514619 -0.052425 9.209474
v -13.602101 -0.050543 9.175797
v -13.634846 -0.052425 9.263632
v -13.593672 -0.056968 9.421527
v -13.502698 -0.06151 9.556989
v -13.415216 -0.063392 9.590666
v -13.508568 -0.049137 9.383433
v -13.508568 -0.049137 9.383433
v -13.508568 -0.049137 9.383433
v -13.508568 -0.049137 9.383433
v -13.508568 -0.049137 9.383433
v -13.508568 -0.049137 9.383433
v -13.508568 -0.049137 9.383433
v -13.508568 -0.049137 9.383433
v -13.508568 -0.049137 9.383433
v -12.983812 -1.317871 -13.184579
v -12.983812 -1.317871 -13.184579
v -12.983812 -1.317871 -13.184579
v -12.983812 -1.317871 -13.184579
v -12.983812 -1.317871 -13.184579
v -12.983812 -1.317871 -13.184579
v -12.983812 -1.317871 -13.184579
v -12.983812 -1.317871 -13.184579
v -12.983812 -1.317871 -13.184579
v -13.164674 -1.307124 -13.091471
v -13.074231 -1.307163 -13.045961
v -12.930819 -1.307258 -13.081654
v -12.818445 -1.307353 -13.17764
v -12.802938 -1.307392 -13.277693
v -12.893381 -1.307353 -13.323203
v -13.036793 -1.307258 -13.28751
v -13.149167 -1.307163 -13.191524
v -13.164674 -1.307124 -13.091471
v -13.27644 -1.279254 -13.033934
v -13.130101 -1.279318 -12.960298
v -12.898054 -1.279471 -13.018049
v -12.71623 -1.279625 -13.173358
v -12.691139 -1.279689 -13.335247
v -12.837478 -1.279625 -13.408883
v -13.069525 -1.279471 -13.351132
v -13.251349 -1.279318 -13.195823
v -13.27644 -1.279254 -13.033934
v -13.27642 -1.244908 -13.033945
v -13.130081 -1.244972 -12.960308
v -12.898034 -1.245125 -13.018059
v -12.71621 -1.245279 -13.173368
v -12.691119 -1.245343 -13.335257
v -12.837458 -1.245279 -13.408894
v -13.069505 -1.245125 -13.351142
v -13.251329 -1.244972 -13.195834
v -13.27642 -1.244908 -13.033945
v -13.164621 -1.217205 -13.091499
v -13.074179 -1.217244 -13.045989
v -12.930766 -1.217339 -13.081681
v -12.818392 -1.217434 -13.177667
v -12.802885 -1.217473 -13.27772
v -12.893328 -1.217434 -13.32323
v -13.036741 -1.217339 -13.287538
v -13.149114 -1.217244 -13.191551
v -13.164621 -1.217205 -13.091499
v -12.983747 -1.206725 -13.184612
v -12.983747 -1.206725 -13.184612
v -12.983747 -1.206725 -13.184612
v -12.983747 -1.206725 -13.184612
v -12.983747 -1.206725 -13.184612
v -12.983747 -1.206725 -13.184612
v -12.983747 -1.206725 -13.184612
v -12.983747 -1.206725 -13.184612
v -12.983747 -1.206725 -13.184612
v -22.106191 0.371125 29.939927
v -22.106191 0.371125 29.939927
v -22.106191 0.371125 29.939927
v -22.106191 0.371125 29.939927
v -22.106191 0.371125 29.939927
v -22.106191 0.371125 29.939927
v -22.106191 0.371125 29.939927
v -22.106191 0.371125 29.939927
v -22.106191 0.371125 29.939927
v -22.067707 0.373014 30.055752
v -22.044841 0.373861 30.01052
v -22.057893 0.375906 29.923999
v -22.099216 0.377952 29.846871
v -22.144604 0.378799 29.824318
v -22.167469 0.377952 29.869549
v -22.154418 0.375906 29.956071
v -22.113095 0.373861 30.033198
v -22.067707 0.373014 30.055752
v -22.043851 0.383743 30.127551
v -22.006853 0.385114 30.054364
v -22.027971 0.388423 29.91437
v -22.094833 0.391733 29.789575
v -22.168273 0.393103 29.753082
v -22.20527 0.391733 29.826269
v -22.184152 0.388423 29.966263
v -22.11729 0.385114 30.091058
v -22.043851 0.383743 30.127551
v -22.043735 0.399215 30.127899
v -22.006738 0.400586 30.054712
v -22.027855 0.403895 29.914718
v -22.094717 0.407204 29.789923
v -22.168157 0.408575 29.753431
v -22.205154 0.407204 29.826617
v -22.184036 0.403895 29.966611
v -22.117174 0.400586 30.091406
v -22.043735 0.399215 30.127899
v -22.067404 0.413519 30.056663
v -22.044538 0.414367 30.011432
v -22.05759 0.416412 29.924911
v -22.098913 0.418457 29.847783
v -22.144301 0.419304 29.825229
v -22.167166 0.418457 29.870461
v -22.154115 0.416412 29.956982
v -22.112792 0.414367 30.03411
v -22.067404 0.413519 30.056663
v -22.105817 0.421193 29.941054
v -22.105817 0.421193 29.941054
v -22.105817 0.421193 29.941054
v -22.105817 0.421193 29.941054
v -22.105817 0.421193 29.941054
v -22.105817 0.421193 29.941054
v -22.105817 0.421193 29.941054
v -22.105817 0.421193 29.941054
v -22.105817 0.421193 29.941054
v 22.531305 1.179529 0.0285
v 22.531305 1.179529 0.0285
v 22.531305 1.179529 0.0285
v 22.531305 1.179529 0.0285
v 22.531305 1.179529 0.0285
v 22.531305 1.179529 0.0285
v 22.531305 1.179529 0.0285
v 22.531305 1.179529 0.0285
v 22.531305 1.179529 0.0285
v 22.368214 1.193594 0.13079
v 22.465583 1.191678 0.179772
v 22.601578 1.187051 0.140062
v 22.696535 1.182424 0.034921
v 22.694829 1.180508 -0.074061
v 22.59746 1.182424 -0.123044
v 22.461466 1.187051 -0.083333
v 22.366509 1.191678 0.021808
v 22.368214 1.193594 0.13079
v 22.267851 1.217332 0.193737
v 22.425397 1.214231 0.272992
v 22.645441 1.206745 0.20874
v 22.799085 1.199259 0.038618
v 22.796325 1.196158 -0.137719
v 22.638779 1.199259 -0.216974
v 22.418735 1.206745 -0.152721
v 22.265091 1.214231 0.017401
v 22.267851 1.217332 0.193737
v 22.268551 1.241675 0.193298
v 22.426097 1.238574 0.272553
v 22.646141 1.231088 0.208301
v 22.799785 1.223602 0.038179
v 22.797025 1.220501 -0.138158
v 22.639479 1.223602 -0.217413
v 22.419435 1.231088 -0.153161
v 22.265791 1.238574 0.016962
v 22.268551 1.241675 0.193298
v 22.370047 1.257325 0.12964
v 22.467415 1.255408 0.178623
v 22.60341 1.250782 0.138913
v 22.698367 1.246155 0.033772
v 22.696662 1.244239 -0.07521
v 22.599293 1.246155 -0.124193
v 22.463298 1.250782 -0.084483
v 22.368341 1.255408 0.020659
v 22.370047 1.257325 0.12964
v 22.533571 1.258304 0.027079
v 22.533571 1.258304 0.027079
v 22.533571 1.258304 0.027079
v 22.533571 1.258304 0.027079
v 22.533571 1.258304 0.027079
v 22.533571 1.258304 0.027079
v 22.533571 1.258304 0.027079
v 22.533571 1.258304 0.027079
v 22.533571 1.258304 0.027079
v -1.562941 0.394208 -26.620719
v -1.562941 0.394208 -26.620719
v -1.562941 0.394208 -26.620719
v -1.562941 0.394208 -26.620719
v -1.562941 0.394208 -26.620719
v -1.562941 0.394208 -26.620719
v -1.562941 0.394208 -26.620719
v -1.562941 0.394208 -26.620719
v -1.562941 0.394208 -26.620719
v -1.49996 0.398821 -26.63094
v -1.524637 0.398582 -26.666246
v -1.571779 0.398007 -26.674878
v -1.613772 0.397432 -26.65178
v -1.626017 0.397193 -26.610482
v -1.60134 0.397432 -26.575176
v -1.554198 0.398007 -26.566544
v -1.512205 0.398582 -26.589643
v -1.49996 0.398821 -26.63094
v -1.461132 0.409269 -26.637242
v -1.501059 0.408883 -26.694368
v -1.577338 0.407952 -26.708335
v -1.645284 0.407021 -26.670961
v -1.665096 0.406636 -26.60414
v -1.625168 0.407021 -26.547014
v -1.54889 0.407952 -26.533047
v -1.480944 0.408883 -26.570421
v -1.461132 0.409269 -26.637242
v -1.461286 0.421562 -26.637217
v -1.501214 0.421176 -26.694343
v -1.577492 0.420245 -26.70831
v -1.645438 0.419314 -26.670936
v -1.66525 0.418929 -26.604115
v -1.625323 0.419314 -26.546989
v -1.549044 0.420245 -26.533022
v -1.481098 0.421176 -26.570396
v -1.461286 0.421562 -26.637217
v -1.500365 0.431004 -26.630875
v -1.525042 0.430766 -26.66618
v -1.572184 0.43019 -26.674812
v -1.614177 0.429615 -26.651714
v -1.626422 0.429377 -26.610416
v -1.601745 0.429615 -26.575111
v -1.554602 0.43019 -26.566479
v -1.512609 0.430766 -26.589577
v -1.500365 0.431004 -26.630875
v -1.563441 0.433989 -26.620638
v -1.563441 0.433989 -26.620638
v -1.563441 0.433989 -26.620638
v -1.563441 0.433989 -26.620638
v -1.563441 0.433989 -26.620638
v -1.563441 0.433989 -26.620638
v -1.563441 0.433989 -26.620638
v -1.563441 0.433989 -26.620638
v -1.563441 0.433989 -26.620638
v -17.665134 -0.970706 -3.141501
v -17.665134 -0.970706 -3.141501
v -17.665134 -0.970706 -3.141501
v -17.665134 -0.970706 -3.141501
v -17.665134 -0.970706 -3.141501
v -17.665134 -0.970706 -3.141501
v -17.665134 -0.970706 -3.141501
v -17.665134 -0.970706 -3.141501
v -17.665134 -0.970706 -3.141501
v -17.615554 -0.969646 -3.188587
v -17.664679 -0.968627 -3.211331
v -17.713972 -0.966168 -3.193263
v -17.734559 -0.96371 -3.144967
v -17.714379 -0.962691 -3.094735
v -17.665254 -0.96371 -3.071991
v -17.615961 -0.966168 -3.090059
v -17.595374 -0.968627 -3.138355
v -17.615554 -0.969646 -3.188587
v -17.584575 -0.959914 -3.218007
v -17.664061 -0.958267 -3.254807
v -17.74382 -0.954288 -3.225572
v -17.77713 -0.95031 -3.147428
v -17.744478 -0.948662 -3.06615
v -17.664993 -0.95031 -3.02935
v -17.585234 -0.954288 -3.058584
v -17.551924 -0.958267 -3.136729
v -17.584575 -0.959914 -3.218007
v -17.584032 -0.94523 -3.218523
v -17.663518 -0.943582 -3.255323
v -17.743276 -0.939603 -3.226088
v -17.776586 -0.935625 -3.147944
v -17.743935 -0.933977 -3.066666
v -17.66445 -0.935625 -3.029866
v -17.584691 -0.939603 -3.0591
v -17.551381 -0.943582 -3.137245
v -17.584032 -0.94523 -3.218523
v -17.614131 -0.9312 -3.189938
v -17.663256 -0.930182 -3.212682
v -17.71255 -0.927723 -3.194614
v -17.733136 -0.925265 -3.146318
v -17.712957 -0.924246 -3.096085
v -17.663832 -0.925265 -3.073342
v -17.614539 -0.927723 -3.09141
v -17.593952 -0.930182 -3.139705
v -17.614131 -0.9312 -3.189938
v -17.663376 -0.923185 -3.143171
v -17.663376 -0.923185 -3.143171
v -17.663376 -0.923185 -3.143171
v -17.663376 -0.923185 -3.143171
v -17.663376 -0.923185 -3.143171
v -17.663376 -0.923185 -3.143171
v -17.663376 -0.923185 -3.143171
v -17.663376 -0.923185 -3.143171
v -17.663376 -0.923185 -3.143171
v -22.368446 -0.668422 -3.277753
v -22.368446 -0.668422 -3.277753
v -22.368446 -0.668422 -3.277753
v -22.368446 -0.668422 -3.277753
v -22.368446 -0.668422 -3.277753
v -22.368446 -0.668422 -3.277753
v -22.368446 -0.668422 -3.277753
v -22.368446 -0.668422 -3.277753
v -22.368446 -0.668422 -3.277753
v -22.382794 -0.662421 -3.123335
v -22.289288 -0.661058 -3.160171
v -22.242169 -0.657767 -3.265698
v -22.269039 -0.654477 -3.3781
v -22.354157 -0.653114 -3.431533
v -22.447663 -0.654477 -3.394697
v -22.494782 -0.657767 -3.28917
v -22.467912 -0.661058 -3.176768
v -22.382794 -0.662421 -3.123335
v -22.39172 -0.637402 -3.027262
v -22.240425 -0.635197 -3.086864
v -22.164185 -0.629873 -3.25761
v -22.207661 -0.624549 -3.439479
v -22.345385 -0.622343 -3.525936
v -22.496681 -0.624549 -3.466334
v -22.572921 -0.629873 -3.295588
v -22.529445 -0.635197 -3.113718
v -22.39172 -0.637402 -3.027262
v -22.391816 -0.602922 -3.02623
v -22.240521 -0.600717 -3.085831
v -22.164281 -0.595393 -3.256577
v -22.207757 -0.590069 -3.438447
v -22.345481 -0.587864 -3.524903
v -22.496777 -0.590069 -3.465302
v -22.573017 -0.595393 -3.294556
v -22.529541 -0.600717 -3.112686
v -22.391816 -0.602922 -3.02623
v -22.383045 -0.572152 -3.120633
v -22.289539 -0.570789 -3.157469
v -22.24242 -0.567498 -3.262995
v -22.26929 -0.564208 -3.375397
v -22.354408 -0.562845 -3.42883
v -22.447914 -0.564208 -3.391994
v -22.495033 -0.567498 -3.286467
v -22.468163 -0.570789 -3.174066
v -22.383045 -0.572152 -3.120633
v -22.368756 -0.556843 -3.274412
v -22.368756 -0.556843 -3.274412
v -22.368756 -0.556843 -3.274412
v -22.368756 -0.556843 -3.274412
v -22.368756 -0.556843 -3.274412
v -22.368756 -0.556843 -3.274412
v -22.368756 -0.556843 -3.274412
v -22.368756 -0.556843 -3.274412
v -22.368756 -0.556843 -3.274412
v -11.526235 -1.222822 -8.994632
v -11.526235 -1.222822 -8.994632
v -11.526235 -1.222822 -8.994632
v -11.526235 -1.222822 -8.994632
v -11.526235 -1.222822 -8.994632
v -11.526235 -1.222822 -8.994632
v -11.526235 -1.222822 -8.994632
v -11.526235 -1.222822 -8.994632
v -11.526235 -1.222822 -8.994632
v -11.683655 -1.225217 -9.000073
v -11.639717 -1.222805 -8.938315
v -11.529482 -1.216981 -8.909553
v -11.417524 -1.211157 -8.930635
v -11.369427 -1.208745 -8.989212
v -11.413365 -1.211157 -9.05097
v -11.5236 -1.216981 -9.079732
v -11.635558 -1.222805 -9.05865
v -11.683655 -1.225217 -9.000073
v -11.781557 -1.215016 -9.003457
v -11.710464 -1.211113 -8.90353
v -11.5321 -1.201689 -8.856992
v -11.350949 -1.192266 -8.891104
v -11.273126 -1.188363 -8.985884
v -11.34422 -1.192266 -9.085811
v -11.522583 -1.201689 -9.132349
v -11.703734 -1.211113 -9.098236
v -11.781557 -1.215016 -9.003457
v -11.782547 -1.196115 -9.003491
v -11.711453 -1.192211 -8.903564
v -11.53309 -1.182788 -8.857026
v -11.351939 -1.173365 -8.891138
v -11.274116 -1.169461 -8.985918
v -11.345209 -1.173365 -9.085845
v -11.523573 -1.182788 -9.132383
v -11.704724 -1.192211 -9.098271
v -11.782547 -1.196115 -9.003491
v -11.686246 -1.175733 -9.000162
v -11.642308 -1.17332 -8.938404
v -11.532073 -1.167496 -8.909642
v -11.420115 -1.161672 -8.930725
v -11.372018 -1.15926 -8.989302
v -11.415956 -1.161672 -9.05106
v -11.526191 -1.167496 -9.079822
v -11.638149 -1.17332 -9.05874
v -11.686246 -1.175733 -9.000162
v -11.529438 -1.161655 -8.994743
v -11.529438 -1.161655 -8.994743
v -11.529438 -1.161655 -8.994743
v -11.529438 -1.161655 -8.994743
v -11.529438 -1.161655 -8.994743
v -11.529438 -1.161655 -8.994743
v -11.529438 -1.161655 -8.994743
v -11.529438 -1.161655 -8.994743
v -11.529438 -1.161655 -8.994743
v -17.379534 -1.312956 -14.089536
v -17.379534 -1.312956 -14.089536
v -17.379534 -1.312956 -14.089536
v -17.379534 -1.312956 -14.089536
v -17.379534 -1.312956 -14.089536
v -17.379534 -1.312956 -14.089536
v -17.379534 -1.312956 -14.089536
v -17.379534 -1.312956 -14.089536
v -17.379534 -1.312956 -14.089536
v -17.441266 -1.305268 -13.908729
v -17.350991 -1.304904 -13.937019
v -17.277446 -1.304024 -14.054619
v -17.263714 -1.303145 -14.19264
v -17.317839 -1.30278 -14.270233
v -17.408114 -1.303145 -14.241943
v -17.481659 -1.304024 -14.124343
v -17.495391 -1.304904 -13.986321
v -17.441266 -1.305268 -13.908729
v -17.479457 -1.282653 -13.796874
v -17.333388 -1.282064 -13.842648
v -17.21439 -1.28064 -14.032929
v -17.192171 -1.279217 -14.256253
v -17.279747 -1.278627 -14.381799
v -17.425815 -1.279217 -14.336025
v -17.544813 -1.28064 -14.145744
v -17.567032 -1.282064 -13.92242
v -17.479457 -1.282653 -13.796874
v -17.479518 -1.253749 -13.796695
v -17.333449 -1.253159 -13.842469
v -17.214451 -1.251736 -14.03275
v -17.192232 -1.250313 -14.256074
v -17.279807 -1.249723 -14.381621
v -17.425876 -1.250313 -14.335847
v -17.544874 -1.251736 -14.145566
v -17.567093 -1.253159 -13.922242
v -17.479518 -1.253749 -13.796695
v -17.441426 -1.229596 -13.908262
v -17.35115 -1.229232 -13.936552
v -17.277606 -1.228352 -14.054152
v -17.263873 -1.227472 -14.192174
v -17.317998 -1.227108 -14.269766
v -17.408273 -1.227472 -14.241476
v -17.481818 -1.228352 -14.123876
v -17.49555 -1.229232 -13.985854
v -17.441426 -1.229596 -13.908262
v -17.379731 -1.21942 -14.088959
v -17.379731 -1.21942 -14.088959
v -17.379731 -1.21942 -14.088959
v -17.379731 -1.21942 -14.088959
v -17.379731 -1.21942 -14.088959
v -17.379731 -1.21942 -14.088959
v -17.379731 -1.21942 -14.088959
v -17.379731 -1.21942 -14.088959
v -17.379731 -1.21942 -14.088959
v -21.289966 -1.246321 -9.600379
v -21.289966 -1.246321 -9.600379
v -21.289966 -1.246321 -9.600379
v -21.289966 -1.246321 -9.600379
v -21.289966 -1.246321 -9.600379
v -21.289966 -1.246321 -9.600379
v -21.289966 -1.246321 -9.600379
v -21.289966 -1.246321 -9.600379
v -21.289966 -1.246321 -9.600379
v -21.246642 -1.238992 -9.807942
v -21.349002 -1.238505 -9.765886
v -21.41677 -1.23733 -9.626919
v -21.410251 -1.236155 -9.472446
v -21.333261 -1.235668 -9.392955
v -21.230902 -1.236155 -9.435011
v -21.163133 -1.23733 -9.573978
v -21.169653 -1.238505 -9.728451
v -21.246642 -1.238992 -9.807942
v -21.219838 -1.21648 -9.936361
v -21.385459 -1.215692 -9.868313
v -21.495111 -1.213791 -9.643459
v -21.484562 -1.211889 -9.393516
v -21.35999 -1.211102 -9.264897
v -21.194369 -1.211889 -9.332945
v -21.084717 -1.213791 -9.557799
v -21.095266 -1.215692 -9.807742
v -21.219838 -1.21648 -9.936361
v -21.219791 -1.187384 -9.936584
v -21.385412 -1.186596 -9.868536
v -21.495064 -1.184695 -9.643683
v -21.484515 -1.182793 -9.39374
v -21.359944 -1.182006 -9.26512
v -21.194322 -1.182793 -9.333169
v -21.08467 -1.184695 -9.558022
v -21.095219 -1.186596 -9.807965
v -21.219791 -1.187384 -9.936584
v -21.24652 -1.162818 -9.808527
v -21.34888 -1.162331 -9.766471
v -21.416648 -1.161156 -9.627504
v -21.410129 -1.159981 -9.47303
v -21.333139 -1.159494 -9.393539
v -21.23078 -1.159981 -9.435595
v -21.163011 -1.161156 -9.574563
v -21.169531 -1.162331 -9.729036
v -21.24652 -1.162818 -9.808527
v -21.289815 -1.152165 -9.601102
v -21.289815 -1.152165 -9.601102
v -21.289815 -1.152165 -9.601102
v -21.289815 -1.152165 -9.601102
v -21.289815 -1.152165 -9.601102
v -21.289815 -1.152165 -9.601102
v -21.289815 -1.152165 -9.601102
v -21.289815 -1.152165 -9.601102
v -21.289815 -1.152165 -9.601102
v -19.345128 -1.307918 -10.254056
v -19.345128 -1.307918 -10.254056
v -19.345128 -1.307918 -10.254056
v -19.345128 -1.307918 -10.254056
v -19.345128 -1.307918 -10.254056
v -19.345128 -1.307918 -10.254056
v -19.345128 -1.307918 -10.254056
v -19.345128 -1.307918 -10.254056
v -19.345128 -1.307918 -10.254056
v -19.40726 -1.305122 -10.303005
v -19.431478 -1.304564 -10.234883
v -19.405165 -1.303218 -10.178034
v -19.343736 -1.301872 -10.165758
v -19.283175 -1.301314 -10.205247
v -19.258957 -1.301872 -10.273369
v -19.28527 -1.303218 -10.330218
v -19.346699 -1.304564 -10.342494
v -19.40726 -1.305122 -10.303005
v -19.445837 -1.293993 -10.333398
v -19.485022 -1.29309 -10.223174
v -19.442448 -1.290912 -10.13119
v -19.343054 -1.288734 -10.111327
v -19.245063 -1.287832 -10.175222
v -19.205879 -1.288734 -10.285445
v -19.248453 -1.290912 -10.377429
v -19.347847 -1.29309 -10.397292
v -19.445837 -1.293993 -10.333398
v -19.446125 -1.278782 -10.333624
v -19.48531 -1.27788 -10.223401
v -19.442736 -1.275701 -10.131417
v -19.343342 -1.273523 -10.111554
v -19.245351 -1.272621 -10.175449
v -19.206167 -1.273523 -10.285672
v -19.248741 -1.275701 -10.377656
v -19.348135 -1.27788 -10.397519
v -19.446125 -1.278782 -10.333624
v -19.408014 -1.265299 -10.303599
v -19.432232 -1.264742 -10.235477
v -19.405919 -1.263396 -10.178628
v -19.34449 -1.262049 -10.166352
v -19.283929 -1.261492 -10.205841
v -19.259711 -1.262049 -10.273963
v -19.286024 -1.263396 -10.330812
v -19.347453 -1.264742 -10.343088
v -19.408014 -1.265299 -10.303599
v -19.34606 -1.258695 -10.25479
v -19.34606 -1.258695 -10.25479
v -19.34606 -1.258695 -10.25479
v -19.34606 -1.258695 -10.25479
v -19.34606 -1.258695 -10.25479
v -19.34606 -1.258695 -10.25479
v -19.34606 -1.258695 -10.25479
v -19.34606 -1.258695 -10.25479
v -19.34606 -1.258695 -10.25479
v -22.760533 -1.301671 -14.32733
v -22.760533 -1.301671 -14.32733
v -22.760533 -1.301671 -14.32733
v -22.760533 -1.301671 -14.32733
v -22.760533 -1.301671 -14.32733
v -22.760533 -1.301671 -14.32733
v -22.760533 -1.301671 -14.32733
v -22.760533 -1.301671 -14.32733
v -22.760533 -1.301671 -14.32733
v -22.686983 -1.296335 -14.289765
v -22.684454 -1.296776 -14.347941
v -22.726528 -1.297841 -14.394062
v -22.788558 -1.298907 -14.401111
v -22.834207 -1.299348 -14.364959
v -22.836735 -1.298907 -14.306783
v -22.794662 -1.297841 -14.260662
v -22.732632 -1.296776 -14.253613
v -22.686983 -1.296335 -14.289765
v -22.641651 -1.285379 -14.266612
v -22.63756 -1.286093 -14.360742
v -22.705637 -1.287816 -14.435368
v -22.806002 -1.28954 -14.446773
v -22.879865 -1.290253 -14.388278
v -22.883955 -1.28954 -14.294148
v -22.815879 -1.287816 -14.219522
v -22.715513 -1.286093 -14.208116
v -22.641651 -1.285379 -14.266612
v -22.641852 -1.272987 -14.266714
v -22.637761 -1.273701 -14.360845
v -22.705838 -1.275424 -14.43547
v -22.806204 -1.277148 -14.446876
v -22.880066 -1.277861 -14.388381
v -22.884156 -1.277148 -14.29425
v -22.81608 -1.275424 -14.219625
v -22.715714 -1.273701 -14.208219
v -22.641852 -1.272987 -14.266714
v -22.687509 -1.263893 -14.290034
v -22.684981 -1.264334 -14.34821
v -22.727055 -1.265399 -14.394331
v -22.789084 -1.266464 -14.40138
v -22.834733 -1.266905 -14.365228
v -22.837262 -1.266464 -14.307052
v -22.795188 -1.265399 -14.260931
v -22.733158 -1.264334 -14.253882
v -22.687509 -1.263893 -14.290034
v -22.761183 -1.26157 -14.327662
v -22.761183 -1.26157 -14.327662
v -22.761183 -1.26157 -14.327662
v -22.761183 -1.26157 -14.327662
v -22.761183 -1.26157 -14.327662
v -22.761183 -1.26157 -14.327662
v -22.761183 -1.26157 -14.327662
v -22.761183 -1.26157 -14.327662
v -22.761183 -1.26157 -14.327662
v 6.754586 0.87619 -14.60425
v 6.754586 0.87619 -14.60425
v 6.754586 0.87619 -14.60425
v 6.754586 0.87619 -14.60425
v 6.754586 0.87619 -14.60425
v 6.754586 0.87619 -14.60425
v 6.754586 0.87619 -14.60425
v 6.754586 0.87619 -14.60425
v 6.754586 0.87619 -14.60425
v 6.754759 0.879882 -14.548035
v 6.784437 0.879762 -14.564598
v 6.796629 0.879473 -14.604403
v 6.784193 0.879184 -14.644133
v 6.754414 0.879065 -14.660514
v 6.724736 0.879184 -14.64395
v 6.712544 0.879473 -14.604145
v 6.72498 0.879762 -14.564416
v 6.754759 0.879882 -14.548035
v 6.754865 0.888732 -14.513339
v 6.802885 0.888538 -14.540139
v 6.822612 0.888071 -14.604545
v 6.80249 0.887603 -14.668829
v 6.754307 0.887409 -14.695334
v 6.706287 0.887603 -14.668534
v 6.68656 0.888071 -14.604128
v 6.706682 0.888538 -14.539844
v 6.754865 0.888732 -14.513339
v 6.754865 0.899359 -14.513416
v 6.802885 0.899165 -14.540217
v 6.822612 0.898697 -14.604623
v 6.80249 0.89823 -14.668906
v 6.754307 0.898036 -14.695411
v 6.706287 0.89823 -14.668611
v 6.68656 0.898697 -14.604205
v 6.706682 0.899165 -14.539921
v 6.754865 0.899359 -14.513416
v 6.754758 0.907703 -14.548237
v 6.784436 0.907583 -14.5648
v 6.796628 0.907295 -14.604605
v 6.784192 0.907006 -14.644335
v 6.754413 0.906886 -14.660716
v 6.724735 0.907006 -14.644152
v 6.712543 0.907295 -14.604347
v 6.724979 0.907583 -14.564618
v 6.754758 0.907703 -14.548237
v 6.754586 0.910578 -14.6045
v 6.754586 0.910578 -14.6045
v 6.754586 0.910578 -14.6045
v 6.754586 0.910578 -14.6045
v 6.754586 0.910578 -14.6045
v 6.754586 0.910578 -14.6045
v 6.754586 0.910578 -14.6045
v 6.754586 0.910578 -14.6045
v 6.754586 0.910578 -14.6045
v 28.687098 0.358821 18.091824
v 28.687098 0.358821 18.091824
v 28.687098 0.358821 18.091824
v 28.687098 0.358821 18.091824
v 28.687098 0.358821 18.091824
v 28.687098 0.358821 18.091824
v 28.687098 0.358821 18.091824
v 28.687098 0.358821 18.091824
v 28.687098 0.358821 18.091824
v 28.813866 0.367847 18.145556
v 28.804266 0.367097 18.064779
v 28.725966 0.365285 17.999816
v 28.624832 0.363473 17.988723
v 28.560107 0.362723 18.037997
v 28.569707 0.363473 18.118775
v 28.648008 0.365285 18.183738
v 28.749142 0.367097 18.194831
v 28.813866 0.367847 18.145556
v 28.891993 0.386354 18.178671
v 28.87646 0.38514 18.04797
v 28.749766 0.382208 17.942858
v 28.586128 0.379277 17.924909
v 28.481402 0.378063 18.004637
v 28.496935 0.379277 18.135338
v 28.623628 0.382208 18.24045
v 28.787266 0.38514 18.258399
v 28.891993 0.386354 18.178671
v 28.891635 0.407272 18.178519
v 28.876101 0.406058 18.047818
v 28.749408 0.403127 17.942707
v 28.58577 0.400195 17.924757
v 28.481044 0.398981 18.004485
v 28.496577 0.400195 18.135186
v 28.62327 0.403127 18.240298
v 28.786908 0.406058 18.258247
v 28.891635 0.407272 18.178519
v 28.812929 0.422612 18.145159
v 28.803329 0.421862 18.064381
v 28.725028 0.42005 17.999419
v 28.623894 0.418238 17.988325
v 28.55917 0.417488 18.0376
v 28.56877 0.418238 18.118378
v 28.647071 0.42005 18.18334
v 28.748205 0.421862 18.194433
v 28.812929 0.422612 18.145159
v 28.685939 0.426514 18.091333
v 28.685939 0.426514 18.091333
v 28.685939 0.426514 18.091333
v 28.685939 0.426514 18.091333
v 28.685939 0.426514 18.091333
v 28.685939 0.426514 18.091333
v 28.685939 0.426514 18.091333
v 28.685939 0.426514 18.091333
v 28.685939 0.426514 18.091333
v -10.343709 -1.13669 -3.577787
v -10.343709 -1.13669 -3.577787
v -10.343709 -1.13669 -3.577787
v -10.343709 -1.13669 -3.577787
v -10.343709 -1.13669 -3.577787
v -10.343709 -1.13669 -3.577787
v -10.343709 -1.13669 -3.577787
v -10.343709 -1.13669 -3.577787
v -10.343709 -1.13669 -3.577787
v -10.555775 -1.137146 -3.502518
v -10.472071 -1.134984 -3.463533
v -10.3133 -1.129766 -3.491431
v -10.172467 -1.124549 -3.569871
v -10.132071 -1.122387 -3.652903
v -10.215775 -1.124549 -3.691888
v -10.374546 -1.129766 -3.66399
v -10.515379 -1.134984 -3.58555
v -10.555775 -1.137146 -3.502518
v -10.687268 -1.12358 -3.455848
v -10.551832 -1.120083 -3.392768
v -10.294935 -1.11164 -3.437909
v -10.067063 -1.103197 -3.564827
v -10.0017 -1.0997 -3.699175
v -10.137136 -1.103197 -3.762255
v -10.394033 -1.11164 -3.717114
v -10.621905 -1.120083 -3.590196
v -10.687268 -1.12358 -3.455848
v -10.687961 -1.101174 -3.455602
v -10.552525 -1.097677 -3.392522
v -10.295628 -1.089235 -3.437663
v -10.067756 -1.080792 -3.564581
v -10.002393 -1.077295 -3.698929
v -10.137829 -1.080792 -3.762009
v -10.394726 -1.089235 -3.716868
v -10.622598 -1.097677 -3.58995
v -10.687961 -1.101174 -3.455602
v -10.55759 -1.078488 -3.501874
v -10.473886 -1.076326 -3.462889
v -10.315115 -1.071108 -3.490787
v -10.174282 -1.065891 -3.569227
v -10.133886 -1.063729 -3.652259
v -10.217589 -1.065891 -3.691244
v -10.376361 -1.071108 -3.663346
v -10.517193 -1.076326 -3.584906
v -10.55759 -1.078488 -3.501874
v -10.345952 -1.064185 -3.57699
v -10.345952 -1.064185 -3.57699
v -10.345952 -1.064185 -3.57699
v -10.345952 -1.064185 -3.57699
v -10.345952 -1.064185 -3.57699
v -10.345952 -1.064185 -3.57699
v -10.345952 -1.064185 -3.57699
v -10.345952 -1.064185 -3.57699
v -10.345952 -1.064185 -3.57699
v -16.213598 -1.323838 -7.15626
v -16.213598 -1.323838 -7.15626
v -16.213598 -1.323838 -7.15626
v -16.213598 -1.323838 -7.15626
v -16.213598 -1.323838 -7.15626
v -16.213598 -1.323838 -7.15626
v -16.213598 -1.323838 -7.15626
v -16.213598 -1.323838 -7.15626
v -16.213598 -1.323838 -7.15626
v -16.437856 -1.321056 -7.058647
v -16.330494 -1.31953 -6.991358
v -16.154747 -1.315846 -7.020627
v -16.013566 -1.312162 -7.129308
v -15.989652 -1.310636 -7.253737
v -16.097015 -1.312162 -7.321025
v -16.272762 -1.315846 -7.291756
v -16.413943 -1.31953 -7.183075
v -16.437856 -1.321056 -7.058647
v -16.576768 -1.303354 -6.998182
v -16.403052 -1.300885 -6.889308
v -16.118687 -1.294924 -6.936666
v -15.890252 -1.288963 -7.112515
v -15.851559 -1.286494 -7.313845
v -16.025275 -1.288963 -7.422719
v -16.309639 -1.294924 -7.375361
v -16.538075 -1.300885 -7.199512
v -16.576768 -1.303354 -6.998182
v -16.577273 -1.277492 -6.997962
v -16.403557 -1.275023 -6.889088
v -16.119193 -1.269062 -6.936446
v -15.890757 -1.263102 -7.112295
v -15.852064 -1.260633 -7.313625
v -16.02578 -1.263102 -7.422499
v -16.310144 -1.269062 -7.375141
v -16.53858 -1.275023 -7.199292
v -16.577273 -1.277492 -6.997962
v -16.439179 -1.25335 -7.058071
v -16.331817 -1.251824 -6.990782
v -16.15607 -1.24814 -7.020051
v -16.014889 -1.244456 -7.128732
v -15.990976 -1.24293 -7.253161
v -16.098338 -1.244456 -7.320449
v -16.274085 -1.24814 -7.29118
v -16.415266 -1.251824 -7.182499
v -16.439179 -1.25335 -7.058071
v -16.215234 -1.240148 -7.155548
v -16.215234 -1.240148 -7.155548
v -16.215234 -1.240148 -7.155548
v -16.215234 -1.240148 -7.155548
v -16.215234 -1.240148 -7.155548
v -16.215234 -1.240148 -7.155548
v -16.215234 -1.240148 -7.155548
v -16.215234 -1.240148 -7.155548
v -16.215234 -1.240148 -7.155548
v -15.359897 -1.343469 -11.791085
v -15.359897 -1.343469 -11.791085
v -15.359897 -1.343469 -11.791085
v -15.359897 -1.343469 -11.791085
v -15.359897 -1.343469 -11.791085
v -15.359897 -1.343469 -11.791085
v -15.359897 -1.343469 -11.791085
v -15.359897 -1.343469 -11.791085
v -15.359897 -1.343469 -11.791085
v -15.386148 -1.335346 -11.70883
v -15.326035 -1.33635 -11.716249
v -15.285725 -1.338773 -11.767609
v -15.28883 -1.341196 -11.832825
v -15.333532 -1.3422 -11.873695
v -15.393645 -1.341196 -11.866276
v -15.433955 -1.338773 -11.814916
v -15.43085 -1.33635 -11.7497
v -15.386148 -1.335346 -11.70883
v -15.402259 -1.320936 -11.658348
v -15.304995 -1.32256 -11.670351
v -15.239772 -1.32648 -11.753454
v -15.244796 -1.330401 -11.858976
v -15.317125 -1.332025 -11.925104
v -15.414389 -1.330401 -11.913101
v -15.479612 -1.32648 -11.829998
v -15.474588 -1.32256 -11.724476
v -15.402259 -1.320936 -11.658348
v -15.402076 -1.305741 -11.658922
v -15.304812 -1.307365 -11.670925
v -15.239589 -1.311286 -11.754027
v -15.244613 -1.315206 -11.85955
v -15.316942 -1.31683 -11.925677
v -15.414206 -1.315206 -11.913674
v -15.479429 -1.311286 -11.830572
v -15.474405 -1.307365 -11.72505
v -15.402076 -1.305741 -11.658922
v -15.385669 -1.295566 -11.710331
v -15.325556 -1.29657 -11.71775
v -15.285246 -1.298993 -11.76911
v -15.288351 -1.301416 -11.834326
v -15.333053 -1.30242 -11.875195
v -15.393166 -1.301416 -11.867777
v -15.433476 -1.298993 -11.816417
v -15.430371 -1.29657 -11.751201
v -15.385669 -1.295566 -11.710331
v -15.359304 -1.294297 -11.792941
v -15.359304 -1.294297 -11.792941
v -15.359304 -1.294297 -11.792941
v -15.359304 -1.294297 -11.792941
v -15.359304 -1.294297 -11.792941
v -15.359304 -1.294297 -11.792941
v -15.359304 -1.294297 -11.792941
v -15.359304 -1.294297 -11.792941
v -15.359304 -1.294297 -11.792941
v -9.929848 -0.036753 -27.380024
v -9.929848 -0.036753 -27.380024
v -9.929848 -0.036753 -27.380024
v -9.929848 -0.036753 -27.380024
v -9.929848 -0.036753 -27.380024
v -9.929848 -0.036753 -27.380024
v -9.929848 -0.036753 -27.380024
v -9.929848 -0.036753 -27.380024
v -9.929848 -0.036753 -27.380024
v -9.9982 -0.030903 -27.476416
v -10.009686 -0.031124 -27.425831
v -9.974393 -0.031656 -27.348397
v -9.912994 -0.032188 -27.289474
v -9.861458 -0.032409 -27.283578
v -9.849972 -0.032188 -27.334164
v -9.885265 -0.031656 -27.411598
v -9.946663 -0.031124 -27.470521
v -9.9982 -0.030903 -27.476416
v -10.040407 -0.017095 -27.535937
v -10.058992 -0.017452 -27.454088
v -10.001886 -0.018313 -27.328797
v -9.902541 -0.019174 -27.233458
v -9.819152 -0.01953 -27.223919
v -9.800568 -0.019174 -27.305768
v -9.857674 -0.018313 -27.431059
v -9.957019 -0.017452 -27.526398
v -10.040407 -0.017095 -27.535937
v -10.040346 -0.000602 -27.535852
v -10.058931 -0.000958 -27.454003
v -10.001825 -0.001819 -27.328712
v -9.90248 -0.00268 -27.233372
v -9.819092 -0.003037 -27.223833
v -9.800507 -0.00268 -27.305682
v -9.857613 -0.001819 -27.430973
v -9.956958 -0.000958 -27.526313
v -10.040346 -0.000602 -27.535852
v -9.998041 0.012277 -27.476192
v -10.009527 0.012056 -27.425607
v -9.974234 0.011524 -27.348172
v -9.912835 0.010992 -27.28925
v -9.861298 0.010771 -27.283354
v -9.849813 0.010992 -27.33394
v -9.885106 0.011524 -27.411374
v -9.946504 0.012056 -27.470297
v -9.998041 0.012277 -27.476192
v -9.929651 0.016621 -27.379747
v -9.929651 0.016621 -27.379747
v -9.929651 0.016621 -27.379747
v -9.929651 0.016621 -27.379747
v -9.929651 0.016621 -27.379747
v -9.929651 0.016621 -27.379747
v -9.929651 0.016621 -27.379747
v -9.929651 0.016621 -27.379747
v -9.929651 0.016621 -27.379747
v -8.611238 -0.793572 -15.018822
v -8.611238 -0.793572 -15.018822
v -8.611238 -0.793572 -15.018822
v -8.611238 -0.793572 -15.018822
v -8.611238 -0.793572 -15.018822
v -8.611238 -0.793572 -15.018822
v -8.611238 -0.793572 -15.018822
v -8.611238 -0.793572 -15.018822
v -8.611238 -0.793572 -15.018822
v -8.697772 -0.791185 -15.053432
v -8.688573 -0.790462 -15.003025
v -8.634143 -0.788717 -14.9619
v -8.566364 -0.786972 -14.954147
v -8.524942 -0.78625 -14.984308
v -8.534141 -0.786972 -15.034714
v -8.588572 -0.788717 -15.075839
v -8.65635 -0.790462 -15.083592
v -8.697772 -0.791185 -15.053432
v -8.751492 -0.780001 -15.074918
v -8.736609 -0.778832 -14.993358
v -8.648538 -0.776008 -14.926816
v -8.53887 -0.773185 -14.914271
v -8.471848 -0.772015 -14.963072
v -8.486732 -0.773185 -15.044632
v -8.574802 -0.776008 -15.111174
v -8.68447 -0.778832 -15.123719
v -8.751492 -0.780001 -15.074918
v -8.751879 -0.764292 -15.075072
v -8.736995 -0.763123 -14.993513
v -8.648924 -0.760299 -14.926971
v -8.539257 -0.757476 -14.914426
v -8.472235 -0.756306 -14.963227
v -8.487118 -0.757476 -15.044786
v -8.575189 -0.760299 -15.111328
v -8.684857 -0.763123 -15.123873
v -8.751879 -0.764292 -15.075072
v -8.698785 -0.750058 -15.053837
v -8.689586 -0.749335 -15.00343
v -8.635155 -0.74759 -14.962305
v -8.567377 -0.745845 -14.954552
v -8.525955 -0.745123 -14.984712
v -8.535153 -0.745845 -15.035119
v -8.589584 -0.74759 -15.076244
v -8.657362 -0.749335 -15.083997
v -8.698785 -0.750058 -15.053837
v -8.612489 -0.742736 -15.019322
v -8.612489 -0.742736 -15.019322
v -8.612489 -0.742736 -15.019322
v -8.612489 -0.742736 -15.019322
v -8.612489 -0.742736 -15.019322
v -8.612489 -0.742736 -15.019322
v -8.612489 -0.742736 -15.019322
v -8.612489 -0.742736 -15.019322
v -8.612489 -0.742736 -15.019322
v -10.327135 -1.105872 -12.863276
v -10.327135 -1.105872 -12.863276
v -10.327135 -1.105872 -12.863276
v -10.327135 -1.105872 -12.863276
v -10.327135 -1.105872 -12.863276
v -10.327135 -1.105872 -12.863276
v -10.327135 -1.105872 -12.863276
v -10.327135 -1.105872 -12.863276
v -10.327135 -1.105872 -12.863276
v -10.438125 -1.09106 -13.026414
v -10.44828 -1.09338 -12.949508
v -10.387379 -1.098982 -12.821955
v -10.291097 -1.104583 -12.718474
v -10.215834 -1.106903 -12.699682
v -10.205679 -1.104583 -12.776588
v -10.26658 -1.098982 -12.90414
v -10.362862 -1.09338 -13.007622
v -10.438125 -1.09106 -13.026414
v -10.506409 -1.068125 -13.126781
v -10.522841 -1.071879 -13.002345
v -10.424301 -1.080943 -12.795961
v -10.268513 -1.090006 -12.628524
v -10.146736 -1.093761 -12.598118
v -10.130304 -1.090006 -12.722554
v -10.228844 -1.080943 -12.928939
v -10.384632 -1.071879 -13.096376
v -10.506409 -1.068125 -13.126781
v -10.505907 -1.045828 -13.126042
v -10.522338 -1.049582 -13.001606
v -10.423798 -1.058646 -12.795222
v -10.26801 -1.067709 -12.627785
v -10.146233 -1.071463 -12.597379
v -10.129801 -1.067709 -12.721815
v -10.228341 -1.058646 -12.9282
v -10.384129 -1.049582 -13.095636
v -10.505907 -1.045828 -13.126042
v -10.436808 -1.032685 -13.024479
v -10.446963 -1.035005 -12.947573
v -10.386062 -1.040607 -12.82002
v -10.28978 -1.046208 -12.716539
v -10.214518 -1.048529 -12.697747
v -10.204362 -1.046208 -12.774653
v -10.265263 -1.040607 -12.902205
v -10.361545 -1.035005 -13.005687
v -10.436808 -1.032685 -13.024479
v -10.325507 -1.033717 -12.860884
v -10.325507 -1.033717 -12.860884
v -10.325507 -1.033717 -12.860884
v -10.325507 -1.033717 -12.860884
v -10.325507 -1.033717 -12.860884
v -10.325507 -1.033717 -12.860884
v -10.325507 -1.033717 -12.860884
v -10.325507 -1.033717 -12.860884
v -10.325507 -1.033717 -12.860884
v 32.410117 -0.145484 -20.529495
v 32.410117 -0.145484 -20.529495
v 32.410117 -0.145484 -20.529495
v 32.410117 -0.145484 -20.529495
v 32.410117 -0.145484 -20.529495
v 32.410117 -0.145484 -20.529495
v 32.410117 -0.145484 -20.529495
v 32.410117 -0.145484 -20.529495
v 32.410117 -0.145484 -20.529495
v 32.439311 -0.146491 -20.332764
v 32.512418 -0.143887 -20.402398
v 32.52563 -0.137601 -20.546279
v 32.471206 -0.131315 -20.680123
v 32.381027 -0.128711 -20.725527
v 32.30792 -0.131315 -20.655893
v 32.294709 -0.137601 -20.512012
v 32.349133 -0.143887 -20.378168
v 32.439311 -0.146491 -20.332764
v 32.457457 -0.131347 -20.21048
v 32.575748 -0.127134 -20.32315
v 32.597124 -0.116962 -20.555954
v 32.509064 -0.106791 -20.772519
v 32.363152 -0.102578 -20.845983
v 32.244862 -0.106791 -20.733313
v 32.223486 -0.116962 -20.500509
v 32.311546 -0.127134 -20.283944
v 32.457457 -0.131347 -20.21048
v 32.457625 -0.105836 -20.20935
v 32.575915 -0.101623 -20.32202
v 32.597291 -0.091452 -20.554824
v 32.509232 -0.08128 -20.771389
v 32.36332 -0.077067 -20.844853
v 32.24503 -0.08128 -20.732183
v 32.223653 -0.091452 -20.499379
v 32.311713 -0.101623 -20.282814
v 32.457625 -0.105836 -20.20935
v 32.43975 -0.079703 -20.329806
v 32.512857 -0.077099 -20.39944
v 32.526069 -0.070813 -20.543321
v 32.471645 -0.064527 -20.677165
v 32.381466 -0.061923 -20.722568
v 32.308359 -0.064527 -20.652934
v 32.295148 -0.070813 -20.509054
v 32.349572 -0.077099 -20.37521
v 32.43975 -0.079703 -20.329806
v 32.41066 -0.062929 -20.525838
v 32.41066 -0.062929 -20.525838
v 32.41066 -0.062929 -20.525838
v 32.41066 -0.062929 -20.525838
v 32.41066 -0.062929 -20.525838
v 32.41066 -0.062929 -20.525838
v 32.41066 -0.062929 -20.525838
v 32.41066 -0.062929 -20.525838
v 32.41066 -0.062929 -20.525838
v -19.410519 -1.428821 -14.236418
v -19.410519 -1.428821 -14.236418
v -19.410519 -1.428821 -14.236418
v -19.410519 -1.428821 -14.236418
v -19.410519 -1.428821 -14.236418
v -19.410519 -1.428821 -14.236418
v -19.410519 -1.428821 -14.236418
v -19.410519 -1.428821 -14.236418
v -19.410519 -1.428821 -14.236418
v -19.484184 -1.423755 -14.085793
v -19.356403 -1.421901 -14.077828
v -19.260433 -1.417426 -14.162536
v -19.252492 -1.412951 -14.290296
v -19.337232 -1.411097 -14.386268
v -19.465013 -1.412951 -14.394233
v -19.560984 -1.417426 -14.309526
v -19.568924 -1.421901 -14.181766
v -19.484184 -1.423755 -14.085793
v -19.530091 -1.397834 -13.991927
v -19.323336 -1.394835 -13.979039
v -19.168053 -1.387594 -14.116099
v -19.155205 -1.380353 -14.322819
v -19.292317 -1.377354 -14.478106
v -19.499072 -1.380353 -14.490994
v -19.654355 -1.387594 -14.353934
v -19.667204 -1.394835 -14.147214
v -19.530091 -1.397834 -13.991927
v -19.530704 -1.36096 -13.990674
v -19.323949 -1.357961 -13.977786
v -19.168666 -1.35072 -14.114846
v -19.155818 -1.343479 -14.321566
v -19.29293 -1.340479 -14.476852
v -19.499685 -1.343479 -14.48974
v -19.654968 -1.35072 -14.35268
v -19.667817 -1.357961 -14.14596
v -19.530704 -1.36096 -13.990674
v -19.485789 -1.327216 -14.082512
v -19.358008 -1.325363 -14.074546
v -19.262038 -1.320887 -14.159254
v -19.254097 -1.316412 -14.287014
v -19.338837 -1.314559 -14.382986
v -19.466618 -1.316412 -14.390952
v -19.562589 -1.320887 -14.306244
v -19.570529 -1.325363 -14.178484
v -19.485789 -1.327216 -14.082512
v -19.412503 -1.309493 -14.232362
v -19.412503 -1.309493 -14.232362
v -19.412503 -1.309493 -14.232362
v -19.412503 -1.309493 -14.232362
v -19.412503 -1.309493 -14.232362
v -19.412503 -1.309493 -14.232362
v -19.412503 -1.309493 -14.232362
v -19.412503 -1.309493 -14.232362
v -19.412503 -1.309493 -14.232362
v -9.629679 -1.174008 -8.322592
v -9.629679 -1.174008 -8.322592
v -9.629679 -1.174008 -8.322592
v -9.629679 -1.174008 -8.322592
v -9.629679 -1.174008 -8.322592
v -9.629679 -1.174008 -8.322592
v -9.629679 -1.174008 -8.322592
v -9.629679 -1.174008 -8.322592
v -9.629679 -1.174008 -8.322592
v -9.592255 -1.172792 -8.390801
v -9.638215 -1.171894 -8.390082
v -9.679127 -1.169726 -8.349915
v -9.691025 -1.167557 -8.293829
v -9.666939 -1.166659 -8.254679
v -9.620979 -1.167557 -8.255398
v -9.580068 -1.169726 -8.295565
v -9.56817 -1.171894 -8.351651
v -9.592255 -1.172792 -8.390801
v -9.568964 -1.163475 -8.433253
v -9.643328 -1.162021 -8.43209
v -9.709525 -1.158513 -8.367098
v -9.728776 -1.155005 -8.276349
v -9.689805 -1.153552 -8.213003
v -9.61544 -1.155005 -8.214167
v -9.549244 -1.158513 -8.279159
v -9.529993 -1.162021 -8.369907
v -9.568964 -1.163475 -8.433253
v -9.5687 -1.149615 -8.433733
v -9.643065 -1.148162 -8.432569
v -9.709261 -1.144654 -8.367578
v -9.728513 -1.141146 -8.276829
v -9.689541 -1.139692 -8.213483
v -9.615177 -1.141146 -8.214647
v -9.54898 -1.144654 -8.279639
v -9.529729 -1.148162 -8.370387
v -9.5687 -1.149615 -8.433733
v -9.591566 -1.136508 -8.392058
v -9.637526 -1.13561 -8.391338
v -9.678437 -1.133442 -8.351171
v -9.690335 -1.131273 -8.295085
v -9.66625 -1.130375 -8.255935
v -9.62029 -1.131273 -8.256655
v -9.579378 -1.133442 -8.296822
v -9.56748 -1.13561 -8.352908
v -9.591566 -1.136508 -8.392058
v -9.628827 -1.129159 -8.324145
v -9.628827 -1.129159 -8.324145
v -9.628827 -1.129159 -8.324145
v -9.628827 -1.129159 -8.324145
v -9.628827 -1.129159 -8.324145
v -9.628827 -1.129159 -8.324145
v -9.628827 -1.129159 -8.324145
v -9.628827 -1.129159 -8.324145
v -9.628827 -1.129159 -8.324145
v -21.522415 -1.09276 -6.600887
v -21.522415 -1.09276 -6.600887
v -21.522415 -1.09276 -6.600887
v -21.522415 -1.09276 -6.600887
v -21.522415 -1.09276 -6.600887
v -21.522415 -1.09276 -6.600887
v -21.522415 -1.09276 -6.600887
v -21.522415 -1.09276 -6.600887
v -21.522415 -1.09276 -6.600887
v -21.629115 -1.086355 -6.637837
v -21.628702 -1.085945 -6.538047
v -21.566082 -1.084954 -6.475086
v -21.477936 -1.083963 -6.485837
v -21.415898 -1.083553 -6.564
v -21.416311 -1.083963 -6.66379
v -21.478931 -1.084954 -6.726751
v -21.567077 -1.085945 -6.716
v -21.629115 -1.086355 -6.637837
v -21.695242 -1.066785 -6.660737
v -21.694575 -1.06612 -6.499273
v -21.593253 -1.064517 -6.397401
v -21.450629 -1.062914 -6.414795
v -21.350251 -1.062249 -6.541267
v -21.350918 -1.062914 -6.70273
v -21.45224 -1.064517 -6.804602
v -21.594863 -1.06612 -6.787208
v -21.695242 -1.066785 -6.660737
v -21.695538 -1.041523 -6.660839
v -21.694871 -1.040859 -6.499376
v -21.593549 -1.039256 -6.397504
v -21.450926 -1.037652 -6.414898
v -21.350547 -1.036988 -6.541369
v -21.351214 -1.037652 -6.702833
v -21.452536 -1.039256 -6.804705
v -21.59516 -1.040859 -6.787311
v -21.695538 -1.041523 -6.660839
v -21.629891 -1.02022 -6.638106
v -21.629479 -1.019809 -6.538316
v -21.566858 -1.018819 -6.475355
v -21.478712 -1.017828 -6.486105
v -21.416675 -1.017417 -6.564269
v -21.417087 -1.017828 -6.664059
v -21.479707 -1.018819 -6.727019
v -21.567853 -1.019809 -6.716269
v -21.629891 -1.02022 -6.638106
v -21.523374 -1.011012 -6.601219
v -21.523374 -1.011012 -6.601219
v -21.523374 -1.011012 -6.601219
v -21.523374 -1.011012 -6.601219
v -21.523374 -1.011012 -6.601219
v -21.523374 -1.011012 -6.601219
v -21.523374 -1.011012 -6.601219
v -21.523374 -1.011012 -6.601219
v -21.523374 -1.011012 -6.601219
v -23.178677 0.873902 21.561428
v -23.178677 0.873902 21.561428
v -23.178677 0.873902 21.561428
v -23.178677 0.873902 21.561428
v -23.178677 0.873902 21.561428
v -23.178677 0.873902 21.561428
v -23.178677 0.873902 21.561428
v -23.178677 0.873902 21.561428
v -23.178677 0.873902 21.561428
v -23.196599 0.876196 21.658398
v -23.141377 0.876835 21.639262
v -23.108015 0.878378 21.574589
v -23.116057 0.879922 21.502263
v -23.160791 0.880561 21.464653
v -23.216013 0.879922 21.483789
v -23.249375 0.878378 21.548462
v -23.241334 0.876835 21.620787
v -23.196599 0.876196 21.658398
v -23.207712 0.886565 21.718523
v -23.118361 0.8876 21.68756
v -23.06438 0.890097 21.582917
v -23.077392 0.892594 21.465893
v -23.149773 0.893629 21.405038
v -23.239125 0.892594 21.436001
v -23.293105 0.890097 21.540644
v -23.280093 0.8876 21.657669
v -23.207712 0.886565 21.718523
v -23.20777 0.90105 21.718839
v -23.118419 0.902085 21.687876
v -23.064438 0.904582 21.583233
v -23.07745 0.907079 21.466208
v -23.149831 0.908114 21.405354
v -23.239183 0.907079 21.436317
v -23.293163 0.904582 21.54096
v -23.280152 0.902085 21.657984
v -23.20777 0.90105 21.718839
v -23.196752 0.914118 21.659224
v -23.14153 0.914757 21.640088
v -23.108168 0.9163 21.575415
v -23.11621 0.917844 21.50309
v -23.160944 0.918483 21.465479
v -23.216166 0.917844 21.484616
v -23.249528 0.9163 21.549288
v -23.241486 0.914757 21.621614
v -23.196752 0.914118 21.659224
v -23.178866 0.920777 21.562449
v -23.178866 0.920777 21.562449
v -23.178866 0.920777 21.562449
v -23.178866 0.920777 21.562449
v -23.178866 0.920777 21.562449
v -23.178866 0.920777 21.562449
v -23.178866 0.920777 21.562449
v -23.178866 0.920777 21.562449
v -23.178866 0.920777 21.562449
v -12.917386 -0.604254 27.721041
v -12.917386 -0.604254 27.721041
v -12.917386 -0.604254 27.721041
v -12.917386 -0.604254 27.721041
v -12.917386 -0.604254 27.721041
v -12.917386 -0.604254 27.721041
v -12.917386 -0.604254 27.721041
v -12.917386 -0.604254 27.721041
v -12.917386 -0.604254 27.721041
v -12.84154 -0.59716 27.590789
v -12.936002 -0.597212 27.586872
v -13.019561 -0.597336 27.661554
v -13.04327 -0.597461 27.771087
v -12.99324 -0.597513 27.851307
v -12.898778 -0.597461 27.855224
v -12.815219 -0.597336 27.780542
v -12.79151 -0.597212 27.671009
v -12.84154 -0.59716 27.590789
v -12.794673 -0.578941 27.510302
v -12.947515 -0.579024 27.503965
v -13.082717 -0.579226 27.624803
v -13.121079 -0.579428 27.80203
v -13.040129 -0.579511 27.931831
v -12.887286 -0.579428 27.938168
v -12.752084 -0.579226 27.81733
v -12.713723 -0.579024 27.640102
v -12.794673 -0.578941 27.510302
v -12.794686 -0.556555 27.510325
v -12.947528 -0.556638 27.503987
v -13.08273 -0.55684 27.624825
v -13.121092 -0.557042 27.802053
v -13.040142 -0.557125 27.931853
v -12.887299 -0.557042 27.938191
v -12.752097 -0.55684 27.817353
v -12.713736 -0.556638 27.640125
v -12.794686 -0.556555 27.510325
v -12.841574 -0.538553 27.590848
v -12.936036 -0.538605 27.586931
v -13.019596 -0.538729 27.661613
v -13.043305 -0.538854 27.771146
v -12.993275 -0.538906 27.851367
v -12.898813 -0.538854 27.855283
v -12.815253 -0.538729 27.780601
v -12.791544 -0.538605 27.671069
v -12.841574 -0.538553 27.590848
v -12.917429 -0.531812 27.721114
v -12.917429 -0.531812 27.721114
v -12.917429 -0.531812 27.721114
v -12.917429 -0.531812 27.721114
v -12.917429 -0.531812 27.721114
v -12.917429 -0.531812 27.721114
v -12.917429 -0.531812 27.721114
v -12.917429 -0.531812 27.721114
v -12.917429 -0.531812 27.721114
v -19.33791 -1.32868 -10.590593
v -19.33791 -1.32868 -10.590593
v -19.33791 -1.32868 -10.590593
v -19.33791 -1.32868 -10.590593
v -19.33791 -1.32868 -10.590593
v -19.33791 -1.32868 -10.590593
v -19.33791 -1.32868 -10.590593
v -19.33791 -1.32868 -10.590593
v -19.33791 -1.32868 -10.590593
v -19.221038 -1.316651 -10.470601
v -19.200257 -1.317604 -10.559398
v -19.260181 -1.319906 -10.66654
v -19.365707 -1.322207 -10.729265
v -19.45502 -1.32316 -10.710829
v -19.475802 -1.322207 -10.622032
v -19.415878 -1.319906 -10.514891
v -19.310352 -1.317604 -10.452166
v -19.221038 -1.316651 -10.470601
v -19.149045 -1.291667 -10.396686
v -19.11542 -1.29321 -10.540363
v -19.212379 -1.296934 -10.713722
v -19.383124 -1.300658 -10.815213
v -19.527636 -1.3022 -10.785383
v -19.561261 -1.300658 -10.641707
v -19.464302 -1.296934 -10.468348
v -19.293557 -1.29321 -10.366857
v -19.149045 -1.291667 -10.396686
v -19.14943 -1.263272 -10.397081
v -19.115805 -1.264815 -10.540757
v -19.212763 -1.268539 -10.714117
v -19.383509 -1.272263 -10.815607
v -19.52802 -1.273805 -10.785778
v -19.561646 -1.272263 -10.642102
v -19.464687 -1.268539 -10.468743
v -19.293942 -1.264815 -10.367252
v -19.14943 -1.263272 -10.397081
v -19.222045 -1.242312 -10.471635
v -19.201264 -1.243265 -10.560432
v -19.261187 -1.245567 -10.667574
v -19.366714 -1.247868 -10.730299
v -19.456027 -1.248822 -10.711863
v -19.476809 -1.247868 -10.623066
v -19.416885 -1.245567 -10.515924
v -19.311359 -1.243265 -10.4532
v -19.222045 -1.242312 -10.471635
v -19.339155 -1.236792 -10.591871
v -19.339155 -1.236792 -10.591871
v -19.339155 -1.236792 -10.591871
v -19.339155 -1.236792 -10.591871
v -19.339155 -1.236792 -10.591871
v -19.339155 -1.236792 -10.591871
v -19.339155 -1.236792 -10.591871
v -19.339155 -1.236792 -10.591871
v -19.339155 -1.236792 -10.591871
v -13.853866 -1.325433 -13.171597
v -13.853866 -1.325433 -13.171597
v -13.853866 -1.325433 -13.171597
v -13.853866 -1.325433 -13.171597
v -13.853866 -1.325433 -13.171597
v -13.853866 -1.325433 -13.171597
v -13.853866 -1.325433 -13.171597
v -13.853866 -1.325433 -13.171597
v -13.853866 -1.325433 -13.171597
v -13.819341 -1.321961 -13.092092
v -13.800496 -1.322004 -13.127955
v -13.812916 -1.32211 -13.189387
v -13.849325 -1.322216 -13.2404
v -13.888396 -1.32226 -13.251113
v -13.907242 -1.322216 -13.21525
v -13.894821 -1.32211 -13.153818
v -13.858412 -1.322004 -13.102805
v -13.819341 -1.321961 -13.092092
v -13.798007 -1.313169 -13.042965
v -13.767515 -1.313239 -13.100994
v -13.787611 -1.313411 -13.200391
v -13.846524 -1.313582 -13.282933
v -13.909742 -1.313653 -13.300267
v -13.940234 -1.313582 -13.242239
v -13.920138 -1.313411 -13.142841
v -13.861225 -1.313239 -13.060299
v -13.798007 -1.313169 -13.042965
v -13.798015 -1.302415 -13.042983
v -13.767523 -1.302486 -13.101011
v -13.787619 -1.302657 -13.200408
v -13.846531 -1.302829 -13.28295
v -13.909749 -1.3029 -13.300284
v -13.940241 -1.302829 -13.242256
v -13.920145 -1.302657 -13.142858
v -13.861233 -1.302486 -13.060316
v -13.798015 -1.302415 -13.042983
v -13.81936 -1.293808 -13.092136
v -13.800515 -1.293852 -13.128
v -13.812935 -1.293958 -13.189431
v -13.849345 -1.294064 -13.240445
v -13.888416 -1.294108 -13.251158
v -13.907261 -1.294064 -13.215294
v -13.894841 -1.293958 -13.153863
v -13.858431 -1.293852 -13.102849
v -13.81936 -1.293808 -13.092136
v -13.85389 -1.290635 -13.171652
v -13.85389 -1.290635 -13.171652
v -13.85389 -1.290635 -13.171652
v -13.85389 -1.290635 -13.171652
v -13.85389 -1.290635 -13.171652
v -13.85389 -1.290635 -13.171652
v -13.85389 -1.290635 -13.171652
v -13.85389 -1.290635 -13.171652
v -13.85389 -1.290635 -13.171652
v -22.628618 -0.864317 -4.876919
v -22.628618 -0.864317 -4.876919
v -22.628618 -0.864317 -4.876919
v -22.628618 -0.864317 -4.876919
v -22.628618 -0.864317 -4.876919
v -22.628618 -0.864317 -4.876919
v -22.628618 -0.864317 -4.876919
v -22.628618 -0.864317 -4.876919
v -22.628618 -0.864317 -4.876919
v -22.56699 -0.853989 -4.763107
v -22.521901 -0.85545 -4.830699
v -22.539382 -0.858978 -4.925472
v -22.609194 -0.862507 -4.991909
v -22.690441 -0.863968 -4.991092
v -22.735531 -0.862507 -4.923499
v -22.718049 -0.858978 -4.828726
v -22.648238 -0.85545 -4.76229
v -22.56699 -0.853989 -4.763107
v -22.529098 -0.836928 -4.693129
v -22.456142 -0.839292 -4.802496
v -22.484427 -0.845001 -4.955841
v -22.597385 -0.85071 -5.063338
v -22.728846 -0.853074 -5.062016
v -22.801802 -0.85071 -4.952649
v -22.773517 -0.845001 -4.799303
v -22.660559 -0.839292 -4.691806
v -22.529098 -0.836928 -4.693129
v -22.529415 -0.819651 -4.693714
v -22.456459 -0.822015 -4.80308
v -22.484744 -0.827724 -4.956426
v -22.597701 -0.833433 -5.063923
v -22.729162 -0.835797 -5.062601
v -22.802119 -0.833433 -4.953234
v -22.773833 -0.827724 -4.799888
v -22.660876 -0.822015 -4.692391
v -22.529415 -0.819651 -4.693714
v -22.567819 -0.808757 -4.764638
v -22.52273 -0.810219 -4.83223
v -22.540211 -0.813747 -4.927003
v -22.610023 -0.817275 -4.99344
v -22.69127 -0.818736 -4.992623
v -22.73636 -0.817275 -4.92503
v -22.718878 -0.813747 -4.830257
v -22.649067 -0.810219 -4.763821
v -22.567819 -0.808757 -4.764638
v -22.629643 -0.808408 -4.878811
v -22.629643 -0.808408 -4.878811
v -22.629643 -0.808408 -4.878811
v -22.629643 -0.808408 -4.878811
v -22.629643 -0.808408 -4.878811
v -22.629643 -0.808408 -4.878811
v -22.629643 -0.808408 -4.878811
v -22.629643 -0.808408 -4.878811
v -22.629643 -0.808408 -4.878811
v -20.136696 -0.86337 -3.700678
v -20.136696 -0.86337 -3.700678
v -20.136696 -0.86337 -3.700678
v -20.136696 -0.86337 -3.700678
v -20.136696 -0.86337 -3.700678
v -20.136696 -0.86337 -3.700678
v -20.136696 -0.86337 -3.700678
v -20.136696 -0.86337 -3.700678
v -20.136696 -0.86337 -3.700678
v -20.210731 -0.862252 -3.644353
v -20.164757 -0.861538 -3.628878
v -20.102389 -0.859816 -3.655429
v -20.060161 -0.858094 -3.708453
v -20.06281 -0.857381 -3.756889
v -20.108784 -0.858094 -3.772364
v -20.171152 -0.859816 -3.745813
v -20.21338 -0.861538 -3.692789
v -20.210731 -0.862252 -3.644353
v -20.256635 -0.854452 -3.60943
v -20.182247 -0.853298 -3.58439
v -20.081334 -0.850512 -3.627351
v -20.013008 -0.847725 -3.713146
v -20.017295 -0.846571 -3.791517
v -20.091682 -0.847725 -3.816557
v -20.192595 -0.850512 -3.773596
v -20.260921 -0.853298 -3.687801
v -20.256635 -0.854452 -3.60943
v -20.256875 -0.842951 -3.609247
v -20.182487 -0.841797 -3.584208
v -20.081574 -0.83901 -3.627169
v -20.013248 -0.836224 -3.712963
v -20.017534 -0.83507 -3.791335
v -20.091922 -0.836224 -3.816374
v -20.192835 -0.83901 -3.773413
v -20.261161 -0.841797 -3.687619
v -20.256875 -0.842951 -3.609247
v -20.211359 -0.832141 -3.643875
v -20.165385 -0.831428 -3.6284
v -20.103017 -0.829706 -3.654951
v -20.060789 -0.827983 -3.707975
v -20.063438 -0.82727 -3.756412
v -20.109412 -0.827983 -3.771887
v -20.17178 -0.829706 -3.745335
v -20.214008 -0.831428 -3.692311
v -20.211359 -0.832141 -3.643875
v -20.137473 -0.826151 -3.700087
v -20.137473 -0.826151 -3.700087
v -20.137473 -0.826151 -3.700087
v -20.137473 -0.826151 -3.700087
v -20.137473 -0.826151 -3.700087
v -20.137473 -0.826151 -3.700087
v -20.137473 -0.826151 -3.700087
v -20.137473 -0.826151 -3.700087
v -20.137473 -0.826151 -3.700087
v -22.196081 0.826298 21.580476
v -22.196081 0.826298 21.580476
v -22.196081 0.826298 21.580476
v -22.196081 0.826298 21.580476
v -22.196081 0.826298 21.580476
v -22.196081 0.826298 21.580476
v -22.196081 0.826298 21.580476
v -22.196081 0.826298 21.580476
v -22.196081 0.826298 21.580476
v -22.23283 0.831233 21.664826
v -22.178335 0.831312 21.659178
v -22.134238 0.831504 21.607436
v -22.126372 0.831696 21.539909
v -22.159344 0.831775 21.496154
v -22.21384 0.831696 21.501802
v -22.257936 0.831504 21.553544
v -22.265802 0.831312 21.621071
v -22.23283 0.831233 21.664826
v -22.255555 0.844693 21.716986
v -22.167379 0.844821 21.707847
v -22.09603 0.845132 21.624126
v -22.083302 0.845442 21.514865
v -22.136652 0.845571 21.444068
v -22.224828 0.845442 21.453206
v -22.296177 0.845132 21.536928
v -22.308904 0.844821 21.646189
v -22.255555 0.844693 21.716986
v -22.255574 0.861538 21.717032
v -22.167399 0.861667 21.707893
v -22.09605 0.861977 21.624172
v -22.083322 0.862287 21.514911
v -22.136672 0.862416 21.444113
v -22.224847 0.862287 21.453252
v -22.296197 0.861977 21.536973
v -22.308924 0.861667 21.646234
v -22.255574 0.861538 21.717032
v -22.232882 0.875334 21.664946
v -22.178387 0.875413 21.659298
v -22.13429 0.875605 21.607555
v -22.126424 0.875797 21.540028
v -22.159396 0.875876 21.496273
v -22.213892 0.875797 21.501921
v -22.257988 0.875605 21.553663
v -22.265854 0.875413 21.621191
v -22.232882 0.875334 21.664946
v -22.196145 0.88081 21.580623
v -22.196145 0.88081 21.580623
v -22.196145 0.88081 21.580623
v -22.196145 0.88081 21.580623
v -22.196145 0.88081 21.580623
v -22.196145 0.88081 21.580623
v -22.196145 0.88081 21.580623
v -22.196145 0.88081 21.580623
v -22.196145 0.88081 21.580623
v -28.537292 0.724075 5.145156
v -28.537292 0.724075 5.145156
v -28.537292 0.724075 5.145156
v -28.537292 0.724075 5.145156
v -28.537292 0.724075 5.145156
v -28.537292 0.724075 5.145156
v -28.537292 0.724075 5.145156
v -28.537292 0.724075 5.145156
v -28.537292 0.724075 5.145156
v -28.637643 0.732549 5.139007
v -28.612445 0.731574 5.210076
v -28.543124 0.729222 5.243122
v -28.470287 0.726869 5.218787
v -28.436601 0.725895 5.151326
v -28.461799 0.726869 5.080257
v -28.53112 0.729222 5.047211
v -28.603957 0.731574 5.071547
v -28.637643 0.732549 5.139007
v -28.699325 0.748078 5.135228
v -28.658553 0.746502 5.25022
v -28.546389 0.742695 5.303689
v -28.428536 0.738889 5.264314
v -28.374031 0.737313 5.15516
v -28.414803 0.738889 5.040168
v -28.526967 0.742695 4.986699
v -28.64482 0.746502 5.026074
v -28.699325 0.748078 5.135228
v -28.698775 0.764733 5.135262
v -28.658004 0.763156 5.250254
v -28.54584 0.75935 5.303723
v -28.427987 0.755544 5.264347
v -28.373482 0.753967 5.155193
v -28.414253 0.755544 5.040201
v -28.526418 0.75935 4.986732
v -28.64427 0.763156 5.026108
v -28.698775 0.764733 5.135262
v -28.636206 0.77615 5.139096
v -28.611008 0.775176 5.210164
v -28.541687 0.772823 5.24321
v -28.468849 0.770471 5.218875
v -28.435164 0.769497 5.151414
v -28.460361 0.770471 5.080345
v -28.529683 0.772823 5.047299
v -28.60252 0.775176 5.071635
v -28.636206 0.77615 5.139096
v -28.535515 0.77797 5.145265
v -28.535515 0.77797 5.145265
v -28.535515 0.77797 5.145265
v -28.535515 0.77797 5.145265
v -28.535515 0.77797 5.145265
v -28.535515 0.77797 5.145265
v -28.535515 0.77797 5.145265
v -28.535515 0.77797 5.145265
v -28.535515 0.77797 5.145265
v -14.918696 -1.398861 -7.882938
v -14.918696 -1.398861 -7.882938
v -14.918696 -1.398861 -7.882938
v -14.918696 -1.398861 -7.882938
v -14.918696 -1.398861 -7.882938
v -14.918696 -1.398861 -7.882938
v -14.918696 -1.398861 -7.882938
v -14.918696 -1.398861 -7.882938
v -14.918696 -1.398861 -7.882938
v -15.009494 -1.398007 -8.029542
v -15.022429 -1.396553 -7.962178
v -14.974651 -1.393043 -7.848479
v -14.894147 -1.389532 -7.75505
v -14.828074 -1.388078 -7.736619
v -14.815139 -1.389532 -7.803983
v -14.862917 -1.393043 -7.917681
v -14.943421 -1.396553 -8.011111
v -15.009494 -1.398007 -8.029542
v -15.065786 -1.385843 -8.120433
v -15.086717 -1.38349 -8.011436
v -15.00941 -1.37781 -7.827468
v -14.879151 -1.37213 -7.676296
v -14.772244 -1.369777 -7.646474
v -14.751313 -1.37213 -7.755471
v -14.82862 -1.37781 -7.939439
v -14.958879 -1.38349 -8.090611
v -15.065786 -1.385843 -8.120433
v -15.066072 -1.367014 -8.120894
v -15.087002 -1.364661 -8.011897
v -15.009696 -1.358981 -7.827929
v -14.879437 -1.353301 -7.676757
v -14.77253 -1.350949 -7.646935
v -14.751599 -1.353301 -7.755932
v -14.828906 -1.358981 -7.9399
v -14.959165 -1.364661 -8.091072
v -15.066072 -1.367014 -8.120894
v -15.010241 -1.348713 -8.030749
v -15.023177 -1.347259 -7.963385
v -14.975399 -1.343749 -7.849687
v -14.894895 -1.340238 -7.756258
v -14.828822 -1.338784 -7.737826
v -14.815887 -1.340238 -7.80519
v -14.863665 -1.343749 -7.918889
v -14.944169 -1.347259 -8.012318
v -15.010241 -1.348713 -8.030749
v -14.91962 -1.33793 -7.88443
v -14.91962 -1.33793 -7.88443
v -14.91962 -1.33793 -7.88443
v -14.91962 -1.33793 -7.88443
v -14.91962 -1.33793 -7.88443
v -14.91962 -1.33793 -7.88443
v -14.91962 -1.33793 -7.88443
v -14.91962 -1.33793 -7.88443
v -14.91962 -1.33793 -7.88443
v -14.815131 -1.397564 -9.323595
v -14.815131 -1.397564 -9.323595
v -14.815131 -1.397564 -9.323595
v -14.815131 -1.397564 -9.323595
v -14.815131 -1.397564 -9.323595
v -14.815131 -1.397564 -9.323595
v -14.815131 -1.397564 -9.323595
v -14.815131 -1.397564 -9.323595
v -14.815131 -1.397564 -9.323595
v -15.036461 -1.385222 -9.343654
v -14.97861 -1.386138 -9.260394
v -14.82492 -1.388349 -9.214149
v -14.66542 -1.39056 -9.23201
v -14.593543 -1.391476 -9.303512
v -14.651393 -1.39056 -9.386772
v -14.805084 -1.388349 -9.433017
v -14.964584 -1.386138 -9.415157
v -15.036461 -1.385222 -9.343654
v -15.172992 -1.359166 -9.356028
v -15.079388 -1.360648 -9.221311
v -14.830712 -1.364225 -9.146485
v -14.572635 -1.367803 -9.175383
v -14.456335 -1.369284 -9.291077
v -14.54994 -1.367803 -9.425794
v -14.798616 -1.364225 -9.50062
v -15.056693 -1.360648 -9.471722
v -15.172992 -1.359166 -9.356028
v -15.172575 -1.329348 -9.35599
v -15.07897 -1.330829 -9.221273
v -14.830294 -1.334407 -9.146447
v -14.572217 -1.337984 -9.175346
v -14.455918 -1.339466 -9.291039
v -14.549522 -1.337984 -9.425756
v -14.798199 -1.334407 -9.500582
v -15.056275 -1.330829 -9.471684
v -15.172575 -1.329348 -9.35599
v -15.035368 -1.307156 -9.343555
v -14.977517 -1.308072 -9.260295
v -14.823827 -1.310283 -9.21405
v -14.664326 -1.312494 -9.23191
v -14.592449 -1.31341 -9.303413
v -14.6503 -1.312494 -9.386673
v -14.803991 -1.310283 -9.432918
v -14.963491 -1.308072 -9.415058
v -15.035368 -1.307156 -9.343555
v -14.81378 -1.301068 -9.323472
v -14.81378 -1.301068 -9.323472
v -14.81378 -1.301068 -9.323472
v -14.81378 -1.301068 -9.323472
v -14.81378 -1.301068 -9.323472
v -14.81378 -1.301068 -9.323472
v -14.81378 -1.301068 -9.323472
v -14.81378 -1.301068 -9.323472
v -14.81378 -1.301068 -9.323472
v -22.39152 -0.880076 -4.872127
v -22.39152 -0.880076 -4.872127
v -22.39152 -0.880076 -4.872127
v -22.39152 -0.880076 -4.872127
v -22.39152 -0.880076 -4.872127
v -22.39152 -0.880076 -4.872127
v -22.39152 -0.880076 -4.872127
v -22.39152 -0.880076 -4.872127
v -22.39152 -0.880076 -4.872127
v -22.324479 -0.880374 -5.013229
v -22.406739 -0.877849 -5.001805
v -22.479968 -0.871752 -4.914662
v -22.50127 -0.865655 -4.802846
v -22.458166 -0.863129 -4.731858
v -22.375906 -0.865655 -4.743282
v -22.302677 -0.871752 -4.830425
v -22.281375 -0.877849 -4.942241
v -22.324479 -0.880374 -5.013229
v -22.282649 -0.863911 -5.101267
v -22.415749 -0.859824 -5.082783
v -22.534237 -0.849959 -4.941782
v -22.568704 -0.840094 -4.76086
v -22.49896 -0.836008 -4.645999
v -22.36586 -0.840094 -4.664483
v -22.247373 -0.849959 -4.805484
v -22.212905 -0.859824 -4.986406
v -22.282649 -0.863911 -5.101267
v -22.282009 -0.836973 -5.102614
v -22.415109 -0.832887 -5.08413
v -22.533597 -0.823022 -4.943129
v -22.568064 -0.813157 -4.762207
v -22.49832 -0.809071 -4.647346
v -22.36522 -0.813157 -4.66583
v -22.246733 -0.823022 -4.806831
v -22.212265 -0.832887 -4.987753
v -22.282009 -0.836973 -5.102614
v -22.322803 -0.809852 -5.016755
v -22.405063 -0.807326 -5.005332
v -22.478293 -0.801229 -4.918188
v -22.499595 -0.795132 -4.806372
v -22.456491 -0.792607 -4.735384
v -22.374231 -0.795132 -4.746808
v -22.301001 -0.801229 -4.833952
v -22.279699 -0.807326 -4.945767
v -22.322803 -0.809852 -5.016755
v -22.389449 -0.792905 -4.876486
v -22.389449 -0.792905 -4.876486
v -22.389449 -0.792905 -4.876486
v -22.389449 -0.792905 -4.876486
v -22.389449 -0.792905 -4.876486
v -22.389449 -0.792905 -4.876486
v -22.389449 -0.792905 -4.876486
v -22.389449 -0.792905 -4.876486
v -22.389449 -0.792905 -4.876486
v -23.929826 -1.074359 -8.018556
v -23.929826 -1.074359 -8.018556
v -23.929826 -1.074359 -8.018556
v -23.929826 -1.074359 -8.018556
v -23.929826 -1.074359 -8.018556
v -23.929826 -1.074359 -8.018556
v -23.929826 -1.074359 -8.018556
v -23.929826 -1.074359 -8.018556
v -23.929826 -1.074359 -8.018556
v -23.984086 -1.077842 -7.749355
v -23.876895 -1.074117 -7.809672
v -23.80076 -1.065124 -7.992104
v -23.80028 -1.05613 -8.189785
v -23.875736 -1.052405 -8.286916
v -23.982927 -1.05613 -8.226599
v -24.059062 -1.065124 -8.044167
v -24.059542 -1.074117 -7.846486
v -23.984086 -1.077842 -7.749355
v -24.017789 -1.061525 -7.582141
v -23.84435 -1.055497 -7.679735
v -23.721161 -1.040946 -7.974916
v -23.720385 -1.026394 -8.294771
v -23.842476 -1.020366 -8.451932
v -24.015915 -1.026394 -8.354337
v -24.139104 -1.040946 -8.059156
v -24.13988 -1.055497 -7.739302
v -24.017789 -1.061525 -7.582141
v -24.018063 -1.031639 -7.580782
v -23.844624 -1.025612 -7.678376
v -23.721435 -1.01106 -7.973557
v -23.720659 -0.996508 -8.293412
v -23.842749 -0.990481 -8.450573
v -24.016189 -0.996508 -8.352978
v -24.139378 -1.01106 -8.057797
v -24.140154 -1.025612 -7.737943
v -24.018063 -1.031639 -7.580782
v -23.984803 -0.999601 -7.745798
v -23.877612 -0.995876 -7.806114
v -23.801477 -0.986882 -7.988546
v -23.800997 -0.977889 -8.186227
v -23.876453 -0.974163 -8.283358
v -23.983644 -0.977889 -8.223041
v -24.059779 -0.986882 -8.040609
v -24.060259 -0.995876 -7.842929
v -23.984803 -0.999601 -7.745798
v -23.930713 -0.977647 -8.014158
v -23.930713 -0.977647 -8.014158
v -23.930713 -0.977647 -8.014158
v -23.930713 -0.977647 -8.014158
v -23.930713 -0.977647 -8.014158
v -23.930713 -0.977647 -8.014158
v -23.930713 -0.977647 -8.014158
v -23.930713 -0.977647 -8.014158
v -23.930713 -0.977647 -8.014158
v -24.353575 -0.739658 -5.086182
v -24.353575 -0.739658 -5.086182
v -24.353575 -0.739658 -5.086182
v -24.353575 -0.739658 -5.086182
v -24.353575 -0.739658 -5.086182
v -24.353575 -0.739658 -5.086182
v -24.353575 -0.739658 -5.086182
v -24.353575 -0.739658 -5.086182
v -24.353575 -0.739658 -5.086182
v -24.432902 -0.732503 -5.073836
v -24.402189 -0.733099 -5.02965
v -24.342924 -0.734538 -5.018592
v -24.289823 -0.735977 -5.047139
v -24.273993 -0.736573 -5.098569
v -24.304705 -0.735977 -5.142754
v -24.36397 -0.734538 -5.153812
v -24.417071 -0.733099 -5.125265
v -24.432902 -0.732503 -5.073836
v -24.481672 -0.71784 -5.066245
v -24.431978 -0.718804 -4.994752
v -24.336085 -0.721133 -4.976859
v -24.250167 -0.723462 -5.023049
v -24.224552 -0.724426 -5.106264
v -24.274246 -0.723462 -5.177757
v -24.370138 -0.721133 -5.19565
v -24.456057 -0.718804 -5.14946
v -24.481672 -0.71784 -5.066245
v -24.481257 -0.701271 -5.06631
v -24.431564 -0.702235 -4.994816
v -24.335671 -0.704564 -4.976924
v -24.249752 -0.706892 -5.023114
v -24.224137 -0.707857 -5.106328
v -24.273831 -0.706892 -5.177822
v -24.369724 -0.704564 -5.195714
v -24.455643 -0.702235 -5.149524
v -24.481257 -0.701271 -5.06631
v -24.431817 -0.689124 -5.074005
v -24.401104 -0.68972 -5.029819
v -24.341839 -0.691159 -5.018761
v -24.288738 -0.692598 -5.047308
v -24.272908 -0.693194 -5.098738
v -24.30362 -0.692598 -5.142923
v -24.362885 -0.691159 -5.153981
v -24.415986 -0.68972 -5.125434
v -24.431817 -0.689124 -5.074005
v -24.352234 -0.686039 -5.086391
v -24.352234 -0.686039 -5.086391
v -24.352234 -0.686039 -5.086391
v -24.352234 -0.686039 -5.086391
v -24.352234 -0.686039 -5.086391
v -24.352234 -0.686039 -5.086391
v -24.352234 -0.686039 -5.086391
v -24.352234 -0.686039 -5.086391
v -24.352234 -0.686039 -5.086391
v -5.296374 -0.616289 -0.374952
v -5.296374 -0.616289 -0.374952
v -5.296374 -0.616289 -0.374952
v -5.296374 -0.616289 -0.374952
v -5.296374 -0.616289 -0.374952
v -5.296374 -0.616289 -0.374952
v -5.296374 -0.616289 -0.374952
v -5.296374 -0.616289 -0.374952
v -5.296374 -0.616289 -0.374952
v -5.284265 -0.608324 -0.450855
v -5.337366 -0.609317 -0.436469
v -5.366473 -0.611715 -0.385932
v -5.354536 -0.614113 -0.328846
v -5.308547 -0.615106 -0.298652
v -5.255447 -0.614113 -0.313037
v -5.226339 -0.611715 -0.363575
v -5.238276 -0.609317 -0.420661
v -5.284265 -0.608324 -0.450855
v -5.276844 -0.594252 -0.497367
v -5.362763 -0.595859 -0.474092
v -5.40986 -0.599739 -0.39232
v -5.390545 -0.603618 -0.299953
v -5.316134 -0.605225 -0.251098
v -5.230215 -0.603618 -0.274374
v -5.183119 -0.599739 -0.356146
v -5.202433 -0.595859 -0.448513
v -5.276844 -0.594252 -0.497367
v -5.276947 -0.579449 -0.496724
v -5.362866 -0.581056 -0.473449
v -5.409962 -0.584935 -0.391677
v -5.390648 -0.588815 -0.29931
v -5.316237 -0.590422 -0.250455
v -5.230318 -0.588815 -0.273731
v -5.183221 -0.584935 -0.355503
v -5.202536 -0.581056 -0.447869
v -5.276947 -0.579449 -0.496724
v -5.284533 -0.569568 -0.449171
v -5.337634 -0.570561 -0.434786
v -5.366742 -0.572959 -0.384248
v -5.354805 -0.575357 -0.327162
v -5.308816 -0.57635 -0.296968
v -5.255715 -0.575357 -0.311353
v -5.226608 -0.572959 -0.361891
v -5.238545 -0.570561 -0.418977
v -5.284533 -0.569568 -0.449171
v -5.296706 -0.568384 -0.372871
v -5.296706 -0.568384 -0.372871
v -5.296706 -0.568384 -0.372871
v -5.296706 -0.568384 -0.372871
v -5.296706 -0.568384 -0.372871
v -5.296706 -0.568384 -0.372871
v -5.296706 -0.568384 -0.372871
v -5.296706 -0.568384 -0.372871
v -5.296706 -0.568384 -0.372871
v -21.073886 0.82232 13.439922
v -21.073886 0.82232 13.439922
v -21.073886 0.82232 13.439922
v -21.073886 0.82232 13.439922
v -21.073886 0.82232 13.439922
v -21.073886 0.82232 13.439922
v -21.073886 0.82232 13.439922
v -21.073886 0.82232 13.439922
v -21.073886 0.82232 13.439922
v -21.081267 0.831806 13.558145
v -20.992398 0.831124 13.528891
v -20.951258 0.829476 13.447437
v -20.981947 0.827829 13.361499
v -21.066488 0.827146 13.321418
v -21.155358 0.827829 13.350673
v -21.196497 0.829476 13.432126
v -21.165808 0.831124 13.518064
v -21.081267 0.831806 13.558145
v -21.085812 0.85198 13.630931
v -20.942017 0.850875 13.583596
v -20.875451 0.84821 13.451801
v -20.925107 0.845544 13.312751
v -21.061898 0.84444 13.247898
v -21.205692 0.845544 13.295233
v -21.272258 0.84821 13.427028
v -21.222602 0.850875 13.566078
v -21.085812 0.85198 13.630931
v -21.085783 0.875135 13.630477
v -20.941989 0.874031 13.583142
v -20.875423 0.871366 13.451347
v -20.925079 0.8687 13.312297
v -21.061869 0.867596 13.247444
v -21.205664 0.8687 13.294779
v -21.272229 0.871366 13.426574
v -21.222573 0.874031 13.565624
v -21.085783 0.875135 13.630477
v -21.081193 0.892429 13.556957
v -20.992323 0.891747 13.527702
v -20.951183 0.890099 13.446249
v -20.981873 0.888452 13.360311
v -21.066413 0.887769 13.32023
v -21.155283 0.888452 13.349484
v -21.196423 0.890099 13.430938
v -21.165734 0.891747 13.516876
v -21.081193 0.892429 13.556957
v -21.073795 0.897255 13.438453
v -21.073795 0.897255 13.438453
v -21.073795 0.897255 13.438453
v -21.073795 0.897255 13.438453
v -21.073795 0.897255 13.438453
v -21.073795 0.897255 13.438453
v -21.073795 0.897255 13.438453
v -21.073795 0.897255 13.438453
v -21.073795 0.897255 13.438453
v -16.575436 -1.28692 -13.927045
v -16.575436 -1.28692 -13.927045
v -16.575436 -1.28692 -13.927045
v -16.575436 -1.28692 -13.927045
v -16.575436 -1.28692 -13.927045
v -16.575436 -1.28692 -13.927045
v -16.575436 -1.28692 -13.927045
v -16.575436 -1.28692 -13.927045
v -16.575436 -1.28692 -13.927045
v -16.704408 -1.286694 -14.043905
v -16.72772 -1.284342 -13.942426
v -16.661992 -1.278664 -13.832087
v -16.545726 -1.272986 -13.777524
v -16.44703 -1.270633 -13.810698
v -16.423719 -1.272986 -13.912177
v -16.489447 -1.278664 -14.022516
v -16.605712 -1.284342 -14.077079
v -16.704408 -1.286694 -14.043905
v -16.784683 -1.270043 -14.116641
v -16.822402 -1.266238 -13.952444
v -16.716052 -1.25705 -13.773913
v -16.527931 -1.247862 -13.685627
v -16.368237 -1.244056 -13.739305
v -16.330518 -1.247862 -13.903501
v -16.436868 -1.25705 -14.082033
v -16.624989 -1.266238 -14.170318
v -16.784683 -1.270043 -14.116641
v -16.785598 -1.243327 -14.11747
v -16.823318 -1.239521 -13.953274
v -16.716967 -1.230334 -13.774742
v -16.528846 -1.221146 -13.686457
v -16.369153 -1.21734 -13.740134
v -16.331433 -1.221146 -13.904331
v -16.437784 -1.230334 -14.082862
v -16.625905 -1.239521 -14.171148
v -16.785598 -1.243327 -14.11747
v -16.706805 -1.21675 -14.046077
v -16.730117 -1.214398 -13.944598
v -16.664389 -1.20872 -13.834259
v -16.548123 -1.203041 -13.779696
v -16.449427 -1.200689 -13.81287
v -16.426116 -1.203041 -13.914349
v -16.491844 -1.20872 -14.024688
v -16.608109 -1.214398 -14.079251
v -16.706805 -1.21675 -14.046077
v -16.578399 -1.200464 -13.92973
v -16.578399 -1.200464 -13.92973
v -16.578399 -1.200464 -13.92973
v -16.578399 -1.200464 -13.92973
v -16.578399 -1.200464 -13.92973
v -16.578399 -1.200464 -13.92973
v -16.578399 -1.200464 -13.92973
v -16.578399 -1.200464 -13.92973
v -16.578399 -1.200464 -13.92973
v -22.396703 -1.004713 -5.942088
v -22.396703 -1.004713 -5.942088
v -22.396703 -1.004713 -5.942088
v -22.396703 -1.004713 -5.942088
v -22.396703 -1.004713 -5.942088
v -22.396703 -1.004713 -5.942088
v -22.396703 -1.004713 -5.942088
v -22.396703 -1.004713 -5.942088
v -22.396703 -1.004713 -5.942088
v -22.290512 -1.005084 -5.915425
v -22.3032 -1.00333 -5.996203
v -22.370485 -0.999094 -6.045238
v -22.452954 -0.994858 -6.033805
v -22.502296 -0.993104 -5.968601
v -22.489608 -0.994858 -5.887823
v -22.422323 -0.999094 -5.838788
v -22.339854 -1.00333 -5.850221
v -22.290512 -1.005084 -5.915425
v -22.224284 -0.994076 -5.898796
v -22.244814 -0.991237 -6.029498
v -22.353684 -0.984383 -6.108838
v -22.487121 -0.97753 -6.090338
v -22.566958 -0.974691 -5.984837
v -22.546429 -0.97753 -5.854135
v -22.437558 -0.984383 -5.774795
v -22.304122 -0.991237 -5.793294
v -22.224284 -0.994076 -5.898796
v -22.223317 -0.975892 -5.898553
v -22.243846 -0.973053 -6.029255
v -22.352716 -0.9662 -6.108595
v -22.486153 -0.959346 -6.090096
v -22.56599 -0.956507 -5.984594
v -22.545461 -0.959346 -5.853892
v -22.436591 -0.9662 -5.774552
v -22.303154 -0.973053 -5.793051
v -22.223317 -0.975892 -5.898553
v -22.287979 -0.957479 -5.914788
v -22.300667 -0.955724 -5.995567
v -22.367952 -0.951489 -6.044602
v -22.45042 -0.947253 -6.033169
v -22.499763 -0.945498 -5.967965
v -22.487075 -0.947253 -5.887187
v -22.419789 -0.951489 -5.838152
v -22.337321 -0.955724 -5.849585
v -22.287979 -0.957479 -5.914788
v -22.393572 -0.94587 -5.941302
v -22.393572 -0.94587 -5.941302
v -22.393572 -0.94587 -5.941302
v -22.393572 -0.94587 -5.941302
v -22.393572 -0.94587 -5.941302
v -22.393572 -0.94587 -5.941302
v -22.393572 -0.94587 -5.941302
v -22.393572 -0.94587 -5.941302
v -22.393572 -0.94587 -5.941302
v 26.539061 0.779947 28.890909
v 26.539061 0.779947 28.890909
v 26.539061 0.779947 28.890909
v 26.539061 0.779947 28.890909
v 26.539061 0.779947 28.890909
v 26.539061 0.779947 28.890909
v 26.539061 0.779947 28.890909
v 26.539061 0.779947 28.890909
v 26.539061 0.779947 28.890909
v 26.664758 0.796467 28.999941
v 26.671048 0.793727 28.918132
v 26.599843 0.787113 28.820222
v 26.492855 0.7805 28.763566
v 26.412755 0.77776 28.781351
v 26.406466 0.7805 28.86316
v 26.477671 0.787113 28.96107
v 26.584659 0.793727 29.017726
v 26.664758 0.796467 28.999941
v 26.741837 0.821009 29.0668
v 26.752014 0.816576 28.934431
v 26.636802 0.805875 28.776009
v 26.463691 0.795174 28.684336
v 26.334088 0.790741 28.713113
v 26.323911 0.795174 28.845483
v 26.439123 0.805875 29.003904
v 26.612233 0.816576 29.095577
v 26.741837 0.821009 29.0668
v 26.740855 0.844199 29.065948
v 26.751031 0.839767 28.933578
v 26.63582 0.829066 28.775157
v 26.462709 0.818365 28.683484
v 26.333105 0.813932 28.712261
v 26.322929 0.818365 28.844631
v 26.43814 0.829066 29.003052
v 26.611251 0.839767 29.094725
v 26.740855 0.844199 29.065948
v 26.662187 0.857181 28.99771
v 26.668476 0.854441 28.915902
v 26.597271 0.847828 28.817992
v 26.490283 0.841214 28.761335
v 26.410184 0.838474 28.77912
v 26.403894 0.841214 28.860929
v 26.475099 0.847828 28.958839
v 26.582087 0.854441 29.015496
v 26.662187 0.857181 28.99771
v 26.535882 0.854994 28.888152
v 26.535882 0.854994 28.888152
v 26.535882 0.854994 28.888152
v 26.535882 0.854994 28.888152
v 26.535882 0.854994 28.888152
v 26.535882 0.854994 28.888152
v 26.535882 0.854994 28.888152
v 26.535882 0.854994 28.888152
v 26.535882 0.854994 28.888152
v -16.468063 0.322074 17.03216
v -16.468063 0.322074 17.03216
v -16.468063 0.322074 17.03216
v -16.468063 0.322074 17.03216
v -16.468063 0.322074 17.03216
v -16.468063 0.322074 17.03216
v -16.468063 0.322074 17.03216
v -16.468063 0.322074 17.03216
v -16.468063 0.322074 17.03216
v -16.490912 0.331151 16.94108
v -16.521396 0.329541 16.977146
v -16.520609 0.325655 17.045557
v -16.489011 0.321769 17.106239
v -16.445113 0.320159 17.123645
v -16.414629 0.321769 17.087579
v -16.415416 0.325655 17.019168
v -16.447014 0.329541 16.958486
v -16.490912 0.331151 16.94108
v -16.504932 0.343922 16.885196
v -16.554256 0.341318 16.943552
v -16.552982 0.33503 17.054243
v -16.501856 0.328742 17.152428
v -16.430827 0.326137 17.180591
v -16.381502 0.328742 17.122235
v -16.382776 0.33503 17.011544
v -16.433902 0.341318 16.913359
v -16.504932 0.343922 16.885196
v -16.504767 0.35551 16.885852
v -16.554092 0.352905 16.944208
v -16.552818 0.346617 17.054899
v -16.501692 0.340329 17.153084
v -16.430662 0.337724 17.181248
v -16.381338 0.340329 17.122892
v -16.382612 0.346617 17.0122
v -16.433738 0.352905 16.914015
v -16.504767 0.35551 16.885852
v -16.490481 0.361487 16.942799
v -16.520965 0.359878 16.978865
v -16.520178 0.355991 17.047276
v -16.48858 0.352105 17.107957
v -16.444682 0.350495 17.125363
v -16.414198 0.352105 17.089297
v -16.414985 0.355991 17.020886
v -16.446582 0.359878 16.960204
v -16.490481 0.361487 16.942799
v -16.467531 0.359572 17.034284
v -16.467531 0.359572 17.034284
v -16.467531 0.359572 17.034284
v -16.467531 0.359572 17.034284
v -16.467531 0.359572 17.034284
v -16.467531 0.359572 17.034284
v -16.467531 0.359572 17.034284
v -16.467531 0.359572 17.034284
v -16.467531 0.359572 17.034284
v 0.385195 -1.164401 29.660844
v 0.385195 -1.164401 29.660844
v 0.385195 -1.164401 29.660844
v 0.385195 -1.164401 29.660844
v 0.385195 -1.164401 29.660844
v 0.385195 -1.164401 29.660844
v 0.385195 -1.164401 29.660844
v 0.385195 -1.164401 29.660844
v 0.385195 -1.164401 29.660844
v 0.445689 -1.158609 29.59345
v 0.390361 -1.159169 29.579463
v 0.331975 -1.160522 29.613183
v 0.304733 -1.161875 29.674858
v 0.324592 -1.162435 29.728359
v 0.37992 -1.161875 29.742347
v 0.438306 -1.160522 29.708627
v 0.465548 -1.159169 29.646952
v 0.445689 -1.158609 29.59345
v 0.482966 -1.147271 29.551921
v 0.393444 -1.148178 29.529288
v 0.298974 -1.150366 29.583849
v 0.254895 -1.152555 29.683641
v 0.287028 -1.153461 29.770208
v 0.37655 -1.152555 29.79284
v 0.47102 -1.150366 29.73828
v 0.515099 -1.148178 29.638488
v 0.482966 -1.147271 29.551921
v 0.482789 -1.134719 29.552118
v 0.393267 -1.135625 29.529486
v 0.298797 -1.137814 29.584046
v 0.254718 -1.140002 29.683838
v 0.286851 -1.140909 29.770405
v 0.376373 -1.140002 29.793037
v 0.470843 -1.137814 29.738477
v 0.514922 -1.135625 29.638685
v 0.482789 -1.134719 29.552118
v 0.445225 -1.125745 29.593966
v 0.389898 -1.126305 29.579979
v 0.331512 -1.127658 29.613699
v 0.30427 -1.129011 29.675374
v 0.324129 -1.129571 29.728875
v 0.379457 -1.129011 29.742863
v 0.437842 -1.127658 29.709143
v 0.465085 -1.126305 29.647468
v 0.445225 -1.125745 29.593966
v 0.384622 -1.123779 29.661482
v 0.384622 -1.123779 29.661482
v 0.384622 -1.123779 29.661482
v 0.384622 -1.123779 29.661482
v 0.384622 -1.123779 29.661482
v 0.384622 -1.123779 29.661482
v 0.384622 -1.123779 29.661482
v 0.384622 -1.123779 29.661482
v 0.384622 -1.123779 29.661482
v -8.936028 -1.104678 -10.381793
v -8.936028 -1.104678 -10.381793
v -8.936028 -1.104678 -10.381793
v -8.936028 -1.104678 -10.381793
v -8.936028 -1.104678 -10.381793
v -8.936028 -1.104678 -10.381793
v -8.936028 -1.104678 -10.381793
v -8.936028 -1.104678 -10.381793
v -8.936028 -1.104678 -10.381793
v -9.005437 -1.092291 -10.496989
v -9.02049 -1.094578 -10.44184
v -8.985986 -1.100099 -10.351382
v -8.922137 -1.105619 -10.278606
v -8.866345 -1.107906 -10.266142
v -8.851292 -1.105619 -10.321292
v -8.885796 -1.100099 -10.411749
v -8.949645 -1.094578 -10.484526
v -9.005437 -1.092291 -10.496989
v -9.048061 -1.075476 -10.56773
v -9.072417 -1.079176 -10.478496
v -9.016588 -1.088109 -10.332133
v -8.913278 -1.097042 -10.214378
v -8.823005 -1.100742 -10.194211
v -8.798649 -1.097042 -10.283446
v -8.854478 -1.088109 -10.429809
v -8.957787 -1.079176 -10.547563
v -9.048061 -1.075476 -10.56773
v -9.047617 -1.060656 -10.566995
v -9.071973 -1.064356 -10.47776
v -9.016145 -1.073289 -10.331397
v -8.912835 -1.082222 -10.213643
v -8.822562 -1.085923 -10.193476
v -8.798206 -1.082222 -10.28271
v -8.854035 -1.073289 -10.429073
v -8.957344 -1.064356 -10.546828
v -9.047617 -1.060656 -10.566995
v -9.004277 -1.053492 -10.495064
v -9.01933 -1.055779 -10.439914
v -8.984826 -1.0613 -10.349457
v -8.920977 -1.066821 -10.27668
v -8.865185 -1.069108 -10.264217
v -8.850132 -1.066821 -10.319366
v -8.884636 -1.0613 -10.409824
v -8.948485 -1.055779 -10.4826
v -9.004277 -1.053492 -10.495064
v -8.934594 -1.05672 -10.379413
v -8.934594 -1.05672 -10.379413
v -8.934594 -1.05672 -10.379413
v -8.934594 -1.05672 -10.379413
v -8.934594 -1.05672 -10.379413
v -8.934594 -1.05672 -10.379413
v -8.934594 -1.05672 -10.379413
v -8.934594 -1.05672 -10.379413
v -8.934594 -1.05672 -10.379413
v -10.556372 -1.141039 -3.478046
v -10.556372 -1.141039 -3.478046
v -10.556372 -1.141039 -3.478046
v -10.556372 -1.141039 -3.478046
v -10.556372 -1.141039 -3.478046
v -10.556372 -1.141039 -3.478046
v -10.556372 -1.141039 -3.478046
v -10.556372 -1.141039 -3.478046
v -10.556372 -1.141039 -3.478046
v -10.46109 -1.139952 -3.394132
v -10.436266 -1.138293 -3.478451
v -10.481665 -1.134288 -3.562416
v -10.570694 -1.130283 -3.596842
v -10.6512 -1.128624 -3.561562
v -10.676025 -1.130283 -3.477243
v -10.630626 -1.134288 -3.393277
v -10.541597 -1.138293 -3.358852
v -10.46109 -1.139952 -3.394132
v -10.40175 -1.125779 -3.341871
v -10.361583 -1.123095 -3.478302
v -10.43504 -1.116614 -3.61416
v -10.579092 -1.110134 -3.669862
v -10.709354 -1.10745 -3.612778
v -10.749521 -1.110134 -3.476347
v -10.676064 -1.116614 -3.340488
v -10.532012 -1.123095 -3.284787
v -10.40175 -1.125779 -3.341871
v -10.401017 -1.103933 -3.341225
v -10.36085 -1.101248 -3.477656
v -10.434307 -1.094768 -3.613515
v -10.578359 -1.088288 -3.669216
v -10.708621 -1.085604 -3.612132
v -10.748788 -1.088288 -3.475701
v -10.675331 -1.094768 -3.339843
v -10.531279 -1.101248 -3.284141
v -10.401017 -1.103933 -3.341225
v -10.459171 -1.082758 -3.392441
v -10.434347 -1.081099 -3.47676
v -10.479746 -1.077094 -3.560726
v -10.568774 -1.073089 -3.595151
v -10.649281 -1.07143 -3.559871
v -10.674105 -1.073089 -3.475552
v -10.628706 -1.077094 -3.391587
v -10.539678 -1.081099 -3.357161
v -10.459171 -1.082758 -3.392441
v -10.553999 -1.070344 -3.475957
v -10.553999 -1.070344 -3.475957
v -10.553999 -1.070344 -3.475957
v -10.553999 -1.070344 -3.475957
v -10.553999 -1.070344 -3.475957
v -10.553999 -1.070344 -3.475957
v -10.553999 -1.070344 -3.475957
v -10.553999 -1.070344 -3.475957
v -10.553999 -1.070344 -3.475957
v 7.434076 0.374669 13.656628
v 7.434076 0.374669 13.656628
v 7.434076 0.374669 13.656628
v 7.434076 0.374669 13.656628
v 7.434076 0.374669 13.656628
v 7.434076 0.374669 13.656628
v 7.434076 0.374669 13.656628
v 7.434076 0.374669 13.656628
v 7.434076 0.374669 13.656628
v 7.532963 0.37948 13.684172
v 7.512896 0.379401 13.644156
v 7.44665 0.379213 13.611444
v 7.373032 0.379024 13.605198
v 7.335166 0.378946 13.629077
v 7.355234 0.379024 13.669093
v 7.42148 0.379213 13.701805
v 7.495098 0.379401 13.708052
v 7.532963 0.37948 13.684172
v 7.594056 0.391539 13.70119
v 7.561586 0.391413 13.636442
v 7.454398 0.391107 13.583512
v 7.335281 0.390802 13.573406
v 7.274013 0.390675 13.612043
v 7.306484 0.390802 13.676791
v 7.413672 0.391107 13.729721
v 7.532789 0.391413 13.739827
v 7.594056 0.391539 13.70119
v 7.59402 0.406242 13.701179
v 7.561549 0.406115 13.636432
v 7.454361 0.40581 13.583502
v 7.335244 0.405505 13.573395
v 7.273976 0.405378 13.612033
v 7.306447 0.405505 13.67678
v 7.413635 0.40581 13.72971
v 7.532752 0.406115 13.739817
v 7.59402 0.406242 13.701179
v 7.532867 0.417972 13.684146
v 7.512799 0.417893 13.644129
v 7.446553 0.417705 13.611417
v 7.372935 0.417516 13.605171
v 7.335069 0.417438 13.62905
v 7.355137 0.417516 13.669066
v 7.421383 0.417705 13.701779
v 7.495001 0.417893 13.708025
v 7.532867 0.417972 13.684146
v 7.433957 0.422248 13.656595
v 7.433957 0.422248 13.656595
v 7.433957 0.422248 13.656595
v 7.433957 0.422248 13.656595
v 7.433957 0.422248 13.656595
v 7.433957 0.422248 13.656595
v 7.433957 0.422248 13.656595
v 7.433957 0.422248 13.656595
v 7.433957 0.422248 13.656595
v -16.905641 -1.017569 -3.32967
v -16.905641 -1.017569 -3.32967
v -16.905641 -1.017569 -3.32967
v -16.905641 -1.017569 -3.32967
v -16.905641 -1.017569 -3.32967
v -16.905641 -1.017569 -3.32967
v -16.905641 -1.017569 -3.32967
v -16.905641 -1.017569 -3.32967
v -16.905641 -1.017569 -3.32967
v -16.686845 -1.004815 -3.375991
v -16.763785 -1.006253 -3.422904
v -16.92392 -1.009723 -3.415181
v -17.073446 -1.013194 -3.357346
v -17.124773 -1.014632 -3.283278
v -17.047833 -1.013194 -3.236365
v -16.887698 -1.009723 -3.244088
v -16.738172 -1.006253 -3.301923
v -16.686845 -1.004815 -3.375991
v -16.551959 -0.981241 -3.404548
v -16.676449 -0.983567 -3.480455
v -16.935554 -0.989183 -3.467959
v -17.177492 -0.994799 -3.37438
v -17.260541 -0.997125 -3.254535
v -17.13605 -0.994799 -3.178628
v -16.876946 -0.989183 -3.191124
v -16.635007 -0.983567 -3.284703
v -16.551959 -0.981241 -3.404548
v -16.552504 -0.955851 -3.404432
v -16.676994 -0.958178 -3.480339
v -16.936099 -0.963793 -3.467843
v -17.178037 -0.969409 -3.374264
v -17.261085 -0.971735 -3.25442
v -17.136595 -0.969409 -3.178513
v -16.87749 -0.963793 -3.191009
v -16.635552 -0.958178 -3.284588
v -16.552504 -0.955851 -3.404432
v -16.688271 -0.938345 -3.375689
v -16.765211 -0.939782 -3.422602
v -16.925346 -0.943253 -3.414879
v -17.074872 -0.946724 -3.357044
v -17.126199 -0.948161 -3.282976
v -17.04926 -0.946724 -3.236063
v -16.889124 -0.943253 -3.243786
v -16.739598 -0.939782 -3.301621
v -16.688271 -0.938345 -3.375689
v -16.907404 -0.935407 -3.329297
v -16.907404 -0.935407 -3.329297
v -16.907404 -0.935407 -3.329297
v -16.907404 -0.935407 -3.329297
v -16.907404 -0.935407 -3.329297
v -16.907404 -0.935407 -3.329297
v -16.907404 -0.935407 -3.329297
v -16.907404 -0.935407 -3.329297
v -16.907404 -0.935407 -3.329297
v -20.361733 -1.178599 -8.294175
v -20.361733 -1.178599 -8.294175
v -20.361733 -1.178599 -8.294175
v -20.361733 -1.178599 -8.294175
v -20.361733 -1.178599 -8.294175
v -20.361733 -1.178599 -8.294175
v -20.361733 -1.178599 -8.294175
v -20.361733 -1.178599 -8.294175
v -20.361733 -1.178599 -8.294175
v -20.191457 -1.176102 -8.309084
v -20.251389 -1.174109 -8.420856
v -20.375743 -1.169296 -8.45844
v -20.491673 -1.164483 -8.399818
v -20.53127 -1.16249 -8.279331
v -20.471338 -1.164483 -8.167559
v -20.346984 -1.169296 -8.129975
v -20.231054 -1.174109 -8.188597
v -20.191457 -1.176102 -8.309084
v -20.085481 -1.155952 -8.318362
v -20.182453 -1.152726 -8.499214
v -20.383661 -1.144939 -8.560025
v -20.571241 -1.137152 -8.465174
v -20.635309 -1.133927 -8.270222
v -20.538337 -1.137152 -8.089371
v -20.337129 -1.144939 -8.028559
v -20.14955 -1.152726 -8.123411
v -20.085481 -1.155952 -8.318362
v -20.084284 -1.125845 -8.318467
v -20.181257 -1.12262 -8.499319
v -20.382465 -1.114833 -8.56013
v -20.570044 -1.107046 -8.465279
v -20.634113 -1.103821 -8.270327
v -20.53714 -1.107046 -8.089475
v -20.335932 -1.114833 -8.028664
v -20.148353 -1.12262 -8.123515
v -20.084284 -1.125845 -8.318467
v -20.188324 -1.097282 -8.309358
v -20.248256 -1.095289 -8.42113
v -20.37261 -1.090476 -8.458714
v -20.48854 -1.085664 -8.400092
v -20.528136 -1.08367 -8.279606
v -20.468204 -1.085664 -8.167833
v -20.343851 -1.090476 -8.13025
v -20.227921 -1.095289 -8.188871
v -20.188324 -1.097282 -8.309358
v -20.35786 -1.081173 -8.294514
v -20.35786 -1.081173 -8.294514
v -20.35786 -1.081173 -8.294514
v -20.35786 -1.081173 -8.294514
v -20.35786 -1.081173 -8.294514
v -20.35786 -1.081173 -8.294514
v -20.35786 -1.081173 -8.294514
v -20.35786 -1.081173 -8.294514
v -20.35786 -1.081173 -8.294514
v -30.533569 -0.834655 -10.534514
v -30.533569 -0.834655 -10.534514
v -30.533569 -0.834655 -10.534514
v -30.533569 -0.834655 -10.534514
v -30.533569 -0.834655 -10.534514
v -30.533569 -0.834655 -10.534514
v -30.533569 -0.834655 -10.534514
v -30.533569 -0.834655 -10.534514
v -30.533569 -0.834655 -10.534514
v -30.59696 -0.828893 -10.660545
v -30.646516 -0.828954 -10.589364
v -30.629908 -0.829101 -10.486049
v -30.556863 -0.829248 -10.411119
v -30.470172 -0.829309 -10.408468
v -30.420615 -0.829248 -10.479649
v -30.437223 -0.829101 -10.582964
v -30.510268 -0.828954 -10.657894
v -30.59696 -0.828893 -10.660545
v -30.63613 -0.814222 -10.738421
v -30.716314 -0.814321 -10.623249
v -30.689441 -0.81456 -10.456081
v -30.571253 -0.814798 -10.334843
v -30.430982 -0.814897 -10.330553
v -30.350798 -0.814798 -10.445726
v -30.377671 -0.81456 -10.612893
v -30.495859 -0.814321 -10.734132
v -30.63613 -0.814222 -10.738421
v -30.636118 -0.796248 -10.738397
v -30.716302 -0.796347 -10.623225
v -30.689429 -0.796586 -10.456057
v -30.571241 -0.796824 -10.334819
v -30.43097 -0.796923 -10.33053
v -30.350786 -0.796824 -10.445702
v -30.377659 -0.796586 -10.61287
v -30.495847 -0.796347 -10.734108
v -30.636118 -0.796248 -10.738397
v -30.596928 -0.781836 -10.660482
v -30.646485 -0.781897 -10.589302
v -30.629876 -0.782044 -10.485987
v -30.556832 -0.782192 -10.411057
v -30.47014 -0.782253 -10.408406
v -30.420584 -0.782192 -10.479587
v -30.437192 -0.782044 -10.582902
v -30.510237 -0.781897 -10.657832
v -30.596928 -0.781836 -10.660482
v -30.533531 -0.77649 -10.534437
v -30.533531 -0.77649 -10.534437
v -30.533531 -0.77649 -10.534437
v -30.533531 -0.77649 -10.534437
v -30.533531 -0.77649 -10.534437
v -30.533531 -0.77649 -10.534437
v -30.533531 -0.77649 -10.534437
v -30.533531 -0.77649 -10.534437
v -30.533531 -0.77649 -10.534437
v -3.801089 -0.913061 18.594522
v -3.801089 -0.913061 18.594522
v -3.801089 -0.913061 18.594522
v -3.801089 -0.913061 18.594522
v -3.801089 -0.913061 18.594522
v -3.801089 -0.913061 18.594522
v -3.801089 -0.913061 18.594522
v -3.801089 -0.913061 18.594522
v -3.801089 -0.913061 18.594522
v -3.702218 -0.90973 18.583476
v -3.740692 -0.908625 18.500826
v -3.814388 -0.905956 18.473045
v -3.880137 -0.903288 18.516405
v -3.899423 -0.902182 18.605507
v -3.860949 -0.903288 18.688157
v -3.787253 -0.905956 18.715938
v -3.721504 -0.908625 18.672578
v -3.702218 -0.90973 18.583476
v -3.640575 -0.893462 18.576589
v -3.702827 -0.891674 18.44286
v -3.82207 -0.887356 18.397908
v -3.928453 -0.883038 18.468066
v -3.959659 -0.881249 18.612237
v -3.897407 -0.883038 18.745966
v -3.778164 -0.887356 18.790918
v -3.671781 -0.891674 18.72076
v -3.640575 -0.893462 18.576589
v -3.639706 -0.870471 18.576492
v -3.701958 -0.868683 18.442762
v -3.821201 -0.864365 18.397811
v -3.927584 -0.860047 18.467969
v -3.95879 -0.858258 18.61214
v -3.896538 -0.860047 18.745869
v -3.777295 -0.864365 18.790821
v -3.670912 -0.868683 18.720663
v -3.639706 -0.870471 18.576492
v -3.699943 -0.849538 18.583222
v -3.738416 -0.848433 18.500572
v -3.812113 -0.845764 18.47279
v -3.877861 -0.843095 18.516151
v -3.897147 -0.84199 18.605253
v -3.858673 -0.843095 18.687902
v -3.784977 -0.845764 18.715684
v -3.719229 -0.848433 18.672324
v -3.699943 -0.849538 18.583222
v -3.798276 -0.838659 18.594207
v -3.798276 -0.838659 18.594207
v -3.798276 -0.838659 18.594207
v -3.798276 -0.838659 18.594207
v -3.798276 -0.838659 18.594207
v -3.798276 -0.838659 18.594207
v -3.798276 -0.838659 18.594207
v -3.798276 -0.838659 18.594207
v -3.798276 -0.838659 18.594207
v -4.57367 -0.517025 12.077297
v -4.57367 -0.517025 12.077297
v -4.57367 -0.517025 12.077297
v -4.57367 -0.517025 12.077297
v -4.57367 -0.517025 12.077297
v -4.57367 -0.517025 12.077297
v -4.57367 -0.517025 12.077297
v -4.57367 -0.517025 12.077297
v -4.57367 -0.517025 12.077297
v -4.526743 -0.512329 12.12579
v -4.515708 -0.512424 12.0876
v -4.538635 -0.512653 12.043365
v -4.582094 -0.512881 12.018998
v -4.620626 -0.512976 12.028773
v -4.63166 -0.512881 12.066963
v -4.608733 -0.512653 12.111198
v -4.565275 -0.512424 12.135565
v -4.526743 -0.512329 12.12579
v -4.497769 -0.500683 12.155731
v -4.479915 -0.500837 12.093937
v -4.517012 -0.501207 12.022364
v -4.587329 -0.501577 11.982937
v -4.649676 -0.50173 11.998753
v -4.66753 -0.501577 12.060547
v -4.630433 -0.501207 12.13212
v -4.560116 -0.500837 12.171547
v -4.497769 -0.500683 12.155731
v -4.497817 -0.486535 12.155682
v -4.479962 -0.486689 12.093889
v -4.517059 -0.487059 12.022315
v -4.587376 -0.487429 11.982889
v -4.649723 -0.487582 11.998704
v -4.667577 -0.487429 12.060498
v -4.63048 -0.487059 12.132072
v -4.560163 -0.486689 12.171498
v -4.497817 -0.486535 12.155682
v -4.526866 -0.475289 12.125663
v -4.515832 -0.475384 12.087472
v -4.538759 -0.475613 12.043237
v -4.582217 -0.475842 12.01887
v -4.620749 -0.475937 12.028645
v -4.631784 -0.475842 12.066836
v -4.608857 -0.475613 12.11107
v -4.565398 -0.475384 12.135438
v -4.526866 -0.475289 12.125663
v -4.573822 -0.471241 12.077139
v -4.573822 -0.471241 12.077139
v -4.573822 -0.471241 12.077139
v -4.573822 -0.471241 12.077139
v -4.573822 -0.471241 12.077139
v -4.573822 -0.471241 12.077139
v -4.573822 -0.471241 12.077139
v -4.573822 -0.471241 12.077139
v -4.573822 -0.471241 12.077139
v -21.259758 -1.253965 -9.787395
v -21.259758 -1.253965 -9.787395
v -21.259758 -1.253965 -9.787395
v -21.259758 -1.253965 -9.787395
v -21.259758 -1.253965 -9.787395
v -21.259758 -1.253965 -9.787395
v -21.259758 -1.253965 -9.787395
v -21.259758 -1.253965 -9.787395
v -21.259758 -1.253965 -9.787395
v -21.462329 -1.23882 -9.815144
v -21.410396 -1.241056 -9.752404
v -21.270058 -1.246452 -9.710139
v -21.123525 -1.251849 -9.713107
v -21.056632 -1.254085 -9.759569
v -21.108565 -1.251849 -9.822309
v -21.248903 -1.246452 -9.864574
v -21.395437 -1.241056 -9.861606
v -21.462329 -1.23882 -9.815144
v -21.586971 -1.214436 -9.832218
v -21.502941 -1.218053 -9.730703
v -21.27587 -1.226785 -9.662317
v -21.038773 -1.235518 -9.667118
v -20.930538 -1.239135 -9.742296
v -21.014568 -1.235518 -9.843811
v -21.241639 -1.226785 -9.912197
v -21.478736 -1.218053 -9.907396
v -21.586971 -1.214436 -9.832218
v -21.586073 -1.190126 -9.832095
v -21.502043 -1.193743 -9.73058
v -21.274972 -1.202476 -9.662194
v -21.037875 -1.211208 -9.666995
v -20.92964 -1.214825 -9.742173
v -21.01367 -1.211208 -9.843688
v -21.240741 -1.202476 -9.912074
v -21.477838 -1.193743 -9.907273
v -21.586073 -1.190126 -9.832095
v -21.459979 -1.175176 -9.814822
v -21.408046 -1.177412 -9.752082
v -21.267708 -1.182808 -9.709817
v -21.121174 -1.188205 -9.712785
v -21.054281 -1.190441 -9.759247
v -21.106215 -1.188205 -9.821987
v -21.246552 -1.182808 -9.864252
v -21.393086 -1.177412 -9.861284
v -21.459979 -1.175176 -9.814822
v -21.256853 -1.175296 -9.786997
v -21.256853 -1.175296 -9.786997
v -21.256853 -1.175296 -9.786997
v -21.256853 -1.175296 -9.786997
v -21.256853 -1.175296 -9.786997
v -21.256853 -1.175296 -9.786997
v -21.256853 -1.175296 -9.786997
v -21.256853 -1.175296 -9.786997
v -21.256853 -1.175296 -9.786997
v -24.414159 -1.184603 -11.011427
v -24.414159 -1.184603 -11.011427
v -24.414159 -1.184603 -11.011427
v -24.414159 -1.184603 -11.011427
v -24.414159 -1.184603 -11.011427
v -24.414159 -1.184603 -11.011427
v -24.414159 -1.184603 -11.011427
v -24.414159 -1.184603 -11.011427
v -24.414159 -1.184603 -11.011427
v -24.543651 -1.1902 -11.299302
v -24.643438 -1.185518 -11.153208
v -24.609042 -1.174214 -10.924342
v -24.460614 -1.16291 -10.746771
v -24.285099 -1.158228 -10.724513
v -24.185312 -1.16291 -10.870607
v -24.219707 -1.174214 -11.099473
v -24.368136 -1.185518 -11.277045
v -24.543651 -1.1902 -11.299302
v -24.624114 -1.172881 -11.47818
v -24.785572 -1.165305 -11.241795
v -24.72992 -1.147014 -10.871482
v -24.489757 -1.128724 -10.584166
v -24.205768 -1.121148 -10.548152
v -24.044309 -1.128724 -10.784537
v -24.099962 -1.147014 -11.15485
v -24.340125 -1.165305 -11.442167
v -24.624114 -1.172881 -11.47818
v -24.624814 -1.13926 -11.479736
v -24.786272 -1.131684 -11.24335
v -24.730619 -1.113394 -10.873037
v -24.490456 -1.095104 -10.585721
v -24.206467 -1.087528 -10.549707
v -24.045009 -1.095104 -10.786093
v -24.100662 -1.113394 -11.156406
v -24.340825 -1.131684 -11.443722
v -24.624814 -1.13926 -11.479736
v -24.545483 -1.102181 -11.303374
v -24.645269 -1.097498 -11.15728
v -24.610874 -1.086194 -10.928414
v -24.462445 -1.07489 -10.750843
v -24.28693 -1.070208 -10.728585
v -24.187144 -1.07489 -10.87468
v -24.221539 -1.086194 -11.103546
v -24.369968 -1.097498 -11.281117
v -24.545483 -1.102181 -11.303374
v -24.416423 -1.075805 -11.016461
v -24.416423 -1.075805 -11.016461
v -24.416423 -1.075805 -11.016461
v -24.416423 -1.075805 -11.016461
v -24.416423 -1.075805 -11.016461
v -24.416423 -1.075805 -11.016461
v -24.416423 -1.075805 -11.016461
v -24.416423 -1.075805 -11.016461
v -24.416423 -1.075805 -11.016461
v 4.238451 -0.07868 15.021565
v 4.238451 -0.07868 15.021565
v 4.238451 -0.07868 15.021565
v 4.238451 -0.07868 15.021565
v 4.238451 -0.07868 15.021565
v 4.238451 -0.07868 15.021565
v 4.238451 -0.07868 15.021565
v 4.238451 -0.07868 15.021565
v 4.238451 -0.07868 15.021565
v 4.293981 -0.077406 15.119111
v 4.332025 -0.076531 15.059663
v 4.315287 -0.07442 14.977955
v 4.253573 -0.072308 14.921852
v 4.183033 -0.071434 14.924217
v 4.14499 -0.072308 14.983665
v 4.161728 -0.07442 15.065373
v 4.223442 -0.076531 15.121476
v 4.293981 -0.077406 15.119111
v 4.328413 -0.068098 15.179595
v 4.389969 -0.066683 15.083406
v 4.362887 -0.063267 14.9512
v 4.263031 -0.05985 14.860422
v 4.148896 -0.058435 14.864249
v 4.08734 -0.05985 14.960438
v 4.114422 -0.063267 15.092644
v 4.214278 -0.066683 15.183422
v 4.328413 -0.068098 15.179595
v 4.328595 -0.054312 15.179914
v 4.390151 -0.052897 15.083725
v 4.363068 -0.049481 14.951519
v 4.263212 -0.046065 14.860741
v 4.149077 -0.04465 14.864568
v 4.087521 -0.046065 14.960757
v 4.114604 -0.049481 15.092963
v 4.21446 -0.052897 15.183741
v 4.328595 -0.054312 15.179914
v 4.294457 -0.041314 15.119947
v 4.3325 -0.040439 15.060498
v 4.315763 -0.038328 14.978791
v 4.254048 -0.036216 14.922687
v 4.183509 -0.035342 14.925052
v 4.145465 -0.036216 14.9845
v 4.162203 -0.038328 15.066208
v 4.223917 -0.040439 15.122312
v 4.294457 -0.041314 15.119947
v 4.239039 -0.034068 15.022598
v 4.239039 -0.034068 15.022598
v 4.239039 -0.034068 15.022598
v 4.239039 -0.034068 15.022598
v 4.239039 -0.034068 15.022598
v 4.239039 -0.034068 15.022598
v 4.239039 -0.034068 15.022598
v 4.239039 -0.034068 15.022598
v 4.239039 -0.034068 15.022598
v -18.109178 -1.139632 -6.690997
v -18.109178 -1.139632 -6.690997
v -18.109178 -1.139632 -6.690997
v -18.109178 -1.139632 -6.690997
v -18.109178 -1.139632 -6.690997
v -18.109178 -1.139632 -6.690997
v -18.109178 -1.139632 -6.690997
v -18.109178 -1.139632 -6.690997
v -18.109178 -1.139632 -6.690997
v -18.246334 -1.135463 -6.701629
v -18.214658 -1.134084 -6.590066
v -18.121371 -1.130755 -6.53764
v -18.021119 -1.127427 -6.575063
v -17.972628 -1.126048 -6.680412
v -18.004304 -1.127427 -6.791975
v -18.097591 -1.130755 -6.844401
v -18.197843 -1.134084 -6.806978
v -18.246334 -1.135463 -6.701629
v -18.331708 -1.115133 -6.708248
v -18.280456 -1.112902 -6.527734
v -18.129514 -1.107516 -6.442908
v -17.967303 -1.10213 -6.503458
v -17.888843 -1.0999 -6.673917
v -17.940096 -1.10213 -6.85443
v -18.091037 -1.107516 -6.939257
v -18.253248 -1.112902 -6.878706
v -18.331708 -1.115133 -6.708248
v -18.33269 -1.086408 -6.708324
v -18.281438 -1.084177 -6.52781
v -18.130497 -1.078791 -6.442984
v -17.968285 -1.073406 -6.503534
v -17.889826 -1.071175 -6.673993
v -17.941078 -1.073406 -6.854506
v -18.092019 -1.078791 -6.939333
v -18.254231 -1.084177 -6.878782
v -18.33269 -1.086408 -6.708324
v -18.248905 -1.06026 -6.701829
v -18.21723 -1.058881 -6.590265
v -18.123943 -1.055553 -6.537839
v -18.023691 -1.052224 -6.575262
v -17.9752 -1.050845 -6.680611
v -18.006876 -1.052224 -6.792174
v -18.100163 -1.055553 -6.8446
v -18.200415 -1.058881 -6.807178
v -18.248905 -1.06026 -6.701829
v -18.112356 -1.046676 -6.691243
v -18.112356 -1.046676 -6.691243
v -18.112356 -1.046676 -6.691243
v -18.112356 -1.046676 -6.691243
v -18.112356 -1.046676 -6.691243
v -18.112356 -1.046676 -6.691243
v -18.112356 -1.046676 -6.691243
v -18.112356 -1.046676 -6.691243
v -18.112356 -1.046676 -6.691243
v -20.414087 -1.430144 -13.288102
v -20.414087 -1.430144 -13.288102
v -20.414087 -1.430144 -13.288102
v -20.414087 -1.430144 -13.288102
v -20.414087 -1.430144 -13.288102
v -20.414087 -1.430144 -13.288102
v -20.414087 -1.430144 -13.288102
v -20.414087 -1.430144 -13.288102
v -20.414087 -1.430144 -13.288102
v -20.395099 -1.426393 -13.245578
v -20.356341 -1.42652 -13.277833
v -20.351416 -1.426826 -13.316119
v -20.383211 -1.427132 -13.33801
v -20.4331 -1.427259 -13.330681
v -20.471858 -1.427132 -13.298427
v -20.476783 -1.426826 -13.26014
v -20.444988 -1.42652 -13.23825
v -20.395099 -1.426393 -13.245578
v -20.38339 -1.417439 -13.219353
v -20.320677 -1.417645 -13.271542
v -20.312709 -1.41814 -13.333491
v -20.364154 -1.418635 -13.368911
v -20.444875 -1.41884 -13.357053
v -20.507588 -1.418635 -13.304865
v -20.515556 -1.41814 -13.242916
v -20.464111 -1.417645 -13.207496
v -20.38339 -1.417439 -13.219353
v -20.38343 -1.406703 -13.219444
v -20.320717 -1.406908 -13.271633
v -20.312749 -1.407403 -13.333582
v -20.364194 -1.407898 -13.369002
v -20.444916 -1.408104 -13.357145
v -20.507629 -1.407898 -13.304956
v -20.515597 -1.407403 -13.243007
v -20.464152 -1.406908 -13.207587
v -20.38343 -1.406703 -13.219444
v -20.395206 -1.398284 -13.245816
v -20.356447 -1.398411 -13.278071
v -20.351523 -1.398717 -13.316357
v -20.383317 -1.399023 -13.338248
v -20.433206 -1.39915 -13.33092
v -20.471965 -1.399023 -13.298665
v -20.476889 -1.398717 -13.260379
v -20.445095 -1.398411 -13.238488
v -20.395206 -1.398284 -13.245816
v -20.414219 -1.395399 -13.288396
v -20.414219 -1.395399 -13.288396
v -20.414219 -1.395399 -13.288396
v -20.414219 -1.395399 -13.288396
v -20.414219 -1.395399 -13.288396
v -20.414219 -1.395399 -13.288396
v -20.414219 -1.395399 -13.288396
v -20.414219 -1.395399 -13.288396
v -20.414219 -1.395399 -13.288396
usemtl pebble_0
f 2 11 10
f 3 12 11
f 4 13 12
f 5 14 13
f 6 15 14
f 7 16 15
f 8 17 16
f 9 18 17
f 10 11 19
f 11 20 19
f 11 12 20
f 12 21 20
f 12 13 21
f 13 22 21
f 13 14 22
f 14 23 22
f 14 15 23
f 15 24 23
f 15 16 24
f 16 25 24
f 16 17 25
f 17 26 25
f 17 18 26
f 18 27 26
f 19 20 28
f 20 29 28
f 20 21 29
f 21 30 29
f 21 22 30
f 22 31 30
f 22 23 31
f 23 32 31
f 23 24 32
f 24 33 32
f 24 25 33
f 25 34 33
f 25 26 34
f 26 35 34
f 26 27 35
f 27 36 35
f 28 29 37
f 29 38 37
f 29 30 38
f 30 39 38
f 30 31 39
f 31 40 39
f 31 32 40
f 32 41 40
f 32 33 41
f 33 42 41
f 33 34 42
f 34 43 42
f 34 35 43
f 35 44 43
f 35 36 44
f 36 45 44
f 37 38 46
f 38 39 47
f 39 40 48
f 40 41 49
f 41 42 50
f 42 43 51
f 43 44 52
f 44 45 53
usemtl pebble_1
f 56 65 64
f 57 66 65
f 58 67 66
f 59 68 67
f 60 69 68
f 61 70 69
f 62 71 70
f 63 72 71
f 64 65 73
f 65 74 73
f 65 66 74
f 66 75 74
f 66 67 75
f 67 76 75
f 67 68 76
f 68 77 76
f 68 69 77
f 69 78 77
f 69 70 78
f 70 79 78
f 70 71 79
f 71 80 79
f 71 72 80
f 72 81 80
f 73 74 82
f 74 83 82
f 74 75 83
f 75 84 83
f 75 76 84
f 76 85 84
f 76 77 85
f 77 86 85
f 77 78 86
f 78 87 86
f 78 79 87
f 79 88 87
f 79 80 88
f 80 89 88
f 80 81 89
f 81 90 89
f 82 83 91
f 83 92 91
f 83 84 92
f 84 93 92
f 84 85 93
f 85 94 93
f 85 86 94
f 86 95 94
f 86 87 95
f 87 96 95
f 87 88 96
f 88 97 96
f 88 89 97
f 89 98 97
f 89 90 98
f 90 99 98
f 91 92 100
f 92 93 101
f 93 94 102
f 94 95 103
f 95 96 104
f 96 97 105
f 97 98 106
f 98 99 107
usemtl pebble_0
f 110 119 118
f 111 120 119
f 112 121 120
f 113 122 121
f 114 123 122
f 115 124 123
f 116 125 124
f 117 126 125
f 118 119 127
f 119 128 127
f 119 120 128
f 120 129 128
f 120 121 129
f 121 130 129
f 121 122 130
f 122 131 130
f 122 123 131
f 123 132 131
f 123 124 132
f 124 133 132
f 124 125 133
f 125 134 133
f 125 126 134
f 126 135 134
f 127 128 136
f 128 137 136
f 128 129 137
f 129 138 137
f 129 130 138
f 130 139 138
f 130 131 139
f 131 140 139
f 131 132 140
f 132 141 140
f 132 133 141
f 133 142 141
f 133 134 142
f 134 143 142
f 134 135 143
f 135 144 143
f 136 137 145
f 137 146 145
f 137 138 146
f 138 147 146
f 138 139 147
f 139 148 147
f 139 140 148
f 140 149 148
f 140 141 149
f 141 150 149
f 141 142 150
f 142 151 150
f 142 143 151
f 143 152 151
f 143 144 152
f 144 153 152
f 145 146 154
f 146 147 155
f 147 148 156
f 148 149 157
f 149 150 158
f 150 151 159
f 151 152 160
f 152 153 161
usemtl pebble_2
f 164 173 172
f 165 174 173
f 166 175 174
f 167 176 175
f 168 177 176
f 169 178 177
f 170 179 178
f 171 180 179
f 172 173 181
f 173 182 181
f 173 174 182
f 174 183 182
f 174 175 183
f 175 184 183
f 175 176 184
f 176 185 184
f 176 177 185
f 177 186 185
f 177 178 186
f 178 187 186
f 178 179 187
f 179 188 187
f 179 180 188
f 180 189 188
f 181 182 190
f 182 191 190
f 182 183 191
f 183 192 191
f 183 184 192
f 184 193 192
f 184 185 193
f 185 194 193
f 185 186 194
f 186 195 194
f 186 187 195
f 187 196 195
f 187 188 196
f 188 197 196
f 188 189 197
f 189 198 197
f 190 191 199
f 191 200 199
f 191 192 200
f 192 201 200
f 192 193 201
f 193 202 201
f 193 194 202
f 194 203 202
f 194 195 203
f 195 204 203
f 195 196 204
f 196 205 204
f 196 197 205
f 197 206 205
f 197 198 206
f 198 207 206
f 199 200 208
f 200 201 209
f 201 202 210
f 202 203 211
f 203 204 212
f 204 205 213
f 205 206 214
f 206 207 215
usemtl pebble_1
f 218 227 226
f 219 228 227
f 220 229 228
f 221 230 229
f 222 231 230
f 223 232 231
f 224 233 232
f 225 234 233
f 226 227 235
f 227 236 235
f 227 228 236
f 228 237 236
f 228 229 237
f 229 238 237
f 229 230 238
f 230 239 238
f 230 231 239
f 231 240 239
f 231 232 240
f 232 241 240
f 232 233 241
f 233 242 241
f 233 234 242
f 234 243 242
f 235 236 244
f 236 245 244
f 236 237 245
f 237 246 245
f 237 238 246
f 238 247 246
f 238 239 247
f 239 248 247
f 239 240 248
f 240 249 248
f 240 241 249
f 241 250 249
f 241 242 250
f 242 251 250
f 242 243 251
f 243 252 251
f 244 245 253
f 245 254 253
f 245 246 254
f 246 255 254
f 246 247 255
f 247 256 255
f 247 248 256
f 248 257 256
f 248 249 257
f 249 258 257
f 249 250 258
f 250 259 258
f 250 251 259
f 251 260 259
f 251 252 260
f 252 261 260
f 253 254 262
f 254 255 263
f 255 256 264
f 256 257 265
f 257 258 266
f 258 259 267
f 259 260 268
f 260 261 269
usemtl pebble_0
f 272 281 280
f 273 282 281
f 274 283 282
f 275 284 283
f 276 285 284
f 277 286 285
f 278 287 286
f 279 288 287
f 280 281 289
f 281 290 289
f 281 282 290
f 282 291 290
f 282 283 291
f 283 292 291
f 283 284 292
f 284 293 292
f 284 285 293
f 285 294 293
f 285 286 294
f 286 295 294
f 286 287 295
f 287 296 295
f 287 288 296
f 288 297 296
f 289 290 298
f 290 299 298
f 290 291 299
f 291 300 299
f 291 292 300
f 292 301 300
f 292 293 301
f 293 302 301
f 293 294 302
f 294 303 302
f 294 295 303
f 295 304 303
f 295 296 304
f 296 305 304
f 296 297 305
f 297 306 305
f 298 299 307
f 299 308 307
f 299 300 308
f 300 309 308
f 300 301 309
f 301 310 309
f 301 302 310
f 302 311 310
f 302 303 311
f 303 312 311
f 303 304 312
f 304 313 312
f 304 305 313
f 305 314 313
f 305 306 314
f 306 315 314
f 307 308 316
f 308 309 317
f 309 310 318
f 310 311 319
f 311 312 320
f 312 313 321
f 313 314 322
f 314 315 323
usemtl pebble_3
f 326 335 334
f 327 336 335
f 328 337 336
f 329 338 337
f 330 339 338
f 331 340 339
f 332 341 340
f 333 342 341
f 334 335 343
f 335 344 343
f 335 336 344
f 336 345 344
f 336 337 345
f 337 346 345
f 337 338 346
f 338 347 346
f 338 339 347
f 339 348 347
f 339 340 348
f 340 349 348
f 340 341 349
f 341 350 349
f 341 342 350
f 342 351 350
f 343 344 352
f 344 353 352
f 344 345 353
f 345 354 353
f 345 346 354
f 346 355 354
f 346 347 355
f 347 356 355
f 347 348 356
f 348 357 356
f 348 349 357
f 349 358 357
f 349 350 358
f 350 359 358
f 350 351 359
f 351 360 359
f 352 353 361
f 353 362 361
f 353 354 362
f 354 363 362
f 354 355 363
f 355 364 363
f 355 356 364
f 356 365 364
f 356 357 365
f 357 366 365
f 357 358 366
f 358 367 366
f 358 359 367
f 359 368 367
f 359 360 368
f 360 369 368
f 361 362 370
f 362 363 371
f 363 364 372
f 364 365 373
f 365 366 374
f 366 367 375
f 367 368 376
f 368 369 377
usemtl pebble_0
f 380 389 388
f 381 390 389
f 382 391 390
f 383 392 391
f 384 393 392
f 385 394 393
f 386 395 394
f 387 396 395
f 388 389 397
f 389 398 397
f 389 390 398
f 390 399 398
f 390 391 399
f 391 400 399
f 391 392 400
f 392 401 400
f 392 393 401
f 393 402 401
f 393 394 402
f 394 403 402
f 394 395 403
f 395 404 403
f 395 396 404
f 396 405 404
f 397 398 406
f 398 407 406
f 398 399 407
f 399 408 407
f 399 400 408
f 400 409 408
f 400 401 409
f 401 410 409
f 401 402 410
f 402 411 410
f 402 403 411
f 403 412 411
f 403 404 412
f 404 413 412
f 404 405 413
f 405 414 413
f 406 407 415
f 407 416 415
f 407 408 416
f 408 417 416
f 408 409 417
f 409 418 417
f 409 410 418
f 410 419 418
f 410 411 419
f 411 420 419
f 411 412 420
f 412 421 420
f 412 413 421
f 413 422 421
f 413 414 422
f 414 423 422
f 415 416 424
f 416 417 425
f 417 418 426
f 418 419 427
f 419 420 428
f 420 421 429
f 421 422 430
f 422 423 431
f 434 443 442
f 435 444 443
f 436 445 444
f 437 446 445
f 438 447 446
f 439 448 447
f 440 449 448
f 441 450 449
f 442 443 451
f 443 452 451
f 443 444 452
f 444 453 452
f 444 445 453
f 445 454 453
f 445 446 454
f 446 455 454
f 446 447 455
f 447 456 455
f 447 448 456
f 448 457 456
f 448 449 457
f 449 458 457
f 449 450 458
f 450 459 458
f 451 452 460
f 452 461 460
f 452 453 461
f 453 462 461
f 453 454 462
f 454 463 462
f 454 455 463
f 455 464 463
f 455 456 464
f 456 465 464
f 456 457 465
f 457 466 465
f 457 458 466
f 458 467 466
f 458 459 467
f 459 468 467
f 460 461 469
f 461 470 469
f 461 462 470
f 462 471 470
f 462 463 471
f 463 472 471
f 463 464 472
f 464 473 472
f 464 465 473
f 465 474 473
f 465 466 474
f 466 475 474
f 466 467 475
f 467 476 475
f 467 468 476
f 468 477 476
f 469 470 478
f 470 471 479
f 471 472 480
f 472 473 481
f 473 474 482
f 474 475 483
f 475 476 484
f 476 477 485
usemtl pebble_3
f 488 497 496
f 489 498 497
f 490 499 498
f 491 500 499
f 492 501 500
f 493 502 501
f 494 503 502
f 495 504 503
f 496 497 505
f 497 506 505
f 497 498 506
f 498 507 506
f 498 499 507
f 499 508 507
f 499 500 508
f 500 509 508
f 500 501 509
f 501 510 509
f 501 502 510
f 502 511 510
f 502 503 511
f 503 512 511
f 503 504 512
f 504 513 512
f 505 506 514
f 506 515 514
f 506 507 515
f 507 516 515
f 507 508 516
f 508 517 516
f 508 509 517
f 509 518 517
f 509 510 518
f 510 519 518
f 510 511 519
f 511 520 519
f 511 512 520
f 512 521 520
f 512 513 521
f 513 522 521
f 514 515 523
f 515 524 523
f 515 516 524
f 516 525 524
f 516 517 525
f 517 526 525
f 517 518 526
f 518 527 526
f 518 519 527
f 519 528 527
f 519 520 528
f 520 529 528
f 520 521 529
f 521 530 529
f 521 522 530
f 522 531 530
f 523 524 532
f 524 525 533
f 525 526 534
f 526 527 535
f 527 528 536
f 528 529 537
f 529 530 538
f 530 531 539
usemtl pebble_2
f 542 551 550
f 543 552 551
f 544 553 552
f 545 554 553
f 546 555 554
f 547 556 555
f 548 557 556
f 549 558 557
f 550 551 559
f 551 560 559
f 551 552 560
f 552 561 560
f 552 553 561
f 553 562 561
f 553 554 562
f 554 563 562
f 554 555 563
f 555 564 563
f 555 556 564
f 556 565 564
f 556 557 565
f 557 566 565
f 557 558 566
f 558 567 566
f 559 560 568
f 560 569 568
f 560 561 569
f 561 570 569
f 561 562 570
f 562 571 570
f 562 563 571
f 563 572 571
f 563 564 572
f 564 573 572
f 564 565 573
f 565 574 573
f 565 566 574
f 566 575 574
f 566 567 575
f 567 576 575
f 568 569 577
f 569 578 577
f 569 570 578
f 570 579 578
f 570 571 579
f 571 580 579
f 571 572 580
f 572 581 580
f 572 573 581
f 573 582 581
f 573 574 582
f 574 583 582
f 574 575 583
f 575 584 583
f 575 576 584
f 576 585 584
f 577 578 586
f 578 579 587
f 579 580 588
f 580 581 589
f 581 582 590
f 582 583 591
f 583 584 592
f 584 585 593
usemtl pebble_1
f 596 605 604
f 597 606 605
f 598 607 606
f 599 608 607
f 600 609 608
f 601 610 609
f 602 611 610
f 603 612 611
f 604 605 613
f 605 614 613
f 605 606 614
f 606 615 614
f 606 607 615
f 607 616 615
f 607 608 616
f 608 617 616
f 608 609 617
f 609 618 617
f 609 610 618
f 610 619 618
f 610 611 619
f 611 620 619
f 611 612 620
f 612 621 620
f 613 614 622
f 614 623 622
f 614 615 623
f 615 624 623
f 615 616 624
f 616 625 624
f 616 617 625
f 617 626 625
f 617 618 626
f 618 627 626
f 618 619 627
f 619 628 627
f 619 620 628
f 620 629 628
f 620 621 629
f 621 630 629
f 622 623 631
f 623 632 631
f 623 624 632
f 624 633 632
f 624 625 633
f 625 634 633
f 625 626 634
f 626 635 634
f 626 627 635
f 627 636 635
f 627 628 636
f 628 637 636
f 628 629 637
f 629 638 637
f 629 630 638
f 630 639 638
f 631 632 640
f 632 633 641
f 633 634 642
f 634 635 643
f 635 636 644
f 636 637 645
f 637 638 646
f 638 639 647
usemtl pebble_3
f 650 659 658
f 651 660 659
f 652 661 660
f 653 662 661
f 654 663 662
f 655 664 663
f 656 665 664
f 657 666 665
f 658 659 667
f 659 668 667
f 659 660 668
f 660 669 668
f 660 661 669
f 661 670 669
f 661 662 670
f 662 671 670
f 662 663 671
f 663 672 671
f 663 664 672
f 664 673 672
f 664 665 673
f 665 674 673
f 665 666 674
f 666 675 674
f 667 668 676
f 668 677 676
f 668 669 677
f 669 678 677
f 669 670 678
f 670 679 678
f 670 671 679
f 671 680 679
f 671 672 680
f 672 681 680
f 672 673 681
f 673 682 681
f 673 674 682
f 674 683 682
f 674 675 683
f 675 684 683
f 676 677 685
f 677 686 685
f 677 678 686
f 678 687 686
f 678 679 687
f 679 688 687
f 679 680 688
f 680 689 688
f 680 681 689
f 681 690 689
f 681 682 690
f 682 691 690
f 682 683 691
f 683 692 691
f 683 684 692
f 684 693 692
f 685 686 694
f 686 687 695
f 687 688 696
f 688 689 697
f 689 690 698
f 690 691 699
f 691 692 700
f 692 693 701
usemtl pebble_0
f 704 713 712
f 705 714 713
f 706 715 714
f 707 716 715
f 708 717 716
f 709 718 717
f 710 719 718
f 711 720 719
f 712 713 721
f 713 722 721
f 713 714 722
f 714 723 722
f 714 715 723
f 715 724 723
f 715 716 724
f 716 725 724
f 716 717 725
f 717 726 725
f 717 718 726
f 718 727 726
f 718 719 727
f 719 728 727
f 719 720 728
f 720 729 728
f 721 722 730
f 722 731 730
f 722 723 731
f 723 732 731
f 723 724 732
f 724 733 732
f 724 725 733
f 725 734 733
f 725 726 734
f 726 735 734
f 726 727 735
f 727 736 735
f 727 728 736
f 728 737 736
f 728 729 737
f 729 738 737
f 730 731 739
f 731 740 739
f 731 732 740
f 732 741 740
f 732 733 741
f 733 742 741
f 733 734 742
f 734 743 742
f 734 735 743
f 735 744 743
f 735 736 744
f 736 745 744
f 736 737 745
f 737 746 745
f 737 738 746
f 738 747 746
f 739 740 748
f 740 741 749
f 741 742 750
f 742 743 751
f 743 744 752
f 744 745 753
f 745 746 754
f 746 747 755
usemtl pebble_1
f 758 767 766
f 759 768 767
f 760 769 768
f 761 770 769
f 762 771 770
f 763 772 771
f 764 773 772
f 765 774 773
f 766 767 775
f 767 776 775
f 767 768 776
f 768 777 776
f 768 769 777
f 769 778 777
f 769 770 778
f 770 779 778
f 770 771 779
f 771 780 779
f 771 772 780
f 772 781 780
f 772 773 781
f 773 782 781
f 773 774 782
f 774 783 782
f 775 776 784
f 776 785 784
f 776 777 785
f 777 786 785
f 777 778 786
f 778 787 786
f 778 779 787
f 779 788 787
f 779 780 788
f 780 789 788
f 780 781 789
f 781 790 789
f 781 782 790
f 782 791 790
f 782 783 791
f 783 792 791
f 784 785 793
f 785 794 793
f 785 786 794
f 786 795 794
f 786 787 795
f 787 796 795
f 787 788 796
f 788 797 796
f 788 789 797
f 789 798 797
f 789 790 798
f 790 799 798
f 790 791 799
f 791 800 799
f 791 792 800
f 792 801 800
f 793 794 802
f 794 795 803
f 795 796 804
f 796 797 805
f 797 798 806
f 798 799 807
f 799 800 808
f 800 801 809
usemtl pebble_3
f 812 821 820
f 813 822 821
f 814 823 822
f 815 824 823
f 816 825 824
f 817 826 825
f 818 827 826
f 819 828 827
f 820 821 829
f 821 830 829
f 821 822 830
f 822 831 830
f 822 823 831
f 823 832 831
f 823 824 832
f 824 833 832
f 824 825 833
f 825 834 833
f 825 826 834
f 826 835 834
f 826 827 835
f 827 836 835
f 827 828 836
f 828 837 836
f 829 830 838
f 830 839 838
f 830 831 839
f 831 840 839
f 831 832 840
f 832 841 840
f 832 833 841
f 833 842 841
f 833 834 842
f 834 843 842
f 834 835 843
f 835 844 843
f 835 836 844
f 836 845 844
f 836 837 845
f 837 846 845
f 838 839 847
f 839 848 847
f 839 840 848
f 840 849 848
f 840 841 849
f 841 850 849
f 841 842 850
f 842 851 850
f 842 843 851
f 843 852 851
f 843 844 852
f 844 853 852
f 844 845 853
f 845 854 853
f 845 846 854
f 846 855 854
f 847 848 856
f 848 849 857
f 849 850 858
f 850 851 859
f 851 852 860
f 852 853 861
f 853 854 862
f 854 855 863
usemtl pebble_2
f 866 875 874
f 867 876 875
f 868 877 876
f 869 878 877
f 870 879 878
f 871 880 879
f 872 881 880
f 873 882 881
f 874 875 883
f 875 884 883
f 875 876 884
f 876 885 884
f 876 877 885
f 877 886 885
f 877 878 886
f 878 887 886
f 878 879 887
f 879 888 887
f 879 880 888
f 880 889 888
f 880 881 889
f 881 890 889
f 881 882 890
f 882 891 890
f 883 884 892
f 884 893 892
f 884 885 893
f 885 894 893
f 885 886 894
f 886 895 894
f 886 887 895
f 887 896 895
f 887 888 896
f 888 897 896
f 888 889 897
f 889 898 897
f 889 890 898
f 890 899 898
f 890 891 899
f 891 900 899
f 892 893 901
f 893 902 901
f 893 894 902
f 894 903 902
f 894 895 903
f 895 904 903
f 895 896 904
f 896 905 904
f 896 897 905
f 897 906 905
f 897 898 906
f 898 907 906
f 898 899 907
f 899 908 907
f 899 900 908
f 900 909 908
f 901 902 910
f 902 903 911
f 903 904 912
f 904 905 913
f 905 906 914
f 906 907 915
f 907 908 916
f 908 909 917
usemtl pebble_0
f 920 929 928
f 921 930 929
f 922 931 930
f 923 932 931
f 924 933 932
f 925 934 933
f 926 935 934
f 927 936 935
f 928 929 937
f 929 938 937
f 929 930 938
f 930 939 938
f 930 931 939
f 931 940 939
f 931 932 940
f 932 941 940
f 932 933 941
f 933 942 941
f 933 934 942
f 934 943 942
f 934 935 943
f 935 944 943
f 935 936 944
f 936 945 944
f 937 938 946
f 938 947 946
f 938 939 947
f 939 948 947
f 939 940 948
f 940 949 948
f 940 941 949
f 941 950 949
f 941 942 950
f 942 951 950
f 942 943 951
f 943 952 951
f 943 944 952
f 944 953 952
f 944 945 953
f 945 954 953
f 946 947 955
f 947 956 955
f 947 948 956
f 948 957 956
f 948 949 957
f 949 958 957
f 949 950 958
f 950 959 958
f 950 951 959
f 951 960 959
f 951 952 960
f 952 961 960
f 952 953 961
f 953 962 961
f 953 954 962
f 954 963 962
f 955 956 964
f 956 957 965
f 957 958 966
f 958 959 967
f 959 960 968
f 960 961 969
f 961 962 970
f 962 963 971
usemtl pebble_2
f 974 983 982
f 975 984 983
f 976 985 984
f 977 986 985
f 978 987 986
f 979 988 987
f 980 989 988
f 981 990 989
f 982 983 991
f 983 992 991
f 983 984 992
f 984 993 992
f 984 985 993
f 985 994 993
f 985 986 994
f 986 995 994
f 986 987 995
f 987 996 995
f 987 988 996
f 988 997 996
f 988 989 997
f 989 998 997
f 989 990 998
f 990 999 998
f 991 992 1000
f 992 1001 1000
f 992 993 1001
f 993 1002 1001
f 993 994 1002
f 994 1003 1002
f 994 995 1003
f 995 1004 1003
f 995 996 1004
f 996 1005 1004
f 996 997 1005
f 997 1006 1005
f 997 998 1006
f 998 1007 1006
f 998 999 1007
f 999 1008 1007
f 1000 1001 1009
f 1001 1010 1009
f 1001 1002 1010
f 1002 1011 1010
f 1002 1003 1011
f 1003 1012 1011
f 1003 1004 1012
f 1004 1013 1012
f 1004 1005 1013
f 1005 1014 1013
f 1005 1006 1014
f 1006 1015 1014
f 1006 1007 1015
f 1007 1016 1015
f 1007 1008 1016
f 1008 1017 1016
f 1009 1010 1018
f 1010 1011 1019
f 1011 1012 1020
f 1012 1013 1021
f 1013 1014 1022
f 1014 1015 1023
f 1015 1016 1024
f 1016 1017 1025
f 1028 1037 1036
f 1029 1038 1037
f 1030 1039 1038
f 1031 1040 1039
f 1032 1041 1040
f 1033 1042 1041
f 1034 1043 1042
f 1035 1044 1043
f 1036 1037 1045
f 1037 1046 1045
f 1037 1038 1046
f 1038 1047 1046
f 1038 1039 1047
f 1039 1048 1047
f 1039 1040 1048
f 1040 1049 1048
f 1040 1041 1049
f 1041 1050 1049
f 1041 1042 1050
f 1042 1051 1050
f 1042 1043 1051
f 1043 1052 1051
f 1043 1044 1052
f 1044 1053 1052
f 1045 1046 1054
f 1046 1055 1054
f 1046 1047 1055
f 1047 1056 1055
f 1047 1048 1056
f 1048 1057 1056
f 1048 1049 1057
f 1049 1058 1057
f 1049 1050 1058
f 1050 1059 1058
f 1050 1051 1059
f 1051 1060 1059
f 1051 1052 1060
f 1052 1061 1060
f 1052 1053 1061
f 1053 1062 1061
f 1054 1055 1063
f 1055 1064 1063
f 1055 1056 1064
f 1056 1065 1064
f 1056 1057 1065
f 1057 1066 1065
f 1057 1058 1066
f 1058 1067 1066
f 1058 1059 1067
f 1059 1068 1067
f 1059 1060 1068
f 1060 1069 1068
f 1060 1061 1069
f 1061 1070 1069
f 1061 1062 1070
f 1062 1071 1070
f 1063 1064 1072
f 1064 1065 1073
f 1065 1066 1074
f 1066 1067 1075
f 1067 1068 1076
f 1068 1069 1077
f 1069 1070 1078
f 1070 1071 1079
usemtl pebble_3
f 1082 1091 1090
f 1083 1092 1091
f 1084 1093 1092
f 1085 1094 1093
f 1086 1095 1094
f 1087 1096 1095
f 1088 1097 1096
f 1089 1098 1097
f 1090 1091 1099
f 1091 1100 1099
f 1091 1092 1100
f 1092 1101 1100
f 1092 1093 1101
f 1093 1102 1101
f 1093 1094 1102
f 1094 1103 1102
f 1094 1095 1103
f 1095 1104 1103
f 1095 1096 1104
f 1096 1105 1104
f 1096 1097 1105
f 1097 1106 1105
f 1097 1098 1106
f 1098 1107 1106
f 1099 1100 1108
f 1100 1109 1108
f 1100 1101 1109
f 1101 1110 1109
f 1101 1102 1110
f 1102 1111 1110
f 1102 1103 1111
f 1103 1112 1111
f 1103 1104 1112
f 1104 1113 1112
f 1104 1105 1113
f 1105 1114 1113
f 1105 1106 1114
f 1106 1115 1114
f 1106 1107 1115
f 1107 1116 1115
f 1108 1109 1117
f 1109 1118 1117
f 1109 1110 1118
f 1110 1119 1118
f 1110 1111 1119
f 1111 1120 1119
f 1111 1112 1120
f 1112 1121 1120
f 1112 1113 1121
f 1113 1122 1121
f 1113 1114 1122
f 1114 1123 1122
f 1114 1115 1123
f 1115 1124 1123
f 1115 1116 1124
f 1116 1125 1124
f 1117 1118 1126
f 1118 1119 1127
f 1119 1120 1128
f 1120 1121 1129
f 1121 1122 1130
f 1122 1123 1131
f 1123 1124 1132
f 1124 1125 1133
usemtl pebble_2
f 1136 1145 1144
f 1137 1146 1145
f 1138 1147 1146
f 1139 1148 1147
f 1140 1149 1148
f 1141 1150 1149
f 1142 1151 1150
f 1143 1152 1151
f 1144 1145 1153
f 1145 1154 1153
f 1145 1146 1154
f 1146 1155 1154
f 1146 1147 1155
f 1147 1156 1155
f 1147 1148 1156
f 1148 1157 1156
f 1148 1149 1157
f 1149 1158 1157
f 1149 1150 1158
f 1150 1159 1158
f 1150 1151 1159
f 1151 1160 1159
f 1151 1152 1160
f 1152 1161 1160
f 1153 1154 1162
f 1154 1163 1162
f 1154 1155 1163
f 1155 1164 1163
f 1155 1156 1164
f 1156 1165 1164
f 1156 1157 1165
f 1157 1166 1165
f 1157 1158 1166
f 1158 1167 1166
f 1158 1159 1167
f 1159 1168 1167
f 1159 1160 1168
f 1160 1169 1168
f 1160 1161 1169
f 1161 1170 1169
f 1162 1163 1171
f 1163 1172 1171
f 1163 1164 1172
f 1164 1173 1172
f 1164 1165 1173
f 1165 1174 1173
f 1165 1166 1174
f 1166 1175 1174
f 1166 1167 1175
f 1167 1176 1175
f 1167 1168 1176
f 1168 1177 1176
f 1168 1169 1177
f 1169 1178 1177
f 1169 1170 1178
f 1170 1179 1178
f 1171 1172 1180
f 1172 1173 1181
f 1173 1174 1182
f 1174 1175 1183
f 1175 1176 1184
f 1176 1177 1185
f 1177 1178 1186
f 1178 1179 1187
usemtl pebble_0
f 1190 1199 1198
f 1191 1200 1199
f 1192 1201 1200
f 1193 1202 1201
f 1194 1203 1202
f 1195 1204 1203
f 1196 1205 1204
f 1197 1206 1205
f 1198 1199 1207
f 1199 1208 1207
f 1199 1200 1208
f 1200 1209 1208
f 1200 1201 1209
f 1201 1210 1209
f 1201 1202 1210
f 1202 1211 1210
f 1202 1203 1211
f 1203 1212 1211
f 1203 1204 1212
f 1204 1213 1212
f 1204 1205 1213
f 1205 1214 1213
f 1205 1206 1214
f 1206 1215 1214
f 1207 1208 1216
f 1208 1217 1216
f 1208 1209 1217
f 1209 1218 1217
f 1209 1210 1218
f 1210 1219 1218
f 1210 1211 1219
f 1211 1220 1219
f 1211 1212 1220
f 1212 1221 1220
f 1212 1213 1221
f 1213 1222 1221
f 1213 1214 1222
f 1214 1223 1222
f 1214 1215 1223
f 1215 1224 1223
f 1216 1217 1225
f 1217 1226 1225
f 1217 1218 1226
f 1218 1227 1226
f 1218 1219 1227
f 1219 1228 1227
f 1219 1220 1228
f 1220 1229 1228
f 1220 1221 1229
f 1221 1230 1229
f 1221 1222 1230
f 1222 1231 1230
f 1222 1223 1231
f 1223 1232 1231
f 1223 1224 1232
f 1224 1233 1232
f 1225 1226 1234
f 1226 1227 1235
f 1227 1228 1236
f 1228 1229 1237
f 1229 1230 1238
f 1230 1231 1239
f 1231 1232 1240
f 1232 1233 1241
usemtl pebble_2
f 1244 1253 1252
f 1245 1254 1253
f 1246 1255 1254
f 1247 1256 1255
f 1248 1257 1256
f 1249 1258 1257
f 1250 1259 1258
f 1251 1260 1259
f 1252 1253 1261
f 1253 1262 1261
f 1253 1254 1262
f 1254 1263 1262
f 1254 1255 1263
f 1255 1264 1263
f 1255 1256 1264
f 1256 1265 1264
f 1256 1257 1265
f 1257 1266 1265
f 1257 1258 1266
f 1258 1267 1266
f 1258 1259 1267
f 1259 1268 1267
f 1259 1260 1268
f 1260 1269 1268
f 1261 1262 1270
f 1262 1271 1270
f 1262 1263 1271
f 1263 1272 1271
f 1263 1264 1272
f 1264 1273 1272
f 1264 1265 1273
f 1265 1274 1273
f 1265 1266 1274
f 1266 1275 1274
f 1266 1267 1275
f 1267 1276 1275
f 1267 1268 1276
f 1268 1277 1276
f 1268 1269 1277
f 1269 1278 1277
f 1270 1271 1279
f 1271 1280 1279
f 1271 1272 1280
f 1272 1281 1280
f 1272 1273 1281
f 1273 1282 1281
f 1273 1274 1282
f 1274 1283 1282
f 1274 1275 1283
f 1275 1284 1283
f 1275 1276 1284
f 1276 1285 1284
f 1276 1277 1285
f 1277 1286 1285
f 1277 1278 1286
f 1278 1287 1286
f 1279 1280 1288
f 1280 1281 1289
f 1281 1282 1290
f 1282 1283 1291
f 1283 1284 1292
f 1284 1285 1293
f 1285 1286 1294
f 1286 1287 1295
usemtl pebble_0
f 1298 1307 1306
f 1299 1308 1307
f 1300 1309 1308
f 1301 1310 1309
f 1302 1311 1310
f 1303 1312 1311
f 1304 1313 1312
f 1305 1314 1313
f 1306 1307 1315
f 1307 1316 1315
f 1307 1308 1316
f 1308 1317 1316
f 1308 1309 1317
f 1309 1318 1317
f 1309 1310 1318
f 1310 1319 1318
f 1310 1311 1319
f 1311 1320 1319
f 1311 1312 1320
f 1312 1321 1320
f 1312 1313 1321
f 1313 1322 1321
f 1313 1314 1322
f 1314 1323 1322
f 1315 1316 1324
f 1316 1325 1324
f 1316 1317 1325
f 1317 1326 1325
f 1317 1318 1326
f 1318 1327 1326
f 1318 1319 1327
f 1319 1328 1327
f 1319 1320 1328
f 1320 1329 1328
f 1320 1321 1329
f 1321 1330 1329
f 1321 1322 1330
f 1322 1331 1330
f 1322 1323 1331
f 1323 1332 1331
f 1324 1325 1333
f 1325 1334 1333
f 1325 1326 1334
f 1326 1335 1334
f 1326 1327 1335
f 1327 1336 1335
f 1327 1328 1336
f 1328 1337 1336
f 1328 1329 1337
f 1329 1338 1337
f 1329 1330 1338
f 1330 1339 1338
f 1330 1331 1339
f 1331 1340 1339
f 1331 1332 1340
f 1332 1341 1340
f 1333 1334 1342
f 1334 1335 1343
f 1335 1336 1344
f 1336 1337 1345
f 1337 1338 1346
f 1338 1339 1347
f 1339 1340 1348
f 1340 1341 1349
usemtl pebble_1
f 1352 1361 1360
f 1353 1362 1361
f 1354 1363 1362
f 1355 1364 1363
f 1356 1365 1364
f 1357 1366 1365
f 1358 1367 1366
f 1359 1368 1367
f 1360 1361 1369
f 1361 1370 1369
f 1361 1362 1370
f 1362 1371 1370
f 1362 1363 1371
f 1363 1372 1371
f 1363 1364 1372
f 1364 1373 1372
f 1364 1365 1373
f 1365 1374 1373
f 1365 1366 1374
f 1366 1375 1374
f 1366 1367 1375
f 1367 1376 1375
f 1367 1368 1376
f 1368 1377 1376
f 1369 1370 1378
f 1370 1379 1378
f 1370 1371 1379
f 1371 1380 1379
f 1371 1372 1380
f 1372 1381 1380
f 1372 1373 1381
f 1373 1382 1381
f 1373 1374 1382
f 1374 1383 1382
f 1374 1375 1383
f 1375 1384 1383
f 1375 1376 1384
f 1376 1385 1384
f 1376 1377 1385
f 1377 1386 1385
f 1378 1379 1387
f 1379 1388 1387
f 1379 1380 1388
f 1380 1389 1388
f 1380 1381 1389
f 1381 1390 1389
f 1381 1382 1390
f 1382 1391 1390
f 1382 1383 1391
f 1383 1392 1391
f 1383 1384 1392
f 1384 1393 1392
f 1384 1385 1393
f 1385 1394 1393
f 1385 1386 1394
f 1386 1395 1394
f 1387 1388 1396
f 1388 1389 1397
f 1389 1390 1398
f 1390 1391 1399
f 1391 1392 1400
f 1392 1393 1401
f 1393 1394 1402
f 1394 1395 1403
usemtl pebble_0
f 1406 1415 1414
f 1407 1416 1415
f 1408 1417 1416
f 1409 1418 1417
f 1410 1419 1418
f 1411 1420 1419
f 1412 1421 1420
f 1413 1422 1421
f 1414 1415 1423
f 1415 1424 1423
f 1415 1416 1424
f 1416 1425 1424
f 1416 1417 1425
f 1417 1426 1425
f 1417 1418 1426
f 1418 1427 1426
f 1418 1419 1427
f 1419 1428 1427
f 1419 1420 1428
f 1420 1429 1428
f 1420 1421 1429
f 1421 1430 1429
f 1421 1422 1430
f 1422 1431 1430
f 1423 1424 1432
f 1424 1433 1432
f 1424 1425 1433
f 1425 1434 1433
f 1425 1426 1434
f 1426 1435 1434
f 1426 1427 1435
f 1427 1436 1435
f 1427 1428 1436
f 1428 1437 1436
f 1428 1429 1437
f 1429 1438 1437
f 1429 1430 1438
f 1430 1439 1438
f 1430 1431 1439
f 1431 1440 1439
f 1432 1433 1441
f 1433 1442 1441
f 1433 1434 1442
f 1434 1443 1442
f 1434 1435 1443
f 1435 1444 1443
f 1435 1436 1444
f 1436 1445 1444
f 1436 1437 1445
f 1437 1446 1445
f 1437 1438 1446
f 1438 1447 1446
f 1438 1439 1447
f 1439 1448 1447
f 1439 1440 1448
f 1440 1449 1448
f 1441 1442 1450
f 1442 1443 1451
f 1443 1444 1452
f 1444 1445 1453
f 1445 1446 1454
f 1446 1447 1455
f 1447 1448 1456
f 1448 1449 1457
f 1460 1469 1468
f 1461 1470 1469
f 1462 1471 1470
f 1463 1472 1471
f 1464 1473 1472
f 1465 1474 1473
f 1466 1475 1474
f 1467 1476 1475
f 1468 1469 1477
f 1469 1478 1477
f 1469 1470 1478
f 1470 1479 1478
f 1470 1471 1479
f 1471 1480 1479
f 1471 1472 1480
f 1472 1481 1480
f 1472 1473 1481
f 1473 1482 1481
f 1473 1474 1482
f 1474 1483 1482
f 1474 1475 1483
f 1475 1484 1483
f 1475 1476 1484
f 1476 1485 1484
f 1477 1478 1486
f 1478 1487 1486
f 1478 1479 1487
f 1479 1488 1487
f 1479 1480 1488
f 1480 1489 1488
f 1480 1481 1489
f 1481 1490 1489
f 1481 1482 1490
f 1482 1491 1490
f 1482 1483 1491
f 1483 1492 1491
f 1483 1484 1492
f 1484 1493 1492
f 1484 1485 1493
f 1485 1494 1493
f 1486 1487 1495
f 1487 1496 1495
f 1487 1488 1496
f 1488 1497 1496
f 1488 1489 1497
f 1489 1498 1497
f 1489 1490 1498
f 1490 1499 1498
f 1490 1491 1499
f 1491 1500 1499
f 1491 1492 1500
f 1492 1501 1500
f 1492 1493 1501
f 1493 1502 1501
f 1493 1494 1502
f 1494 1503 1502
f 1495 1496 1504
f 1496 1497 1505
f 1497 1498 1506
f 1498 1499 1507
f 1499 1500 1508
f 1500 1501 1509
f 1501 1502 1510
f 1502 1503 1511
usemtl pebble_3
f 1514 1523 1522
f 1515 1524 1523
f 1516 1525 1524
f 1517 1526 1525
f 1518 1527 1526
f 1519 1528 1527
f 1520 1529 1528
f 1521 1530 1529
f 1522 1523 1531
f 1523 1532 1531
f 1523 1524 1532
f 1524 1533 1532
f 1524 1525 1533
f 1525 1534 1533
f 1525 1526 1534
f 1526 1535 1534
f 1526 1527 1535
f 1527 1536 1535
f 1527 1528 1536
f 1528 1537 1536
f 1528 1529 1537
f 1529 1538 1537
f 1529 1530 1538
f 1530 1539 1538
f 1531 1532 1540
f 1532 1541 1540
f 1532 1533 1541
f 1533 1542 1541
f 1533 1534 1542
f 1534 1543 1542
f 1534 1535 1543
f 1535 1544 1543
f 1535 1536 1544
f 1536 1545 1544
f 1536 1537 1545
f 1537 1546 1545
f 1537 1538 1546
f 1538 1547 1546
f 1538 1539 1547
f 1539 1548 1547
f 1540 1541 1549
f 1541 1550 1549
f 1541 1542 1550
f 1542 1551 1550
f 1542 1543 1551
f 1543 1552 1551
f 1543 1544 1552
f 1544 1553 1552
f 1544 1545 1553
f 1545 1554 1553
f 1545 1546 1554
f 1546 1555 1554
f 1546 1547 1555
f 1547 1556 1555
f 1547 1548 1556
f 1548 1557 1556
f 1549 1550 1558
f 1550 1551 1559
f 1551 1552 1560
f 1552 1553 1561
f 1553 1554 1562
f 1554 1555 1563
f 1555 1556 1564
f 1556 1557 1565
usemtl pebble_0
f 1568 1577 1576
f 1569 1578 1577
f 1570 1579 1578
f 1571 1580 1579
f 1572 1581 1580
f 1573 1582 1581
f 1574 1583 1582
f 1575 1584 1583
f 1576 1577 1585
f 1577 1586 1585
f 1577 1578 1586
f 1578 1587 1586
f 1578 1579 1587
f 1579 1588 1587
f 1579 1580 1588
f 1580 1589 1588
f 1580 1581 1589
f 1581 1590 1589
f 1581 1582 1590
f 1582 1591 1590
f 1582 1583 1591
f 1583 1592 1591
f 1583 1584 1592
f 1584 1593 1592
f 1585 1586 1594
f 1586 1595 1594
f 1586 1587 1595
f 1587 1596 1595
f 1587 1588 1596
f 1588 1597 1596
f 1588 1589 1597
f 1589 1598 1597
f 1589 1590 1598
f 1590 1599 1598
f 1590 1591 1599
f 1591 1600 1599
f 1591 1592 1600
f 1592 1601 1600
f 1592 1593 1601
f 1593 1602 1601
f 1594 1595 1603
f 1595 1604 1603
f 1595 1596 1604
f 1596 1605 1604
f 1596 1597 1605
f 1597 1606 1605
f 1597 1598 1606
f 1598 1607 1606
f 1598 1599 1607
f 1599 1608 1607
f 1599 1600 1608
f 1600 1609 1608
f 1600 1601 1609
f 1601 1610 1609
f 1601 1602 1610
f 1602 1611 1610
f 1603 1604 1612
f 1604 1605 1613
f 1605 1606 1614
f 1606 1607 1615
f 1607 1608 1616
f 1608 1609 1617
f 1609 1610 1618
f 1610 1611 1619
usemtl pebble_3
f 1622 1631 1630
f 1623 1632 1631
f 1624 1633 1632
f 1625 1634 1633
f 1626 1635 1634
f 1627 1636 1635
f 1628 1637 1636
f 1629 1638 1637
f 1630 1631 1639
f 1631 1640 1639
f 1631 1632 1640
f 1632 1641 1640
f 1632 1633 1641
f 1633 1642 1641
f 1633 1634 1642
f 1634 1643 1642
f 1634 1635 1643
f 1635 1644 1643
f 1635 1636 1644
f 1636 1645 1644
f 1636 1637 1645
f 1637 1646 1645
f 1637 1638 1646
f 1638 1647 1646
f 1639 1640 1648
f 1640 1649 1648
f 1640 1641 1649
f 1641 1650 1649
f 1641 1642 1650
f 1642 1651 1650
f 1642 1643 1651
f 1643 1652 1651
f 1643 1644 1652
f 1644 1653 1652
f 1644 1645 1653
f 1645 1654 1653
f 1645 1646 1654
f 1646 1655 1654
f 1646 1647 1655
f 1647 1656 1655
f 1648 1649 1657
f 1649 1658 1657
f 1649 1650 1658
f 1650 1659 1658
f 1650 1651 1659
f 1651 1660 1659
f 1651 1652 1660
f 1652 1661 1660
f 1652 1653 1661
f 1653 1662 1661
f 1653 1654 1662
f 1654 1663 1662
f 1654 1655 1663
f 1655 1664 1663
f 1655 1656 1664
f 1656 1665 1664
f 1657 1658 1666
f 1658 1659 1667
f 1659 1660 1668
f 1660 1661 1669
f 1661 1662 1670
f 1662 1663 1671
f 1663 1664 1672
f 1664 1665 1673
usemtl pebble_1
f 1676 1685 1684
f 1677 1686 1685
f 1678 1687 1686
f 1679 1688 1687
f 1680 1689 1688
f 1681 1690 1689
f 1682 1691 1690
f 1683 1692 1691
f 1684 1685 1693
f 1685 1694 1693
f 1685 1686 1694
f 1686 1695 1694
f 1686 1687 1695
f 1687 1696 1695
f 1687 1688 1696
f 1688 1697 1696
f 1688 1689 1697
f 1689 1698 1697
f 1689 1690 1698
f 1690 1699 1698
f 1690 1691 1699
f 1691 1700 1699
f 1691 1692 1700
f 1692 1701 1700
f 1693 1694 1702
f 1694 1703 1702
f 1694 1695 1703
f 1695 1704 1703
f 1695 1696 1704
f 1696 1705 1704
f 1696 1697 1705
f 1697 1706 1705
f 1697 1698 1706
f 1698 1707 1706
f 1698 1699 1707
f 1699 1708 1707
f 1699 1700 1708
f 1700 1709 1708
f 1700 1701 1709
f 1701 1710 1709
f 1702 1703 1711
f 1703 1712 1711
f 1703 1704 1712
f 1704 1713 1712
f 1704 1705 1713
f 1705 1714 1713
f 1705 1706 1714
f 1706 1715 1714
f 1706 1707 1715
f 1707 1716 1715
f 1707 1708 1716
f 1708 1717 1716
f 1708 1709 1717
f 1709 1718 1717
f 1709 1710 1718
f 1710 1719 1718
f 1711 1712 1720
f 1712 1713 1721
f 1713 1714 1722
f 1714 1715 1723
f 1715 1716 1724
f 1716 1717 1725
f 1717 1718 1726
f 1718 1719 1727
usemtl pebble_0
f 1730 1739 1738
f 1731 1740 1739
f 1732 1741 1740
f 1733 1742 1741
f 1734 1743 1742
f 1735 1744 1743
f 1736 1745 1744
f 1737 1746 1745
f 1738 1739 1747
f 1739 1748 1747
f 1739 1740 1748
f 1740 1749 1748
f 1740 1741 1749
f 1741 1750 1749
f 1741 1742 1750
f 1742 1751 1750
f 1742 1743 1751
f 1743 1752 1751
f 1743 1744 1752
f 1744 1753 1752
f 1744 1745 1753
f 1745 1754 1753
f 1745 1746 1754
f 1746 1755 1754
f 1747 1748 1756
f 1748 1757 1756
f 1748 1749 1757
f 1749 1758 1757
f 1749 1750 1758
f 1750 1759 1758
f 1750 1751 1759
f 1751 1760 1759
f 1751 1752 1760
f 1752 1761 1760
f 1752 1753 1761
f 1753 1762 1761
f 1753 1754 1762
f 1754 1763 1762
f 1754 1755 1763
f 1755 1764 1763
f 1756 1757 1765
f 1757 1766 1765
f 1757 1758 1766
f 1758 1767 1766
f 1758 1759 1767
f 1759 1768 1767
f 1759 1760 1768
f 1760 1769 1768
f 1760 1761 1769
f 1761 1770 1769
f 1761 1762 1770
f 1762 1771 1770
f 1762 1763 1771
f 1763 1772 1771
f 1763 1764 1772
f 1764 1773 1772
f 1765 1766 1774
f 1766 1767 1775
f 1767 1768 1776
f 1768 1769 1777
f 1769 1770 1778
f 1770 1771 1779
f 1771 1772 1780
f 1772 1773 1781
usemtl pebble_1
f 1784 1793 1792
f 1785 1794 1793
f 1786 1795 1794
f 1787 1796 1795
f 1788 1797 1796
f 1789 1798 1797
f 1790 1799 1798
f 1791 1800 1799
f 1792 1793 1801
f 1793 1802 1801
f 1793 1794 1802
f 1794 1803 1802
f 1794 1795 1803
f 1795 1804 1803
f 1795 1796 1804
f 1796 1805 1804
f 1796 1797 1805
f 1797 1806 1805
f 1797 1798 1806
f 1798 1807 1806
f 1798 1799 1807
f 1799 1808 1807
f 1799 1800 1808
f 1800 1809 1808
f 1801 1802 1810
f 1802 1811 1810
f 1802 1803 1811
f 1803 1812 1811
f 1803 1804 1812
f 1804 1813 1812
f 1804 1805 1813
f 1805 1814 1813
f 1805 1806 1814
f 1806 1815 1814
f 1806 1807 1815
f 1807 1816 1815
f 1807 1808 1816
f 1808 1817 1816
f 1808 1809 1817
f 1809 1818 1817
f 1810 1811 1819
f 1811 1820 1819
f 1811 1812 1820
f 1812 1821 1820
f 1812 1813 1821
f 1813 1822 1821
f 1813 1814 1822
f 1814 1823 1822
f 1814 1815 1823
f 1815 1824 1823
f 1815 1816 1824
f 1816 1825 1824
f 1816 1817 1825
f 1817 1826 1825
f 1817 1818 1826
f 1818 1827 1826
f 1819 1820 1828
f 1820 1821 1829
f 1821 1822 1830
f 1822 1823 1831
f 1823 1824 1832
f 1824 1825 1833
f 1825 1826 1834
f 1826 1827 1835
usemtl pebble_2
f 1838 1847 1846
f 1839 1848 1847
f 1840 1849 1848
f 1841 1850 1849
f 1842 1851 1850
f 1843 1852 1851
f 1844 1853 1852
f 1845 1854 1853
f 1846 1847 1855
f 1847 1856 1855
f 1847 1848 1856
f 1848 1857 1856
f 1848 1849 1857
f 1849 1858 1857
f 1849 1850 1858
f 1850 1859 1858
f 1850 1851 1859
f 1851 1860 1859
f 1851 1852 1860
f 1852 1861 1860
f 1852 1853 1861
f 1853 1862 1861
f 1853 1854 1862
f 1854 1863 1862
f 1855 1856 1864
f 1856 1865 1864
f 1856 1857 1865
f 1857 1866 1865
f 1857 1858 1866
f 1858 1867 1866
f 1858 1859 1867
f 1859 1868 1867
f 1859 1860 1868
f 1860 1869 1868
f 1860 1861 1869
f 1861 1870 1869
f 1861 1862 1870
f 1862 1871 1870
f 1862 1863 1871
f 1863 1872 1871
f 1864 1865 1873
f 1865 1874 1873
f 1865 1866 1874
f 1866 1875 1874
f 1866 1867 1875
f 1867 1876 1875
f 1867 1868 1876
f 1868 1877 1876
f 1868 1869 1877
f 1869 1878 1877
f 1869 1870 1878
f 1870 1879 1878
f 1870 1871 1879
f 1871 1880 1879
f 1871 1872 1880
f 1872 1881 1880
f 1873 1874 1882
f 1874 1875 1883
f 1875 1876 1884
f 1876 1877 1885
f 1877 1878 1886
f 1878 1879 1887
f 1879 1880 1888
f 1880 1881 1889
usemtl pebble_3
f 1892 1901 1900
f 1893 1902 1901
f 1894 1903 1902
f 1895 1904 1903
f 1896 1905 1904
f 1897 1906 1905
f 1898 1907 1906
f 1899 1908 1907
f 1900 1901 1909
f 1901 1910 1909
f 1901 1902 1910
f 1902 1911 1910
f 1902 1903 1911
f 1903 1912 1911
f 1903 1904 1912
f 1904 1913 1912
f 1904 1905 1913
f 1905 1914 1913
f 1905 1906 1914
f 1906 1915 1914
f 1906 1907 1915
f 1907 1916 1915
f 1907 1908 1916
f 1908 1917 1916
f 1909 1910 1918
f 1910 1919 1918
f 1910 1911 1919
f 1911 1920 1919
f 1911 1912 1920
f 1912 1921 1920
f 1912 1913 1921
f 1913 1922 1921
f 1913 1914 1922
f 1914 1923 1922
f 1914 1915 1923
f 1915 1924 1923
f 1915 1916 1924
f 1916 1925 1924
f 1916 1917 1925
f 1917 1926 1925
f 1918 1919 1927
f 1919 1928 1927
f 1919 1920 1928
f 1920 1929 1928
f 1920 1921 1929
f 1921 1930 1929
f 1921 1922 1930
f 1922 1931 1930
f 1922 1923 1931
f 1923 1932 1931
f 1923 1924 1932
f 1924 1933 1932
f 1924 1925 1933
f 1925 1934 1933
f 1925 1926 1934
f 1926 1935 1934
f 1927 1928 1936
f 1928 1929 1937
f 1929 1930 1938
f 1930 1931 1939
f 1931 1932 1940
f 1932 1933 1941
f 1933 1934 1942
f 1934 1935 1943
usemtl pebble_1
f 1946 1955 1954
f 1947 1956 1955
f 1948 1957 1956
f 1949 1958 1957
f 1950 1959 1958
f 1951 1960 1959
f 1952 1961 1960
f 1953 1962 1961
f 1954 1955 1963
f 1955 1964 1963
f 1955 1956 1964
f 1956 1965 1964
f 1956 1957 1965
f 1957 1966 1965
f 1957 1958 1966
f 1958 1967 1966
f 1958 1959 1967
f 1959 1968 1967
f 1959 1960 1968
f 1960 1969 1968
f 1960 1961 1969
f 1961 1970 1969
f 1961 1962 1970
f 1962 1971 1970
f 1963 1964 1972
f 1964 1973 1972
f 1964 1965 1973
f 1965 1974 1973
f 1965 1966 1974
f 1966 1975 1974
f 1966 1967 1975
f 1967 1976 1975
f 1967 1968 1976
f 1968 1977 1976
f 1968 1969 1977
f 1969 1978 1977
f 1969 1970 1978
f 1970 1979 1978
f 1970 1971 1979
f 1971 1980 1979
f 1972 1973 1981
f 1973 1982 1981
f 1973 1974 1982
f 1974 1983 1982
f 1974 1975 1983
f 1975 1984 1983
f 1975 1976 1984
f 1976 1985 1984
f 1976 1977 1985
f 1977 1986 1985
f 1977 1978 1986
f 1978 1987 1986
f 1978 1979 1987
f 1979 1988 1987
f 1979 1980 1988
f 1980 1989 1988
f 1981 1982 1990
f 1982 1983 1991
f 1983 1984 1992
f 1984 1985 1993
f 1985 1986 1994
f 1986 1987 1995
f 1987 1988 1996
f 1988 1989 1997
f 2000 2009 2008
f 2001 2010 2009
f 2002 2011 2010
f 2003 2012 2011
f 2004 2013 2012
f 2005 2014 2013
f 2006 2015 2014
f 2007 2016 2015
f 2008 2009 2017
f 2009 2018 2017
f 2009 2010 2018
f 2010 2019 2018
f 2010 2011 2019
f 2011 2020 2019
f 2011 2012 2020
f 2012 2021 2020
f 2012 2013 2021
f 2013 2022 2021
f 2013 2014 2022
f 2014 2023 2022
f 2014 2015 2023
f 2015 2024 2023
f 2015 2016 2024
f 2016 2025 2024
f 2017 2018 2026
f 2018 2027 2026
f 2018 2019 2027
f 2019 2028 2027
f 2019 2020 2028
f 2020 2029 2028
f 2020 2021 2029
f 2021 2030 2029
f 2021 2022 2030
f 2022 2031 2030
f 2022 2023 2031
f 2023 2032 2031
f 2023 2024 2032
f 2024 2033 2032
f 2024 2025 2033
f 2025 2034 2033
f 2026 2027 2035
f 2027 2036 2035
f 2027 2028 2036
f 2028 2037 2036
f 2028 2029 2037
f 2029 2038 2037
f 2029 2030 2038
f 2030 2039 2038
f 2030 2031 2039
f 2031 2040 2039
f 2031 2032 2040
f 2032 2041 2040
f 2032 2033 2041
f 2033 2042 2041
f 2033 2034 2042
f 2034 2043 2042
f 2035 2036 2044
f 2036 2037 2045
f 2037 2038 2046
f 2038 2039 2047
f 2039 2040 2048
f 2040 2041 2049
f 2041 2042 2050
f 2042 2043 2051
usemtl pebble_0
f 2054 2063 2062
f 2055 2064 2063
f 2056 2065 2064
f 2057 2066 2065
f 2058 2067 2066
f 2059 2068 2067
f 2060 2069 2068
f 2061 2070 2069
f 2062 2063 2071
f 2063 2072 2071
f 2063 2064 2072
f 2064 2073 2072
f 2064 2065 2073
f 2065 2074 2073
f 2065 2066 2074
f 2066 2075 2074
f 2066 2067 2075
f 2067 2076 2075
f 2067 2068 2076
f 2068 2077 2076
f 2068 2069 2077
f 2069 2078 2077
f 2069 2070 2078
f 2070 2079 2078
f 2071 2072 2080
f 2072 2081 2080
f 2072 2073 2081
f 2073 2082 2081
f 2073 2074 2082
f 2074 2083 2082
f 2074 2075 2083
f 2075 2084 2083
f 2075 2076 2084
f 2076 2085 2084
f 2076 2077 2085
f 2077 2086 2085
f 2077 2078 2086
f 2078 2087 2086
f 2078 2079 2087
f 2079 2088 2087
f 2080 2081 2089
f 2081 2090 2089
f 2081 2082 2090
f 2082 2091 2090
f 2082 2083 2091
f 2083 2092 2091
f 2083 2084 2092
f 2084 2093 2092
f 2084 2085 2093
f 2085 2094 2093
f 2085 2086 2094
f 2086 2095 2094
f 2086 2087 2095
f 2087 2096 2095
f 2087 2088 2096
f 2088 2097 2096
f 2089 2090 2098
f 2090 2091 2099
f 2091 2092 2100
f 2092 2093 2101
f 2093 2094 2102
f 2094 2095 2103
f 2095 2096 2104
f 2096 2097 2105
usemtl pebble_1
f 2108 2117 2116
f 2109 2118 2117
f 2110 2119 2118
f 2111 2120 2119
f 2112 2121 2120
f 2113 2122 2121
f 2114 2123 2122
f 2115 2124 2123
f 2116 2117 2125
f 2117 2126 2125
f 2117 2118 2126
f 2118 2127 2126
f 2118 2119 2127
f 2119 2128 2127
f 2119 2120 2128
f 2120 2129 2128
f 2120 2121 2129
f 2121 2130 2129
f 2121 2122 2130
f 2122 2131 2130
f 2122 2123 2131
f 2123 2132 2131
f 2123 2124 2132
f 2124 2133 2132
f 2125 2126 2134
f 2126 2135 2134
f 2126 2127 2135
f 2127 2136 2135
f 2127 2128 2136
f 2128 2137 2136
f 2128 2129 2137
f 2129 2138 2137
f 2129 2130 2138
f 2130 2139 2138
f 2130 2131 2139
f 2131 2140 2139
f 2131 2132 2140
f 2132 2141 2140
f 2132 2133 2141
f 2133 2142 2141
f 2134 2135 2143
f 2135 2144 2143
f 2135 2136 2144
f 2136 2145 2144
f 2136 2137 2145
f 2137 2146 2145
f 2137 2138 2146
f 2138 2147 2146
f 2138 2139 2147
f 2139 2148 2147
f 2139 2140 2148
f 2140 2149 2148
f 2140 2141 2149
f 2141 2150 2149
f 2141 2142 2150
f 2142 2151 2150
f 2143 2144 2152
f 2144 2145 2153
f 2145 2146 2154
f 2146 2147 2155
f 2147 2148 2156
f 2148 2149 2157
f 2149 2150 2158
f 2150 2151 2159
usemtl pebble_0
f 2162 2171 2170
f 2163 2172 2171
f 2164 2173 2172
f 2165 2174 2173
f 2166 2175 2174
f 2167 2176 2175
f 2168 2177 2176
f 2169 2178 2177
f 2170 2171 2179
f 2171 2180 2179
f 2171 2172 2180
f 2172 2181 2180
f 2172 2173 2181
f 2173 2182 2181
f 2173 2174 2182
f 2174 2183 2182
f 2174 2175 2183
f 2175 2184 2183
f 2175 2176 2184
f 2176 2185 2184
f 2176 2177 2185
f 2177 2186 2185
f 2177 2178 2186
f 2178 2187 2186
f 2179 2180 2188
f 2180 2189 2188
f 2180 2181 2189
f 2181 2190 2189
f 2181 2182 2190
f 2182 2191 2190
f 2182 2183 2191
f 2183 2192 2191
f 2183 2184 2192
f 2184 2193 2192
f 2184 2185 2193
f 2185 2194 2193
f 2185 2186 2194
f 2186 2195 2194
f 2186 2187 2195
f 2187 2196 2195
f 2188 2189 2197
f 2189 2198 2197
f 2189 2190 2198
f 2190 2199 2198
f 2190 2191 2199
f 2191 2200 2199
f 2191 2192 2200
f 2192 2201 2200
f 2192 2193 2201
f 2193 2202 2201
f 2193 2194 2202
f 2194 2203 2202
f 2194 2195 2203
f 2195 2204 2203
f 2195 2196 2204
f 2196 2205 2204
f 2197 2198 2206
f 2198 2199 2207
f 2199 2200 2208
f 2200 2201 2209
f 2201 2202 2210
f 2202 2203 2211
f 2203 2204 2212
f 2204 2205 2213
usemtl pebble_1
f 2216 2225 2224
f 2217 2226 2225
f 2218 2227 2226
f 2219 2228 2227
f 2220 2229 2228
f 2221 2230 2229
f 2222 2231 2230
f 2223 2232 2231
f 2224 2225 2233
f 2225 2234 2233
f 2225 2226 2234
f 2226 2235 2234
f 2226 2227 2235
f 2227 2236 2235
f 2227 2228 2236
f 2228 2237 2236
f 2228 2229 2237
f 2229 2238 2237
f 2229 2230 2238
f 2230 2239 2238
f 2230 2231 2239
f 2231 2240 2239
f 2231 2232 2240
f 2232 2241 2240
f 2233 2234 2242
f 2234 2243 2242
f 2234 2235 2243
f 2235 2244 2243
f 2235 2236 2244
f 2236 2245 2244
f 2236 2237 2245
f 2237 2246 2245
f 2237 2238 2246
f 2238 2247 2246
f 2238 2239 2247
f 2239 2248 2247
f 2239 2240 2248
f 2240 2249 2248
f 2240 2241 2249
f 2241 2250 2249
f 2242 2243 2251
f 2243 2252 2251
f 2243 2244 2252
f 2244 2253 2252
f 2244 2245 2253
f 2245 2254 2253
f 2245 2246 2254
f 2246 2255 2254
f 2246 2247 2255
f 2247 2256 2255
f 2247 2248 2256
f 2248 2257 2256
f 2248 2249 2257
f 2249 2258 2257
f 2249 2250 2258
f 2250 2259 2258
f 2251 2252 2260
f 2252 2253 2261
f 2253 2254 2262
f 2254 2255 2263
f 2255 2256 2264
f 2256 2257 2265
f 2257 2258 2266
f 2258 2259 2267
usemtl pebble_2
f 2270 2279 2278
f 2271 2280 2279
f 2272 2281 2280
f 2273 2282 2281
f 2274 2283 2282
f 2275 2284 2283
f 2276 2285 2284
f 2277 2286 2285
f 2278 2279 2287
f 2279 2288 2287
f 2279 2280 2288
f 2280 2289 2288
f 2280 2281 2289
f 2281 2290 2289
f 2281 2282 2290
f 2282 2291 2290
f 2282 2283 2291
f 2283 2292 2291
f 2283 2284 2292
f 2284 2293 2292
f 2284 2285 2293
f 2285 2294 2293
f 2285 2286 2294
f 2286 2295 2294
f 2287 2288 2296
f 2288 2297 2296
f 2288 2289 2297
f 2289 2298 2297
f 2289 2290 2298
f 2290 2299 2298
f 2290 2291 2299
f 2291 2300 2299
f 2291 2292 2300
f 2292 2301 2300
f 2292 2293 2301
f 2293 2302 2301
f 2293 2294 2302
f 2294 2303 2302
f 2294 2295 2303
f 2295 2304 2303
f 2296 2297 2305
f 2297 2306 2305
f 2297 2298 2306
f 2298 2307 2306
f 2298 2299 2307
f 2299 2308 2307
f 2299 2300 2308
f 2300 2309 2308
f 2300 2301 2309
f 2301 2310 2309
f 2301 2302 2310
f 2302 2311 2310
f 2302 2303 2311
f 2303 2312 2311
f 2303 2304 2312
f 2304 2313 2312
f 2305 2306 2314
f 2306 2307 2315
f 2307 2308 2316
f 2308 2309 2317
f 2309 2310 2318
f 2310 2311 2319
f 2311 2312 2320
f 2312 2313 2321
f 2324 2333 2332
f 2325 2334 2333
f 2326 2335 2334
f 2327 2336 2335
f 2328 2337 2336
f 2329 2338 2337
f 2330 2339 2338
f 2331 2340 2339
f 2332 2333 2341
f 2333 2342 2341
f 2333 2334 2342
f 2334 2343 2342
f 2334 2335 2343
f 2335 2344 2343
f 2335 2336 2344
f 2336 2345 2344
f 2336 2337 2345
f 2337 2346 2345
f 2337 2338 2346
f 2338 2347 2346
f 2338 2339 2347
f 2339 2348 2347
f 2339 2340 2348
f 2340 2349 2348
f 2341 2342 2350
f 2342 2351 2350
f 2342 2343 2351
f 2343 2352 2351
f 2343 2344 2352
f 2344 2353 2352
f 2344 2345 2353
f 2345 2354 2353
f 2345 2346 2354
f 2346 2355 2354
f 2346 2347 2355
f 2347 2356 2355
f 2347 2348 2356
f 2348 2357 2356
f 2348 2349 2357
f 2349 2358 2357
f 2350 2351 2359
f 2351 2360 2359
f 2351 2352 2360
f 2352 2361 2360
f 2352 2353 2361
f 2353 2362 2361
f 2353 2354 2362
f 2354 2363 2362
f 2354 2355 2363
f 2355 2364 2363
f 2355 2356 2364
f 2356 2365 2364
f 2356 2357 2365
f 2357 2366 2365
f 2357 2358 2366
f 2358 2367 2366
f 2359 2360 2368
f 2360 2361 2369
f 2361 2362 2370
f 2362 2363 2371
f 2363 2364 2372
f 2364 2365 2373
f 2365 2366 2374
f 2366 2367 2375
f 2378 2387 2386
f 2379 2388 2387
f 2380 2389 2388
f 2381 2390 2389
f 2382 2391 2390
f 2383 2392 2391
f 2384 2393 2392
f 2385 2394 2393
f 2386 2387 2395
f 2387 2396 2395
f 2387 2388 2396
f 2388 2397 2396
f 2388 2389 2397
f 2389 2398 2397
f 2389 2390 2398
f 2390 2399 2398
f 2390 2391 2399
f 2391 2400 2399
f 2391 2392 2400
f 2392 2401 2400
f 2392 2393 2401
f 2393 2402 2401
f 2393 2394 2402
f 2394 2403 2402
f 2395 2396 2404
f 2396 2405 2404
f 2396 2397 2405
f 2397 2406 2405
f 2397 2398 2406
f 2398 2407 2406
f 2398 2399 2407
f 2399 2408 2407
f 2399 2400 2408
f 2400 2409 2408
f 2400 2401 2409
f 2401 2410 2409
f 2401 2402 2410
f 2402 2411 2410
f 2402 2403 2411
f 2403 2412 2411
f 2404 2405 2413
f 2405 2414 2413
f 2405 2406 2414
f 2406 2415 2414
f 2406 2407 2415
f 2407 2416 2415
f 2407 2408 2416
f 2408 2417 2416
f 2408 2409 2417
f 2409 2418 2417
f 2409 2410 2418
f 2410 2419 2418
f 2410 2411 2419
f 2411 2420 2419
f 2411 2412 2420
f 2412 2421 2420
f 2413 2414 2422
f 2414 2415 2423
f 2415 2416 2424
f 2416 2417 2425
f 2417 2418 2426
f 2418 2419 2427
f 2419 2420 2428
f 2420 2421 2429
usemtl pebble_1
f 2432 2441 2440
f 2433 2442 2441
f 2434 2443 2442
f 2435 2444 2443
f 2436 2445 2444
f 2437 2446 2445
f 2438 2447 2446
f 2439 2448 2447
f 2440 2441 2449
f 2441 2450 2449
f 2441 2442 2450
f 2442 2451 2450
f 2442 2443 2451
f 2443 2452 2451
f 2443 2444 2452
f 2444 2453 2452
f 2444 2445 2453
f 2445 2454 2453
f 2445 2446 2454
f 2446 2455 2454
f 2446 2447 2455
f 2447 2456 2455
f 2447 2448 2456
f 2448 2457 2456
f 2449 2450 2458
f 2450 2459 2458
f 2450 2451 2459
f 2451 2460 2459
f 2451 2452 2460
f 2452 2461 2460
f 2452 2453 2461
f 2453 2462 2461
f 2453 2454 2462
f 2454 2463 2462
f 2454 2455 2463
f 2455 2464 2463
f 2455 2456 2464
f 2456 2465 2464
f 2456 2457 2465
f 2457 2466 2465
f 2458 2459 2467
f 2459 2468 2467
f 2459 2460 2468
f 2460 2469 2468
f 2460 2461 2469
f 2461 2470 2469
f 2461 2462 2470
f 2462 2471 2470
f 2462 2463 2471
f 2463 2472 2471
f 2463 2464 2472
f 2464 2473 2472
f 2464 2465 2473
f 2465 2474 2473
f 2465 2466 2474
f 2466 2475 2474
f 2467 2468 2476
f 2468 2469 2477
f 2469 2470 2478
f 2470 2471 2479
f 2471 2472 2480
f 2472 2473 2481
f 2473 2474 2482
f 2474 2475 2483
usemtl pebble_2
f 2486 2495 2494
f 2487 2496 2495
f 2488 2497 2496
f 2489 2498 2497
f 2490 2499 2498
f 2491 2500 2499
f 2492 2501 2500
f 2493 2502 2501
f 2494 2495 2503
f 2495 2504 2503
f 2495 2496 2504
f 2496 2505 2504
f 2496 2497 2505
f 2497 2506 2505
f 2497 2498 2506
f 2498 2507 2506
f 2498 2499 2507
f 2499 2508 2507
f 2499 2500 2508
f 2500 2509 2508
f 2500 2501 2509
f 2501 2510 2509
f 2501 2502 2510
f 2502 2511 2510
f 2503 2504 2512
f 2504 2513 2512
f 2504 2505 2513
f 2505 2514 2513
f 2505 2506 2514
f 2506 2515 2514
f 2506 2507 2515
f 2507 2516 2515
f 2507 2508 2516
f 2508 2517 2516
f 2508 2509 2517
f 2509 2518 2517
f 2509 2510 2518
f 2510 2519 2518
f 2510 2511 2519
f 2511 2520 2519
f 2512 2513 2521
f 2513 2522 2521
f 2513 2514 2522
f 2514 2523 2522
f 2514 2515 2523
f 2515 2524 2523
f 2515 2516 2524
f 2516 2525 2524
f 2516 2517 2525
f 2517 2526 2525
f 2517 2518 2526
f 2518 2527 2526
f 2518 2519 2527
f 2519 2528 2527
f 2519 2520 2528
f 2520 2529 2528
f 2521 2522 2530
f 2522 2523 2531
f 2523 2524 2532
f 2524 2525 2533
f 2525 2526 2534
f 2526 2527 2535
f 2527 2528 2536
f 2528 2529 2537
usemtl pebble_3
f 2540 2549 2548
f 2541 2550 2549
f 2542 2551 2550
f 2543 2552 2551
f 2544 2553 2552
f 2545 2554 2553
f 2546 2555 2554
f 2547 2556 2555
f 2548 2549 2557
f 2549 2558 2557
f 2549 2550 2558
f 2550 2559 2558
f 2550 2551 2559
f 2551 2560 2559
f 2551 2552 2560
f 2552 2561 2560
f 2552 2553 2561
f 2553 2562 2561
f 2553 2554 2562
f 2554 2563 2562
f 2554 2555 2563
f 2555 2564 2563
f 2555 2556 2564
f 2556 2565 2564
f 2557 2558 2566
f 2558 2567 2566
f 2558 2559 2567
f 2559 2568 2567
f 2559 2560 2568
f 2560 2569 2568
f 2560 2561 2569
f 2561 2570 2569
f 2561 2562 2570
f 2562 2571 2570
f 2562 2563 2571
f 2563 2572 2571
f 2563 2564 2572
f 2564 2573 2572
f 2564 2565 2573
f 2565 2574 2573
f 2566 2567 2575
f 2567 2576 2575
f 2567 2568 2576
f 2568 2577 2576
f 2568 2569 2577
f 2569 2578 2577
f 2569 2570 2578
f 2570 2579 2578
f 2570 2571 2579
f 2571 2580 2579
f 2571 2572 2580
f 2572 2581 2580
f 2572 2573 2581
f 2573 2582 2581
f 2573 2574 2582
f 2574 2583 2582
f 2575 2576 2584
f 2576 2577 2585
f 2577 2578 2586
f 2578 2579 2587
f 2579 2580 2588
f 2580 2581 2589
f 2581 2582 2590
f 2582 2583 2591
f 2594 2603 2602
f 2595 2604 2603
f 2596 2605 2604
f 2597 2606 2605
f 2598 2607 2606
f 2599 2608 2607
f 2600 2609 2608
f 2601 2610 2609
f 2602 2603 2611
f 2603 2612 2611
f 2603 2604 2612
f 2604 2613 2612
f 2604 2605 2613
f 2605 2614 2613
f 2605 2606 2614
f 2606 2615 2614
f 2606 2607 2615
f 2607 2616 2615
f 2607 2608 2616
f 2608 2617 2616
f 2608 2609 2617
f 2609 2618 2617
f 2609 2610 2618
f 2610 2619 2618
f 2611 2612 2620
f 2612 2621 2620
f 2612 2613 2621
f 2613 2622 2621
f 2613 2614 2622
f 2614 2623 2622
f 2614 2615 2623
f 2615 2624 2623
f 2615 2616 2624
f 2616 2625 2624
f 2616 2617 2625
f 2617 2626 2625
f 2617 2618 2626
f 2618 2627 2626
f 2618 2619 2627
f 2619 2628 2627
f 2620 2621 2629
f 2621 2630 2629
f 2621 2622 2630
f 2622 2631 2630
f 2622 2623 2631
f 2623 2632 2631
f 2623 2624 2632
f 2624 2633 2632
f 2624 2625 2633
f 2625 2634 2633
f 2625 2626 2634
f 2626 2635 2634
f 2626 2627 2635
f 2627 2636 2635
f 2627 2628 2636
f 2628 2637 2636
f 2629 2630 2638
f 2630 2631 2639
f 2631 2632 2640
f 2632 2633 2641
f 2633 2634 2642
f 2634 2635 2643
f 2635 2636 2644
f 2636 2637 2645
usemtl pebble_0
f 2648 2657 2656
f 2649 2658 2657
f 2650 2659 2658
f 2651 2660 2659
f 2652 2661 2660
f 2653 2662 2661
f 2654 2663 2662
f 2655 2664 2663
f 2656 2657 2665
f 2657 2666 2665
f 2657 2658 2666
f 2658 2667 2666
f 2658 2659 2667
f 2659 2668 2667
f 2659 2660 2668
f 2660 2669 2668
f 2660 2661 2669
f 2661 2670 2669
f 2661 2662 2670
f 2662 2671 2670
f 2662 2663 2671
f 2663 2672 2671
f 2663 2664 2672
f 2664 2673 2672
f 2665 2666 2674
f 2666 2675 2674
f 2666 2667 2675
f 2667 2676 2675
f 2667 2668 2676
f 2668 2677 2676
f 2668 2669 2677
f 2669 2678 2677
f 2669 2670 2678
f 2670 2679 2678
f 2670 2671 2679
f 2671 2680 2679
f 2671 2672 2680
f 2672 2681 2680
f 2672 2673 2681
f 2673 2682 2681
f 2674 2675 2683
f 2675 2684 2683
f 2675 2676 2684
f 2676 2685 2684
f 2676 2677 2685
f 2677 2686 2685
f 2677 2678 2686
f 2678 2687 2686
f 2678 2679 2687
f 2679 2688 2687
f 2679 2680 2688
f 2680 2689 2688
f 2680 2681 2689
f 2681 2690 2689
f 2681 2682 2690
f 2682 2691 2690
f 2683 2684 2692
f 2684 2685 2693
f 2685 2686 2694
f 2686 2687 2695
f 2687 2688 2696
f 2688 2689 2697
f 2689 2690 2698
f 2690 2691 2699
usemtl pebble_2
f 2702 2711 2710
f 2703 2712 2711
f 2704 2713 2712
f 2705 2714 2713
f 2706 2715 2714
f 2707 2716 2715
f 2708 2717 2716
f 2709 2718 2717
f 2710 2711 2719
f 2711 2720 2719
f 2711 2712 2720
f 2712 2721 2720
f 2712 2713 2721
f 2713 2722 2721
f 2713 2714 2722
f 2714 2723 2722
f 2714 2715 2723
f 2715 2724 2723
f 2715 2716 2724
f 2716 2725 2724
f 2716 2717 2725
f 2717 2726 2725
f 2717 2718 2726
f 2718 2727 2726
f 2719 2720 2728
f 2720 2729 2728
f 2720 2721 2729
f 2721 2730 2729
f 2721 2722 2730
f 2722 2731 2730
f 2722 2723 2731
f 2723 2732 2731
f 2723 2724 2732
f 2724 2733 2732
f 2724 2725 2733
f 2725 2734 2733
f 2725 2726 2734
f 2726 2735 2734
f 2726 2727 2735
f 2727 2736 2735
f 2728 2729 2737
f 2729 2738 2737
f 2729 2730 2738
f 2730 2739 2738
f 2730 2731 2739
f 2731 2740 2739
f 2731 2732 2740
f 2732 2741 2740
f 2732 2733 2741
f 2733 2742 2741
f 2733 2734 2742
f 2734 2743 2742
f 2734 2735 2743
f 2735 2744 2743
f 2735 2736 2744
f 2736 2745 2744
f 2737 2738 2746
f 2738 2739 2747
f 2739 2740 2748
f 2740 2741 2749
f 2741 2742 2750
f 2742 2743 2751
f 2743 2744 2752
f 2744 2745 2753
f 2756 2765 2764
f 2757 2766 2765
f 2758 2767 2766
f 2759 2768 2767
f 2760 2769 2768
f 2761 2770 2769
f 2762 2771 2770
f 2763 2772 2771
f 2764 2765 2773
f 2765 2774 2773
f 2765 2766 2774
f 2766 2775 2774
f 2766 2767 2775
f 2767 2776 2775
f 2767 2768 2776
f 2768 2777 2776
f 2768 2769 2777
f 2769 2778 2777
f 2769 2770 2778
f 2770 2779 2778
f 2770 2771 2779
f 2771 2780 2779
f 2771 2772 2780
f 2772 2781 2780
f 2773 2774 2782
f 2774 2783 2782
f 2774 2775 2783
f 2775 2784 2783
f 2775 2776 2784
f 2776 2785 2784
f 2776 2777 2785
f 2777 2786 2785
f 2777 2778 2786
f 2778 2787 2786
f 2778 2779 2787
f 2779 2788 2787
f 2779 2780 2788
f 2780 2789 2788
f 2780 2781 2789
f 2781 2790 2789
f 2782 2783 2791
f 2783 2792 2791
f 2783 2784 2792
f 2784 2793 2792
f 2784 2785 2793
f 2785 2794 2793
f 2785 2786 2794
f 2786 2795 2794
f 2786 2787 2795
f 2787 2796 2795
f 2787 2788 2796
f 2788 2797 2796
f 2788 2789 2797
f 2789 2798 2797
f 2789 2790 2798
f 2790 2799 2798
f 2791 2792 2800
f 2792 2793 2801
f 2793 2794 2802
f 2794 2795 2803
f 2795 2796 2804
f 2796 2797 2805
f 2797 2798 2806
f 2798 2799 2807
f 2810 2819 2818
f 2811 2820 2819
f 2812 2821 2820
f 2813 2822 2821
f 2814 2823 2822
f 2815 2824 2823
f 2816 2825 2824
f 2817 2826 2825
f 2818 2819 2827
f 2819 2828 2827
f 2819 2820 2828
f 2820 2829 2828
f 2820 2821 2829
f 2821 2830 2829
f 2821 2822 2830
f 2822 2831 2830
f 2822 2823 2831
f 2823 2832 2831
f 2823 2824 2832
f 2824 2833 2832
f 2824 2825 2833
f 2825 2834 2833
f 2825 2826 2834
f 2826 2835 2834
f 2827 2828 2836
f 2828 2837 2836
f 2828 2829 2837
f 2829 2838 2837
f 2829 2830 2838
f 2830 2839 2838
f 2830 2831 2839
f 2831 2840 2839
f 2831 2832 2840
f 2832 2841 2840
f 2832 2833 2841
f 2833 2842 2841
f 2833 2834 2842
f 2834 2843 2842
f 2834 2835 2843
f 2835 2844 2843
f 2836 2837 2845
f 2837 2846 2845
f 2837 2838 2846
f 2838 2847 2846
f 2838 2839 2847
f 2839 2848 2847
f 2839 2840 2848
f 2840 2849 2848
f 2840 2841 2849
f 2841 2850 2849
f 2841 2842 2850
f 2842 2851 2850
f 2842 2843 2851
f 2843 2852 2851
f 2843 2844 2852
f 2844 2853 2852
f 2845 2846 2854
f 2846 2847 2855
f 2847 2848 2856
f 2848 2849 2857
f 2849 2850 2858
f 2850 2851 2859
f 2851 2852 2860
f 2852 2853 2861
usemtl pebble_3
f 2864 2873 2872
f 2865 2874 2873
f 2866 2875 2874
f 2867 2876 2875
f 2868 2877 2876
f 2869 2878 2877
f 2870 2879 2878
f 2871 2880 2879
f 2872 2873 2881
f 2873 2882 2881
f 2873 2874 2882
f 2874 2883 2882
f 2874 2875 2883
f 2875 2884 2883
f 2875 2876 2884
f 2876 2885 2884
f 2876 2877 2885
f 2877 2886 2885
f 2877 2878 2886
f 2878 2887 2886
f 2878 2879 2887
f 2879 2888 2887
f 2879 2880 2888
f 2880 2889 2888
f 2881 2882 2890
f 2882 2891 2890
f 2882 2883 2891
f 2883 2892 2891
f 2883 2884 2892
f 2884 2893 2892
f 2884 2885 2893
f 2885 2894 2893
f 2885 2886 2894
f 2886 2895 2894
f 2886 2887 2895
f 2887 2896 2895
f 2887 2888 2896
f 2888 2897 2896
f 2888 2889 2897
f 2889 2898 2897
f 2890 2891 2899
f 2891 2900 2899
f 2891 2892 2900
f 2892 2901 2900
f 2892 2893 2901
f 2893 2902 2901
f 2893 2894 2902
f 2894 2903 2902
f 2894 2895 2903
f 2895 2904 2903
f 2895 2896 2904
f 2896 2905 2904
f 2896 2897 2905
f 2897 2906 2905
f 2897 2898 2906
f 2898 2907 2906
f 2899 2900 2908
f 2900 2901 2909
f 2901 2902 2910
f 2902 2903 2911
f 2903 2904 2912
f 2904 2905 2913
f 2905 2906 2914
f 2906 2907 2915
usemtl pebble_0
f 2918 2927 2926
f 2919 2928 2927
f 2920 2929 2928
f 2921 2930 2929
f 2922 2931 2930
f 2923 2932 2931
f 2924 2933 2932
f 2925 2934 2933
f 2926 2927 2935
f 2927 2936 2935
f 2927 2928 2936
f 2928 2937 2936
f 2928 2929 2937
f 2929 2938 2937
f 2929 2930 2938
f 2930 2939 2938
f 2930 2931 2939
f 2931 2940 2939
f 2931 2932 2940
f 2932 2941 2940
f 2932 2933 2941
f 2933 2942 2941
f 2933 2934 2942
f 2934 2943 2942
f 2935 2936 2944
f 2936 2945 2944
f 2936 2937 2945
f 2937 2946 2945
f 2937 2938 2946
f 2938 2947 2946
f 2938 2939 2947
f 2939 2948 2947
f 2939 2940 2948
f 2940 2949 2948
f 2940 2941 2949
f 2941 2950 2949
f 2941 2942 2950
f 2942 2951 2950
f 2942 2943 2951
f 2943 2952 2951
f 2944 2945 2953
f 2945 2954 2953
f 2945 2946 2954
f 2946 2955 2954
f 2946 2947 2955
f 2947 2956 2955
f 2947 2948 2956
f 2948 2957 2956
f 2948 2949 2957
f 2949 2958 2957
f 2949 2950 2958
f 2950 2959 2958
f 2950 2951 2959
f 2951 2960 2959
f 2951 2952 2960
f 2952 2961 2960
f 2953 2954 2962
f 2954 2955 2963
f 2955 2956 2964
f 2956 2957 2965
f 2957 2958 2966
f 2958 2959 2967
f 2959 2960 2968
f 2960 2961 2969
usemtl pebble_3
f 2972 2981 2980
f 2973 2982 2981
f 2974 2983 2982
f 2975 2984 2983
f 2976 2985 2984
f 2977 2986 2985
f 2978 2987 2986
f 2979 2988 2987
f 2980 2981 2989
f 2981 2990 2989
f 2981 2982 2990
f 2982 2991 2990
f 2982 2983 2991
f 2983 2992 2991
f 2983 2984 2992
f 2984 2993 2992
f 2984 2985 2993
f 2985 2994 2993
f 2985 2986 2994
f 2986 2995 2994
f 2986 2987 2995
f 2987 2996 2995
f 2987 2988 2996
f 2988 2997 2996
f 2989 2990 2998
f 2990 2999 2998
f 2990 2991 2999
f 2991 3000 2999
f 2991 2992 3000
f 2992 3001 3000
f 2992 2993 3001
f 2993 3002 3001
f 2993 2994 3002
f 2994 3003 3002
f 2994 2995 3003
f 2995 3004 3003
f 2995 2996 3004
f 2996 3005 3004
f 2996 2997 3005
f 2997 3006 3005
f 2998 2999 3007
f 2999 3008 3007
f 2999 3000 3008
f 3000 3009 3008
f 3000 3001 3009
f 3001 3010 3009
f 3001 3002 3010
f 3002 3011 3010
f 3002 3003 3011
f 3003 3012 3011
f 3003 3004 3012
f 3004 3013 3012
f 3004 3005 3013
f 3005 3014 3013
f 3005 3006 3014
f 3006 3015 3014
f 3007 3008 3016
f 3008 3009 3017
f 3009 3010 3018
f 3010 3011 3019
f 3011 3012 3020
f 3012 3013 3021
f 3013 3014 3022
f 3014 3015 3023
usemtl pebble_1
f 3026 3035 3034
f 3027 3036 3035
f 3028 3037 3036
f 3029 3038 3037
f 3030 3039 3038
f 3031 3040 3039
f 3032 3041 3040
f 3033 3042 3041
f 3034 3035 3043
f 3035 3044 3043
f 3035 3036 3044
f 3036 3045 3044
f 3036 3037 3045
f 3037 3046 3045
f 3037 3038 3046
f 3038 3047 3046
f 3038 3039 3047
f 3039 3048 3047
f 3039 3040 3048
f 3040 3049 3048
f 3040 3041 3049
f 3041 3050 3049
f 3041 3042 3050
f 3042 3051 3050
f 3043 3044 3052
f 3044 3053 3052
f 3044 3045 3053
f 3045 3054 3053
f 3045 3046 3054
f 3046 3055 3054
f 3046 3047 3055
f 3047 3056 3055
f 3047 3048 3056
f 3048 3057 3056
f 3048 3049 3057
f 3049 3058 3057
f 3049 3050 3058
f 3050 3059 3058
f 3050 3051 3059
f 3051 3060 3059
f 3052 3053 3061
f 3053 3062 3061
f 3053 3054 3062
f 3054 3063 3062
f 3054 3055 3063
f 3055 3064 3063
f 3055 3056 3064
f 3056 3065 3064
f 3056 3057 3065
f 3057 3066 3065
f 3057 3058 3066
f 3058 3067 3066
f 3058 3059 3067
f 3059 3068 3067
f 3059 3060 3068
f 3060 3069 3068
f 3061 3062 3070
f 3062 3063 3071
f 3063 3064 3072
f 3064 3065 3073
f 3065 3066 3074
f 3066 3067 3075
f 3067 3068 3076
f 3068 3069 3077
usemtl pebble_0
f 3080 3089 3088
f 3081 3090 3089
f 3082 3091 3090
f 3083 3092 3091
f 3084 3093 3092
f 3085 3094 3093
f 3086 3095 3094
f 3087 3096 3095
f 3088 3089 3097
f 3089 3098 3097
f 3089 3090 3098
f 3090 3099 3098
f 3090 3091 3099
f 3091 3100 3099
f 3091 3092 3100
f 3092 3101 3100
f 3092 3093 3101
f 3093 3102 3101
f 3093 3094 3102
f 3094 3103 3102
f 3094 3095 3103
f 3095 3104 3103
f 3095 3096 3104
f 3096 3105 3104
f 3097 3098 3106
f 3098 3107 3106
f 3098 3099 3107
f 3099 3108 3107
f 3099 3100 3108
f 3100 3109 3108
f 3100 3101 3109
f 3101 3110 3109
f 3101 3102 3110
f 3102 3111 3110
f 3102 3103 3111
f 3103 3112 3111
f 3103 3104 3112
f 3104 3113 3112
f 3104 3105 3113
f 3105 3114 3113
f 3106 3107 3115
f 3107 3116 3115
f 3107 3108 3116
f 3108 3117 3116
f 3108 3109 3117
f 3109 3118 3117
f 3109 3110 3118
f 3110 3119 3118
f 3110 3111 3119
f 3111 3120 3119
f 3111 3112 3120
f 3112 3121 3120
f 3112 3113 3121
f 3113 3122 3121
f 3113 3114 3122
f 3114 3123 3122
f 3115 3116 3124
f 3116 3117 3125
f 3117 3118 3126
f 3118 3119 3127
f 3119 3120 3128
f 3120 3121 3129
f 3121 3122 3130
f 3122 3123 3131
usemtl pebble_2
f 3134 3143 3142
f 3135 3144 3143
f 3136 3145 3144
f 3137 3146 3145
f 3138 3147 3146
f 3139 3148 3147
f 3140 3149 3148
f 3141 3150 3149
f 3142 3143 3151
f 3143 3152 3151
f 3143 3144 3152
f 3144 3153 3152
f 3144 3145 3153
f 3145 3154 3153
f 3145 3146 3154
f 3146 3155 3154
f 3146 3147 3155
f 3147 3156 3155
f 3147 3148 3156
f 3148 3157 3156
f 3148 3149 3157
f 3149 3158 3157
f 3149 3150 3158
f 3150 3159 3158
f 3151 3152 3160
f 3152 3161 3160
f 3152 3153 3161
f 3153 3162 3161
f 3153 3154 3162
f 3154 3163 3162
f 3154 3155 3163
f 3155 3164 3163
f 3155 3156 3164
f 3156 3165 3164
f 3156 3157 3165
f 3157 3166 3165
f 3157 3158 3166
f 3158 3167 3166
f 3158 3159 3167
f 3159 3168 3167
f 3160 3161 3169
f 3161 3170 3169
f 3161 3162 3170
f 3162 3171 3170
f 3162 3163 3171
f 3163 3172 3171
f 3163 3164 3172
f 3164 3173 3172
f 3164 3165 3173
f 3165 3174 3173
f 3165 3166 3174
f 3166 3175 3174
f 3166 3167 3175
f 3167 3176 3175
f 3167 3168 3176
f 3168 3177 3176
f 3169 3170 3178
f 3170 3171 3179
f 3171 3172 3180
f 3172 3173 3181
f 3173 3174 3182
f 3174 3175 3183
f 3175 3176 3184
f 3176 3177 3185
usemtl pebble_3
f 3188 3197 3196
f 3189 3198 3197
f 3190 3199 3198
f 3191 3200 3199
f 3192 3201 3200
f 3193 3202 3201
f 3194 3203 3202
f 3195 3204 3203
f 3196 3197 3205
f 3197 3206 3205
f 3197 3198 3206
f 3198 3207 3206
f 3198 3199 3207
f 3199 3208 3207
f 3199 3200 3208
f 3200 3209 3208
f 3200 3201 3209
f 3201 3210 3209
f 3201 3202 3210
f 3202 3211 3210
f 3202 3203 3211
f 3203 3212 3211
f 3203 3204 3212
f 3204 3213 3212
f 3205 3206 3214
f 3206 3215 3214
f 3206 3207 3215
f 3207 3216 3215
f 3207 3208 3216
f 3208 3217 3216
f 3208 3209 3217
f 3209 3218 3217
f 3209 3210 3218
f 3210 3219 3218
f 3210 3211 3219
f 3211 3220 3219
f 3211 3212 3220
f 3212 3221 3220
f 3212 3213 3221
f 3213 3222 3221
f 3214 3215 3223
f 3215 3224 3223
f 3215 3216 3224
f 3216 3225 3224
f 3216 3217 3225
f 3217 3226 3225
f 3217 3218 3226
f 3218 3227 3226
f 3218 3219 3227
f 3219 3228 3227
f 3219 3220 3228
f 3220 3229 3228
f 3220 3221 3229
f 3221 3230 3229
f 3221 3222 3230
f 3222 3231 3230
f 3223 3224 3232
f 3224 3225 3233
f 3225 3226 3234
f 3226 3227 3235
f 3227 3228 3236
f 3228 3229 3237
f 3229 3230 3238
f 3230 3231 3239
f 3242 3251 3250
f 3243 3252 3251
f 3244 3253 3252
f 3245 3254 3253
f 3246 3255 3254
f 3247 3256 3255
f 3248 3257 3256
f 3249 3258 3257
f 3250 3251 3259
f 3251 3260 3259
f 3251 3252 3260
f 3252 3261 3260
f 3252 3253 3261
f 3253 3262 3261
f 3253 3254 3262
f 3254 3263 3262
f 3254 3255 3263
f 3255 3264 3263
f 3255 3256 3264
f 3256 3265 3264
f 3256 3257 3265
f 3257 3266 3265
f 3257 3258 3266
f 3258 3267 3266
f 3259 3260 3268
f 3260 3269 3268
f 3260 3261 3269
f 3261 3270 3269
f 3261 3262 3270
f 3262 3271 3270
f 3262 3263 3271
f 3263 3272 3271
f 3263 3264 3272
f 3264 3273 3272
f 3264 3265 3273
f 3265 3274 3273
f 3265 3266 3274
f 3266 3275 3274
f 3266 3267 3275
f 3267 3276 3275
f 3268 3269 3277
f 3269 3278 3277
f 3269 3270 3278
f 3270 3279 3278
f 3270 3271 3279
f 3271 3280 3279
f 3271 3272 3280
f 3272 3281 3280
f 3272 3273 3281
f 3273 3282 3281
f 3273 3274 3282
f 3274 3283 3282
f 3274 3275 3283
f 3275 3284 3283
f 3275 3276 3284
f 3276 3285 3284
f 3277 3278 3286
f 3278 3279 3287
f 3279 3280 3288
f 3280 3281 3289
f 3281 3282 3290
f 3282 3283 3291
f 3283 3284 3292
f 3284 3285 3293
f 3296 3305 3304
f 3297 3306 3305
f 3298 3307 3306
f 3299 3308 3307
f 3300 3309 3308
f 3301 3310 3309
f 3302 3311 3310
f 3303 3312 3311
f 3304 3305 3313
f 3305 3314 3313
f 3305 3306 3314
f 3306 3315 3314
f 3306 3307 3315
f 3307 3316 3315
f 3307 3308 3316
f 3308 3317 3316
f 3308 3309 3317
f 3309 3318 3317
f 3309 3310 3318
f 3310 3319 3318
f 3310 3311 3319
f 3311 3320 3319
f 3311 3312 3320
f 3312 3321 3320
f 3313 3314 3322
f 3314 3323 3322
f 3314 3315 3323
f 3315 3324 3323
f 3315 3316 3324
f 3316 3325 3324
f 3316 3317 3325
f 3317 3326 3325
f 3317 3318 3326
f 3318 3327 3326
f 3318 3319 3327
f 3319 3328 3327
f 3319 3320 3328
f 3320 3329 3328
f 3320 3321 3329
f 3321 3330 3329
f 3322 3323 3331
f 3323 3332 3331
f 3323 3324 3332
f 3324 3333 3332
f 3324 3325 3333
f 3325 3334 3333
f 3325 3326 3334
f 3326 3335 3334
f 3326 3327 3335
f 3327 3336 3335
f 3327 3328 3336
f 3328 3337 3336
f 3328 3329 3337
f 3329 3338 3337
f 3329 3330 3338
f 3330 3339 3338
f 3331 3332 3340
f 3332 3333 3341
f 3333 3334 3342
f 3334 3335 3343
f 3335 3336 3344
f 3336 3337 3345
f 3337 3338 3346
f 3338 3339 3347
usemtl pebble_2
f 3350 3359 3358
f 3351 3360 3359
f 3352 3361 3360
f 3353 3362 3361
f 3354 3363 3362
f 3355 3364 3363
f 3356 3365 3364
f 3357 3366 3365
f 3358 3359 3367
f 3359 3368 3367
f 3359 3360 3368
f 3360 3369 3368
f 3360 3361 3369
f 3361 3370 3369
f 3361 3362 3370
f 3362 3371 3370
f 3362 3363 3371
f 3363 3372 3371
f 3363 3364 3372
f 3364 3373 3372
f 3364 3365 3373
f 3365 3374 3373
f 3365 3366 3374
f 3366 3375 3374
f 3367 3368 3376
f 3368 3377 3376
f 3368 3369 3377
f 3369 3378 3377
f 3369 3370 3378
f 3370 3379 3378
f 3370 3371 3379
f 3371 3380 3379
f 3371 3372 3380
f 3372 3381 3380
f 3372 3373 3381
f 3373 3382 3381
f 3373 3374 3382
f 3374 3383 3382
f 3374 3375 3383
f 3375 3384 3383
f 3376 3377 3385
f 3377 3386 3385
f 3377 3378 3386
f 3378 3387 3386
f 3378 3379 3387
f 3379 3388 3387
f 3379 3380 3388
f 3380 3389 3388
f 3380 3381 3389
f 3381 3390 3389
f 3381 3382 3390
f 3382 3391 3390
f 3382 3383 3391
f 3383 3392 3391
f 3383 3384 3392
f 3384 3393 3392
f 3385 3386 3394
f 3386 3387 3395
f 3387 3388 3396
f 3388 3389 3397
f 3389 3390 3398
f 3390 3391 3399
f 3391 3392 3400
f 3392 3393 3401
f 3404 3413 3412
f 3405 3414 3413
f 3406 3415 3414
f 3407 3416 3415
f 3408 3417 3416
f 3409 3418 3417
f 3410 3419 3418
f 3411 3420 3419
f 3412 3413 3421
f 3413 3422 3421
f 3413 3414 3422
f 3414 3423 3422
f 3414 3415 3423
f 3415 3424 3423
f 3415 3416 3424
f 3416 3425 3424
f 3416 3417 3425
f 3417 3426 3425
f 3417 3418 3426
f 3418 3427 3426
f 3418 3419 3427
f 3419 3428 3427
f 3419 3420 3428
f 3420 3429 3428
f 3421 3422 3430
f 3422 3431 3430
f 3422 3423 3431
f 3423 3432 3431
f 3423 3424 3432
f 3424 3433 3432
f 3424 3425 3433
f 3425 3434 3433
f 3425 3426 3434
f 3426 3435 3434
f 3426 3427 3435
f 3427 3436 3435
f 3427 3428 3436
f 3428 3437 3436
f 3428 3429 3437
f 3429 3438 3437
f 3430 3431 3439
f 3431 3440 3439
f 3431 3432 3440
f 3432 3441 3440
f 3432 3433 3441
f 3433 3442 3441
f 3433 3434 3442
f 3434 3443 3442
f 3434 3435 3443
f 3435 3444 3443
f 3435 3436 3444
f 3436 3445 3444
f 3436 3437 3445
f 3437 3446 3445
f 3437 3438 3446
f 3438 3447 3446
f 3439 3440 3448
f 3440 3441 3449
f 3441 3442 3450
f 3442 3443 3451
f 3443 3444 3452
f 3444 3445 3453
f 3445 3446 3454
f 3446 3447 3455
usemtl pebble_1
f 3458 3467 3466
f 3459 3468 3467
f 3460 3469 3468
f 3461 3470 3469
f 3462 3471 3470
f 3463 3472 3471
f 3464 3473 3472
f 3465 3474 3473
f 3466 3467 3475
f 3467 3476 3475
f 3467 3468 3476
f 3468 3477 3476
f 3468 3469 3477
f 3469 3478 3477
f 3469 3470 3478
f 3470 3479 3478
f 3470 3471 3479
f 3471 3480 3479
f 3471 3472 3480
f 3472 3481 3480
f 3472 3473 3481
f 3473 3482 3481
f 3473 3474 3482
f 3474 3483 3482
f 3475 3476 3484
f 3476 3485 3484
f 3476 3477 3485
f 3477 3486 3485
f 3477 3478 3486
f 3478 3487 3486
f 3478 3479 3487
f 3479 3488 3487
f 3479 3480 3488
f 3480 3489 3488
f 3480 3481 3489
f 3481 3490 3489
f 3481 3482 3490
f 3482 3491 3490
f 3482 3483 3491
f 3483 3492 3491
f 3484 3485 3493
f 3485 3494 3493
f 3485 3486 3494
f 3486 3495 3494
f 3486 3487 3495
f 3487 3496 3495
f 3487 3488 3496
f 3488 3497 3496
f 3488 3489 3497
f 3489 3498 3497
f 3489 3490 3498
f 3490 3499 3498
f 3490 3491 3499
f 3491 3500 3499
f 3491 3492 3500
f 3492 3501 3500
f 3493 3494 3502
f 3494 3495 3503
f 3495 3496 3504
f 3496 3497 3505
f 3497 3498 3506
f 3498 3499 3507
f 3499 3500 3508
f 3500 3501 3509
usemtl pebble_3
f 3512 3521 3520
f 3513 3522 3521
f 3514 3523 3522
f 3515 3524 3523
f 3516 3525 3524
f 3517 3526 3525
f 3518 3527 3526
f 3519 3528 3527
f 3520 3521 3529
f 3521 3530 3529
f 3521 3522 3530
f 3522 3531 3530
f 3522 3523 3531
f 3523 3532 3531
f 3523 3524 3532
f 3524 3533 3532
f 3524 3525 3533
f 3525 3534 3533
f 3525 3526 3534
f 3526 3535 3534
f 3526 3527 3535
f 3527 3536 3535
f 3527 3528 3536
f 3528 3537 3536
f 3529 3530 3538
f 3530 3539 3538
f 3530 3531 3539
f 3531 3540 3539
f 3531 3532 3540
f 3532 3541 3540
f 3532 3533 3541
f 3533 3542 3541
f 3533 3534 3542
f 3534 3543 3542
f 3534 3535 3543
f 3535 3544 3543
f 3535 3536 3544
f 3536 3545 3544
f 3536 3537 3545
f 3537 3546 3545
f 3538 3539 3547
f 3539 3548 3547
f 3539 3540 3548
f 3540 3549 3548
f 3540 3541 3549
f 3541 3550 3549
f 3541 3542 3550
f 3542 3551 3550
f 3542 3543 3551
f 3543 3552 3551
f 3543 3544 3552
f 3544 3553 3552
f 3544 3545 3553
f 3545 3554 3553
f 3545 3546 3554
f 3546 3555 3554
f 3547 3548 3556
f 3548 3549 3557
f 3549 3550 3558
f 3550 3551 3559
f 3551 3552 3560
f 3552 3553 3561
f 3553 3554 3562
f 3554 3555 3563
usemtl pebble_0
f 3566 3575 3574
f 3567 3576 3575
f 3568 3577 3576
f 3569 3578 3577
f 3570 3579 3578
f 3571 3580 3579
f 3572 3581 3580
f 3573 3582 3581
f 3574 3575 3583
f 3575 3584 3583
f 3575 3576 3584
f 3576 3585 3584
f 3576 3577 3585
f 3577 3586 3585
f 3577 3578 3586
f 3578 3587 3586
f 3578 3579 3587
f 3579 3588 3587
f 3579 3580 3588
f 3580 3589 3588
f 3580 3581 3589
f 3581 3590 3589
f 3581 3582 3590
f 3582 3591 3590
f 3583 3584 3592
f 3584 3593 3592
f 3584 3585 3593
f 3585 3594 3593
f 3585 3586 3594
f 3586 3595 3594
f 3586 3587 3595
f 3587 3596 3595
f 3587 3588 3596
f 3588 3597 3596
f 3588 3589 3597
f 3589 3598 3597
f 3589 3590 3598
f 3590 3599 3598
f 3590 3591 3599
f 3591 3600 3599
f 3592 3593 3601
f 3593 3602 3601
f 3593 3594 3602
f 3594 3603 3602
f 3594 3595 3603
f 3595 3604 3603
f 3595 3596 3604
f 3596 3605 3604
f 3596 3597 3605
f 3597 3606 3605
f 3597 3598 3606
f 3598 3607 3606
f 3598 3599 3607
f 3599 3608 3607
f 3599 3600 3608
f 3600 3609 3608
f 3601 3602 3610
f 3602 3603 3611
f 3603 3604 3612
f 3604 3605 3613
f 3605 3606 3614
f 3606 3607 3615
f 3607 3608 3616
f 3608 3609 3617
f 3620 3629 3628
f 3621 3630 3629
f 3622 3631 3630
f 3623 3632 3631
f 3624 3633 3632
f 3625 3634 3633
f 3626 3635 3634
f 3627 3636 3635
f 3628 3629 3637
f 3629 3638 3637
f 3629 3630 3638
f 3630 3639 3638
f 3630 3631 3639
f 3631 3640 3639
f 3631 3632 3640
f 3632 3641 3640
f 3632 3633 3641
f 3633 3642 3641
f 3633 3634 3642
f 3634 3643 3642
f 3634 3635 3643
f 3635 3644 3643
f 3635 3636 3644
f 3636 3645 3644
f 3637 3638 3646
f 3638 3647 3646
f 3638 3639 3647
f 3639 3648 3647
f 3639 3640 3648
f 3640 3649 3648
f 3640 3641 3649
f 3641 3650 3649
f 3641 3642 3650
f 3642 3651 3650
f 3642 3643 3651
f 3643 3652 3651
f 3643 3644 3652
f 3644 3653 3652
f 3644 3645 3653
f 3645 3654 3653
f 3646 3647 3655
f 3647 3656 3655
f 3647 3648 3656
f 3648 3657 3656
f 3648 3649 3657
f 3649 3658 3657
f 3649 3650 3658
f 3650 3659 3658
f 3650 3651 3659
f 3651 3660 3659
f 3651 3652 3660
f 3652 3661 3660
f 3652 3653 3661
f 3653 3662 3661
f 3653 3654 3662
f 3654 3663 3662
f 3655 3656 3664
f 3656 3657 3665
f 3657 3658 3666
f 3658 3659 3667
f 3659 3660 3668
f 3660 3661 3669
f 3661 3662 3670
f 3662 3663 3671
usemtl pebble_3
f 3674 3683 3682
f 3675 3684 3683
f 3676 3685 3684
f 3677 3686 3685
f 3678 3687 3686
f 3679 3688 3687
f 3680 3689 3688
f 3681 3690 3689
f 3682 3683 3691
f 3683 3692 3691
f 3683 3684 3692
f 3684 3693 3692
f 3684 3685 3693
f 3685 3694 3693
f 3685 3686 3694
f 3686 3695 3694
f 3686 3687 3695
f 3687 3696 3695
f 3687 3688 3696
f 3688 3697 3696
f 3688 3689 3697
f 3689 3698 3697
f 3689 3690 3698
f 3690 3699 3698
f 3691 3692 3700
f 3692 3701 3700
f 3692 3693 3701
f 3693 3702 3701
f 3693 3694 3702
f 3694 3703 3702
f 3694 3695 3703
f 3695 3704 3703
f 3695 3696 3704
f 3696 3705 3704
f 3696 3697 3705
f 3697 3706 3705
f 3697 3698 3706
f 3698 3707 3706
f 3698 3699 3707
f 3699 3708 3707
f 3700 3701 3709
f 3701 3710 3709
f 3701 3702 3710
f 3702 3711 3710
f 3702 3703 3711
f 3703 3712 3711
f 3703 3704 3712
f 3704 3713 3712
f 3704 3705 3713
f 3705 3714 3713
f 3705 3706 3714
f 3706 3715 3714
f 3706 3707 3715
f 3707 3716 3715
f 3707 3708 3716
f 3708 3717 3716
f 3709 3710 3718
f 3710 3711 3719
f 3711 3712 3720
f 3712 3713 3721
f 3713 3714 3722
f 3714 3715 3723
f 3715 3716 3724
f 3716 3717 3725
usemtl pebble_0
f 3728 3737 3736
f 3729 3738 3737
f 3730 3739 3738
f 3731 3740 3739
f 3732 3741 3740
f 3733 3742 3741
f 3734 3743 3742
f 3735 3744 3743
f 3736 3737 3745
f 3737 3746 3745
f 3737 3738 3746
f 3738 3747 3746
f 3738 3739 3747
f 3739 3748 3747
f 3739 3740 3748
f 3740 3749 3748
f 3740 3741 3749
f 3741 3750 3749
f 3741 3742 3750
f 3742 3751 3750
f 3742 3743 3751
f 3743 3752 3751
f 3743 3744 3752
f 3744 3753 3752
f 3745 3746 3754
f 3746 3755 3754
f 3746 3747 3755
f 3747 3756 3755
f 3747 3748 3756
f 3748 3757 3756
f 3748 3749 3757
f 3749 3758 3757
f 3749 3750 3758
f 3750 3759 3758
f 3750 3751 3759
f 3751 3760 3759
f 3751 3752 3760
f 3752 3761 3760
f 3752 3753 3761
f 3753 3762 3761
f 3754 3755 3763
f 3755 3764 3763
f 3755 3756 3764
f 3756 3765 3764
f 3756 3757 3765
f 3757 3766 3765
f 3757 3758 3766
f 3758 3767 3766
f 3758 3759 3767
f 3759 3768 3767
f 3759 3760 3768
f 3760 3769 3768
f 3760 3761 3769
f 3761 3770 3769
f 3761 3762 3770
f 3762 3771 3770
f 3763 3764 3772
f 3764 3765 3773
f 3765 3766 3774
f 3766 3767 3775
f 3767 3768 3776
f 3768 3769 3777
f 3769 3770 3778
f 3770 3771 3779
usemtl pebble_1
f 3782 3791 3790
f 3783 3792 3791
f 3784 3793 3792
f 3785 3794 3793
f 3786 3795 3794
f 3787 3796 3795
f 3788 3797 3796
f 3789 3798 3797
f 3790 3791 3799
f 3791 3800 3799
f 3791 3792 3800
f 3792 3801 3800
f 3792 3793 3801
f 3793 3802 3801
f 3793 3794 3802
f 3794 3803 3802
f 3794 3795 3803
f 3795 3804 3803
f 3795 3796 3804
f 3796 3805 3804
f 3796 3797 3805
f 3797 3806 3805
f 3797 3798 3806
f 3798 3807 3806
f 3799 3800 3808
f 3800 3809 3808
f 3800 3801 3809
f 3801 3810 3809
f 3801 3802 3810
f 3802 3811 3810
f 3802 3803 3811
f 3803 3812 3811
f 3803 3804 3812
f 3804 3813 3812
f 3804 3805 3813
f 3805 3814 3813
f 3805 3806 3814
f 3806 3815 3814
f 3806 3807 3815
f 3807 3816 3815
f 3808 3809 3817
f 3809 3818 3817
f 3809 3810 3818
f 3810 3819 3818
f 3810 3811 3819
f 3811 3820 3819
f 3811 3812 3820
f 3812 3821 3820
f 3812 3813 3821
f 3813 3822 3821
f 3813 3814 3822
f 3814 3823 3822
f 3814 3815 3823
f 3815 3824 3823
f 3815 3816 3824
f 3816 3825 3824
f 3817 3818 3826
f 3818 3819 3827
f 3819 3820 3828
f 3820 3821 3829
f 3821 3822 3830
f 3822 3823 3831
f 3823 3824 3832
f 3824 3825 3833
usemtl pebble_0
f 3836 3845 3844
f 3837 3846 3845
f 3838 3847 3846
f 3839 3848 3847
f 3840 3849 3848
f 3841 3850 3849
f 3842 3851 3850
f 3843 3852 3851
f 3844 3845 3853
f 3845 3854 3853
f 3845 3846 3854
f 3846 3855 3854
f 3846 3847 3855
f 3847 3856 3855
f 3847 3848 3856
f 3848 3857 3856
f 3848 3849 3857
f 3849 3858 3857
f 3849 3850 3858
f 3850 3859 3858
f 3850 3851 3859
f 3851 3860 3859
f 3851 3852 3860
f 3852 3861 3860
f 3853 3854 3862
f 3854 3863 3862
f 3854 3855 3863
f 3855 3864 3863
f 3855 3856 3864
f 3856 3865 3864
f 3856 3857 3865
f 3857 3866 3865
f 3857 3858 3866
f 3858 3867 3866
f 3858 3859 3867
f 3859 3868 3867
f 3859 3860 3868
f 3860 3869 3868
f 3860 3861 3869
f 3861 3870 3869
f 3862 3863 3871
f 3863 3872 3871
f 3863 3864 3872
f 3864 3873 3872
f 3864 3865 3873
f 3865 3874 3873
f 3865 3866 3874
f 3866 3875 3874
f 3866 3867 3875
f 3867 3876 3875
f 3867 3868 3876
f 3868 3877 3876
f 3868 3869 3877
f 3869 3878 3877
f 3869 3870 3878
f 3870 3879 3878
f 3871 3872 3880
f 3872 3873 3881
f 3873 3874 3882
f 3874 3875 3883
f 3875 3876 3884
f 3876 3877 3885
f 3877 3878 3886
f 3878 3879 3887
usemtl pebble_1
f 3890 3899 3898
f 3891 3900 3899
f 3892 3901 3900
f 3893 3902 3901
f 3894 3903 3902
f 3895 3904 3903
f 3896 3905 3904
f 3897 3906 3905
f 3898 3899 3907
f 3899 3908 3907
f 3899 3900 3908
f 3900 3909 3908
f 3900 3901 3909
f 3901 3910 3909
f 3901 3902 3910
f 3902 3911 3910
f 3902 3903 3911
f 3903 3912 3911
f 3903 3904 3912
f 3904 3913 3912
f 3904 3905 3913
f 3905 3914 3913
f 3905 3906 3914
f 3906 3915 3914
f 3907 3908 3916
f 3908 3917 3916
f 3908 3909 3917
f 3909 3918 3917
f 3909 3910 3918
f 3910 3919 3918
f 3910 3911 3919
f 3911 3920 3919
f 3911 3912 3920
f 3912 3921 3920
f 3912 3913 3921
f 3913 3922 3921
f 3913 3914 3922
f 3914 3923 3922
f 3914 3915 3923
f 3915 3924 3923
f 3916 3917 3925
f 3917 3926 3925
f 3917 3918 3926
f 3918 3927 3926
f 3918 3919 3927
f 3919 3928 3927
f 3919 3920 3928
f 3920 3929 3928
f 3920 3921 3929
f 3921 3930 3929
f 3921 3922 3930
f 3922 3931 3930
f 3922 3923 3931
f 3923 3932 3931
f 3923 3924 3932
f 3924 3933 3932
f 3925 3926 3934
f 3926 3927 3935
f 3927 3928 3936
f 3928 3929 3937
f 3929 3930 3938
f 3930 3931 3939
f 3931 3932 3940
f 3932 3933 3941
f 3944 3953 3952
f 3945 3954 3953
f 3946 3955 3954
f 3947 3956 3955
f 3948 3957 3956
f 3949 3958 3957
f 3950 3959 3958
f 3951 3960 3959
f 3952 3953 3961
f 3953 3962 3961
f 3953 3954 3962
f 3954 3963 3962
f 3954 3955 3963
f 3955 3964 3963
f 3955 3956 3964
f 3956 3965 3964
f 3956 3957 3965
f 3957 3966 3965
f 3957 3958 3966
f 3958 3967 3966
f 3958 3959 3967
f 3959 3968 3967
f 3959 3960 3968
f 3960 3969 3968
f 3961 3962 3970
f 3962 3971 3970
f 3962 3963 3971
f 3963 3972 3971
f 3963 3964 3972
f 3964 3973 3972
f 3964 3965 3973
f 3965 3974 3973
f 3965 3966 3974
f 3966 3975 3974
f 3966 3967 3975
f 3967 3976 3975
f 3967 3968 3976
f 3968 3977 3976
f 3968 3969 3977
f 3969 3978 3977
f 3970 3971 3979
f 3971 3980 3979
f 3971 3972 3980
f 3972 3981 3980
f 3972 3973 3981
f 3973 3982 3981
f 3973 3974 3982
f 3974 3983 3982
f 3974 3975 3983
f 3975 3984 3983
f 3975 3976 3984
f 3976 3985 3984
f 3976 3977 3985
f 3977 3986 3985
f 3977 3978 3986
f 3978 3987 3986
f 3979 3980 3988
f 3980 3981 3989
f 3981 3982 3990
f 3982 3983 3991
f 3983 3984 3992
f 3984 3985 3993
f 3985 3986 3994
f 3986 3987 3995
usemtl pebble_0
f 3998 4007 4006
f 3999 4008 4007
f 4000 4009 4008
f 4001 4010 4009
f 4002 4011 4010
f 4003 4012 4011
f 4004 4013 4012
f 4005 4014 4013
f 4006 4007 4015
f 4007 4016 4015
f 4007 4008 4016
f 4008 4017 4016
f 4008 4009 4017
f 4009 4018 4017
f 4009 4010 4018
f 4010 4019 4018
f 4010 4011 4019
f 4011 4020 4019
f 4011 4012 4020
f 4012 4021 4020
f 4012 4013 4021
f 4013 4022 4021
f 4013 4014 4022
f 4014 4023 4022
f 4015 4016 4024
f 4016 4025 4024
f 4016 4017 4025
f 4017 4026 4025
f 4017 4018 4026
f 4018 4027 4026
f 4018 4019 4027
f 4019 4028 4027
f 4019 4020 4028
f 4020 4029 4028
f 4020 4021 4029
f 4021 4030 4029
f 4021 4022 4030
f 4022 4031 4030
f 4022 4023 4031
f 4023 4032 4031
f 4024 4025 4033
f 4025 4034 4033
f 4025 4026 4034
f 4026 4035 4034
f 4026 4027 4035
f 4027 4036 4035
f 4027 4028 4036
f 4028 4037 4036
f 4028 4029 4037
f 4029 4038 4037
f 4029 4030 4038
f 4030 4039 4038
f 4030 4031 4039
f 4031 4040 4039
f 4031 4032 4040
f 4032 4041 4040
f 4033 4034 4042
f 4034 4035 4043
f 4035 4036 4044
f 4036 4037 4045
f 4037 4038 4046
f 4038 4039 4047
f 4039 4040 4048
f 4040 4041 4049
usemtl pebble_3
f 4052 4061 4060
f 4053 4062 4061
f 4054 4063 4062
f 4055 4064 4063
f 4056 4065 4064
f 4057 4066 4065
f 4058 4067 4066
f 4059 4068 4067
f 4060 4061 4069
f 4061 4070 4069
f 4061 4062 4070
f 4062 4071 4070
f 4062 4063 4071
f 4063 4072 4071
f 4063 4064 4072
f 4064 4073 4072
f 4064 4065 4073
f 4065 4074 4073
f 4065 4066 4074
f 4066 4075 4074
f 4066 4067 4075
f 4067 4076 4075
f 4067 4068 4076
f 4068 4077 4076
f 4069 4070 4078
f 4070 4079 4078
f 4070 4071 4079
f 4071 4080 4079
f 4071 4072 4080
f 4072 4081 4080
f 4072 4073 4081
f 4073 4082 4081
f 4073 4074 4082
f 4074 4083 4082
f 4074 4075 4083
f 4075 4084 4083
f 4075 4076 4084
f 4076 4085 4084
f 4076 4077 4085
f 4077 4086 4085
f 4078 4079 4087
f 4079 4088 4087
f 4079 4080 4088
f 4080 4089 4088
f 4080 4081 4089
f 4081 4090 4089
f 4081 4082 4090
f 4082 4091 4090
f 4082 4083 4091
f 4083 4092 4091
f 4083 4084 4092
f 4084 4093 4092
f 4084 4085 4093
f 4085 4094 4093
f 4085 4086 4094
f 4086 4095 4094
f 4087 4088 4096
f 4088 4089 4097
f 4089 4090 4098
f 4090 4091 4099
f 4091 4092 4100
f 4092 4093 4101
f 4093 4094 4102
f 4094 4095 4103
usemtl pebble_1
f 4106 4115 4114
f 4107 4116 4115
f 4108 4117 4116
f 4109 4118 4117
f 4110 4119 4118
f 4111 4120 4119
f 4112 4121 4120
f 4113 4122 4121
f 4114 4115 4123
f 4115 4124 4123
f 4115 4116 4124
f 4116 4125 4124
f 4116 4117 4125
f 4117 4126 4125
f 4117 4118 4126
f 4118 4127 4126
f 4118 4119 4127
f 4119 4128 4127
f 4119 4120 4128
f 4120 4129 4128
f 4120 4121 4129
f 4121 4130 4129
f 4121 4122 4130
f 4122 4131 4130
f 4123 4124 4132
f 4124 4133 4132
f 4124 4125 4133
f 4125 4134 4133
f 4125 4126 4134
f 4126 4135 4134
f 4126 4127 4135
f 4127 4136 4135
f 4127 4128 4136
f 4128 4137 4136
f 4128 4129 4137
f 4129 4138 4137
f 4129 4130 4138
f 4130 4139 4138
f 4130 4131 4139
f 4131 4140 4139
f 4132 4133 4141
f 4133 4142 4141
f 4133 4134 4142
f 4134 4143 4142
f 4134 4135 4143
f 4135 4144 4143
f 4135 4136 4144
f 4136 4145 4144
f 4136 4137 4145
f 4137 4146 4145
f 4137 4138 4146
f 4138 4147 4146
f 4138 4139 4147
f 4139 4148 4147
f 4139 4140 4148
f 4140 4149 4148
f 4141 4142 4150
f 4142 4143 4151
f 4143 4144 4152
f 4144 4145 4153
f 4145 4146 4154
f 4146 4147 4155
f 4147 4148 4156
f 4148 4149 4157
usemtl pebble_3
f 4160 4169 4168
f 4161 4170 4169
f 4162 4171 4170
f 4163 4172 4171
f 4164 4173 4172
f 4165 4174 4173
f 4166 4175 4174
f 4167 4176 4175
f 4168 4169 4177
f 4169 4178 4177
f 4169 4170 4178
f 4170 4179 4178
f 4170 4171 4179
f 4171 4180 4179
f 4171 4172 4180
f 4172 4181 4180
f 4172 4173 4181
f 4173 4182 4181
f 4173 4174 4182
f 4174 4183 4182
f 4174 4175 4183
f 4175 4184 4183
f 4175 4176 4184
f 4176 4185 4184
f 4177 4178 4186
f 4178 4187 4186
f 4178 4179 4187
f 4179 4188 4187
f 4179 4180 4188
f 4180 4189 4188
f 4180 4181 4189
f 4181 4190 4189
f 4181 4182 4190
f 4182 4191 4190
f 4182 4183 4191
f 4183 4192 4191
f 4183 4184 4192
f 4184 4193 4192
f 4184 4185 4193
f 4185 4194 4193
f 4186 4187 4195
f 4187 4196 4195
f 4187 4188 4196
f 4188 4197 4196
f 4188 4189 4197
f 4189 4198 4197
f 4189 4190 4198
f 4190 4199 4198
f 4190 4191 4199
f 4191 4200 4199
f 4191 4192 4200
f 4192 4201 4200
f 4192 4193 4201
f 4193 4202 4201
f 4193 4194 4202
f 4194 4203 4202
f 4195 4196 4204
f 4196 4197 4205
f 4197 4198 4206
f 4198 4199 4207
f 4199 4200 4208
f 4200 4201 4209
f 4201 4202 4210
f 4202 4203 4211
f 4214 4223 4222
f 4215 4224 4223
f 4216 4225 4224
f 4217 4226 4225
f 4218 4227 4226
f 4219 4228 4227
f 4220 4229 4228
f 4221 4230 4229
f 4222 4223 4231
f 4223 4232 4231
f 4223 4224 4232
f 4224 4233 4232
f 4224 4225 4233
f 4225 4234 4233
f 4225 4226 4234
f 4226 4235 4234
f 4226 4227 4235
f 4227 4236 4235
f 4227 4228 4236
f 4228 4237 4236
f 4228 4229 4237
f 4229 4238 4237
f 4229 4230 4238
f 4230 4239 4238
f 4231 4232 4240
f 4232 4241 4240
f 4232 4233 4241
f 4233 4242 4241
f 4233 4234 4242
f 4234 4243 4242
f 4234 4235 4243
f 4235 4244 4243
f 4235 4236 4244
f 4236 4245 4244
f 4236 4237 4245
f 4237 4246 4245
f 4237 4238 4246
f 4238 4247 4246
f 4238 4239 4247
f 4239 4248 4247
f 4240 4241 4249
f 4241 4250 4249
f 4241 4242 4250
f 4242 4251 4250
f 4242 4243 4251
f 4243 4252 4251
f 4243 4244 4252
f 4244 4253 4252
f 4244 4245 4253
f 4245 4254 4253
f 4245 4246 4254
f 4246 4255 4254
f 4246 4247 4255
f 4247 4256 4255
f 4247 4248 4256
f 4248 4257 4256
f 4249 4250 4258
f 4250 4251 4259
f 4251 4252 4260
f 4252 4253 4261
f 4253 4254 4262
f 4254 4255 4263
f 4255 4256 4264
f 4256 4257 4265
f 4268 4277 4276
f 4269 4278 4277
f 4270 4279 4278
f 4271 4280 4279
f 4272 4281 4280
f 4273 4282 4281
f 4274 4283 4282
f 4275 4284 4283
f 4276 4277 4285
f 4277 4286 4285
f 4277 4278 4286
f 4278 4287 4286
f 4278 4279 4287
f 4279 4288 4287
f 4279 4280 4288
f 4280 4289 4288
f 4280 4281 4289
f 4281 4290 4289
f 4281 4282 4290
f 4282 4291 4290
f 4282 4283 4291
f 4283 4292 4291
f 4283 4284 4292
f 4284 4293 4292
f 4285 4286 4294
f 4286 4295 4294
f 4286 4287 4295
f 4287 4296 4295
f 4287 4288 4296
f 4288 4297 4296
f 4288 4289 4297
f 4289 4298 4297
f 4289 4290 4298
f 4290 4299 4298
f 4290 4291 4299
f 4291 4300 4299
f 4291 4292 4300
f 4292 4301 4300
f 4292 4293 4301
f 4293 4302 4301
f 4294 4295 4303
f 4295 4304 4303
f 4295 4296 4304
f 4296 4305 4304
f 4296 4297 4305
f 4297 4306 4305
f 4297 4298 4306
f 4298 4307 4306
f 4298 4299 4307
f 4299 4308 4307
f 4299 4300 4308
f 4300 4309 4308
f 4300 4301 4309
f 4301 4310 4309
f 4301 4302 4310
f 4302 4311 4310
f 4303 4304 4312
f 4304 4305 4313
f 4305 4306 4314
f 4306 4307 4315
f 4307 4308 4316
f 4308 4309 4317
f 4309 4310 4318
f 4310 4311 4319
f 4322 4331 4330
f 4323 4332 4331
f 4324 4333 4332
f 4325 4334 4333
f 4326 4335 4334
f 4327 4336 4335
f 4328 4337 4336
f 4329 4338 4337
f 4330 4331 4339
f 4331 4340 4339
f 4331 4332 4340
f 4332 4341 4340
f 4332 4333 4341
f 4333 4342 4341
f 4333 4334 4342
f 4334 4343 4342
f 4334 4335 4343
f 4335 4344 4343
f 4335 4336 4344
f 4336 4345 4344
f 4336 4337 4345
f 4337 4346 4345
f 4337 4338 4346
f 4338 4347 4346
f 4339 4340 4348
f 4340 4349 4348
f 4340 4341 4349
f 4341 4350 4349
f 4341 4342 4350
f 4342 4351 4350
f 4342 4343 4351
f 4343 4352 4351
f 4343 4344 4352
f 4344 4353 4352
f 4344 4345 4353
f 4345 4354 4353
f 4345 4346 4354
f 4346 4355 4354
f 4346 4347 4355
f 4347 4356 4355
f 4348 4349 4357
f 4349 4358 4357
f 4349 4350 4358
f 4350 4359 4358
f 4350 4351 4359
f 4351 4360 4359
f 4351 4352 4360
f 4352 4361 4360
f 4352 4353 4361
f 4353 4362 4361
f 4353 4354 4362
f 4354 4363 4362
f 4354 4355 4363
f 4355 4364 4363
f 4355 4356 4364
f 4356 4365 4364
f 4357 4358 4366
f 4358 4359 4367
f 4359 4360 4368
f 4360 4361 4369
f 4361 4362 4370
f 4362 4363 4371
f 4363 4364 4372
f 4364 4365 4373
usemtl pebble_1
f 4376 4385 4384
f 4377 4386 4385
f 4378 4387 4386
f 4379 4388 4387
f 4380 4389 4388
f 4381 4390 4389
f 4382 4391 4390
f 4383 4392 4391
f 4384 4385 4393
f 4385 4394 4393
f 4385 4386 4394
f 4386 4395 4394
f 4386 4387 4395
f 4387 4396 4395
f 4387 4388 4396
f 4388 4397 4396
f 4388 4389 4397
f 4389 4398 4397
f 4389 4390 4398
f 4390 4399 4398
f 4390 4391 4399
f 4391 4400 4399
f 4391 4392 4400
f 4392 4401 4400
f 4393 4394 4402
f 4394 4403 4402
f 4394 4395 4403
f 4395 4404 4403
f 4395 4396 4404
f 4396 4405 4404
f 4396 4397 4405
f 4397 4406 4405
f 4397 4398 4406
f 4398 4407 4406
f 4398 4399 4407
f 4399 4408 4407
f 4399 4400 4408
f 4400 4409 4408
f 4400 4401 4409
f 4401 4410 4409
f 4402 4403 4411
f 4403 4412 4411
f 4403 4404 4412
f 4404 4413 4412
f 4404 4405 4413
f 4405 4414 4413
f 4405 4406 4414
f 4406 4415 4414
f 4406 4407 4415
f 4407 4416 4415
f 4407 4408 4416
f 4408 4417 4416
f 4408 4409 4417
f 4409 4418 4417
f 4409 4410 4418
f 4410 4419 4418
f 4411 4412 4420
f 4412 4413 4421
f 4413 4414 4422
f 4414 4415 4423
f 4415 4416 4424
f 4416 4417 4425
f 4417 4418 4426
f 4418 4419 4427
usemtl pebble_0
f 4430 4439 4438
f 4431 4440 4439
f 4432 4441 4440
f 4433 4442 4441
f 4434 4443 4442
f 4435 4444 4443
f 4436 4445 4444
f 4437 4446 4445
f 4438 4439 4447
f 4439 4448 4447
f 4439 4440 4448
f 4440 4449 4448
f 4440 4441 4449
f 4441 4450 4449
f 4441 4442 4450
f 4442 4451 4450
f 4442 4443 4451
f 4443 4452 4451
f 4443 4444 4452
f 4444 4453 4452
f 4444 4445 4453
f 4445 4454 4453
f 4445 4446 4454
f 4446 4455 4454
f 4447 4448 4456
f 4448 4457 4456
f 4448 4449 4457
f 4449 4458 4457
f 4449 4450 4458
f 4450 4459 4458
f 4450 4451 4459
f 4451 4460 4459
f 4451 4452 4460
f 4452 4461 4460
f 4452 4453 4461
f 4453 4462 4461
f 4453 4454 4462
f 4454 4463 4462
f 4454 4455 4463
f 4455 4464 4463
f 4456 4457 4465
f 4457 4466 4465
f 4457 4458 4466
f 4458 4467 4466
f 4458 4459 4467
f 4459 4468 4467
f 4459 4460 4468
f 4460 4469 4468
f 4460 4461 4469
f 4461 4470 4469
f 4461 4462 4470
f 4462 4471 4470
f 4462 4463 4471
f 4463 4472 4471
f 4463 4464 4472
f 4464 4473 4472
f 4465 4466 4474
f 4466 4467 4475
f 4467 4468 4476
f 4468 4469 4477
f 4469 4470 4478
f 4470 4471 4479
f 4471 4472 4480
f 4472 4473 4481
f 4484 4493 4492
f 4485 4494 4493
f 4486 4495 4494
f 4487 4496 4495
f 4488 4497 4496
f 4489 4498 4497
f 4490 4499 4498
f 4491 4500 4499
f 4492 4493 4501
f 4493 4502 4501
f 4493 4494 4502
f 4494 4503 4502
f 4494 4495 4503
f 4495 4504 4503
f 4495 4496 4504
f 4496 4505 4504
f 4496 4497 4505
f 4497 4506 4505
f 4497 4498 4506
f 4498 4507 4506
f 4498 4499 4507
f 4499 4508 4507
f 4499 4500 4508
f 4500 4509 4508
f 4501 4502 4510
f 4502 4511 4510
f 4502 4503 4511
f 4503 4512 4511
f 4503 4504 4512
f 4504 4513 4512
f 4504 4505 4513
f 4505 4514 4513
f 4505 4506 4514
f 4506 4515 4514
f 4506 4507 4515
f 4507 4516 4515
f 4507 4508 4516
f 4508 4517 4516
f 4508 4509 4517
f 4509 4518 4517
f 4510 4511 4519
f 4511 4520 4519
f 4511 4512 4520
f 4512 4521 4520
f 4512 4513 4521
f 4513 4522 4521
f 4513 4514 4522
f 4514 4523 4522
f 4514 4515 4523
f 4515 4524 4523
f 4515 4516 4524
f 4516 4525 4524
f 4516 4517 4525
f 4517 4526 4525
f 4517 4518 4526
f 4518 4527 4526
f 4519 4520 4528
f 4520 4521 4529
f 4521 4522 4530
f 4522 4523 4531
f 4523 4524 4532
f 4524 4525 4533
f 4525 4526 4534
f 4526 4527 4535
usemtl pebble_1
f 4538 4547 4546
f 4539 4548 4547
f 4540 4549 4548
f 4541 4550 4549
f 4542 4551 4550
f 4543 4552 4551
f 4544 4553 4552
f 4545 4554 4553
f 4546 4547 4555
f 4547 4556 4555
f 4547 4548 4556
f 4548 4557 4556
f 4548 4549 4557
f 4549 4558 4557
f 4549 4550 4558
f 4550 4559 4558
f 4550 4551 4559
f 4551 4560 4559
f 4551 4552 4560
f 4552 4561 4560
f 4552 4553 4561
f 4553 4562 4561
f 4553 4554 4562
f 4554 4563 4562
f 4555 4556 4564
f 4556 4565 4564
f 4556 4557 4565
f 4557 4566 4565
f 4557 4558 4566
f 4558 4567 4566
f 4558 4559 4567
f 4559 4568 4567
f 4559 4560 4568
f 4560 4569 4568
f 4560 4561 4569
f 4561 4570 4569
f 4561 4562 4570
f 4562 4571 4570
f 4562 4563 4571
f 4563 4572 4571
f 4564 4565 4573
f 4565 4574 4573
f 4565 4566 4574
f 4566 4575 4574
f 4566 4567 4575
f 4567 4576 4575
f 4567 4568 4576
f 4568 4577 4576
f 4568 4569 4577
f 4569 4578 4577
f 4569 4570 4578
f 4570 4579 4578
f 4570 4571 4579
f 4571 4580 4579
f 4571 4572 4580
f 4572 4581 4580
f 4573 4574 4582
f 4574 4575 4583
f 4575 4576 4584
f 4576 4577 4585
f 4577 4578 4586
f 4578 4579 4587
f 4579 4580 4588
f 4580 4581 4589
usemtl pebble_0
f 4592 4601 4600
f 4593 4602 4601
f 4594 4603 4602
f 4595 4604 4603
f 4596 4605 4604
f 4597 4606 4605
f 4598 4607 4606
f 4599 4608 4607
f 4600 4601 4609
f 4601 4610 4609
f 4601 4602 4610
f 4602 4611 4610
f 4602 4603 4611
f 4603 4612 4611
f 4603 4604 4612
f 4604 4613 4612
f 4604 4605 4613
f 4605 4614 4613
f 4605 4606 4614
f 4606 4615 4614
f 4606 4607 4615
f 4607 4616 4615
f 4607 4608 4616
f 4608 4617 4616
f 4609 4610 4618
f 4610 4619 4618
f 4610 4611 4619
f 4611 4620 4619
f 4611 4612 4620
f 4612 4621 4620
f 4612 4613 4621
f 4613 4622 4621
f 4613 4614 4622
f 4614 4623 4622
f 4614 4615 4623
f 4615 4624 4623
f 4615 4616 4624
f 4616 4625 4624
f 4616 4617 4625
f 4617 4626 4625
f 4618 4619 4627
f 4619 4628 4627
f 4619 4620 4628
f 4620 4629 4628
f 4620 4621 4629
f 4621 4630 4629
f 4621 4622 4630
f 4622 4631 4630
f 4622 4623 4631
f 4623 4632 4631
f 4623 4624 4632
f 4624 4633 4632
f 4624 4625 4633
f 4625 4634 4633
f 4625 4626 4634
f 4626 4635 4634
f 4627 4628 4636
f 4628 4629 4637
f 4629 4630 4638
f 4630 4631 4639
f 4631 4632 4640
f 4632 4633 4641
f 4633 4634 4642
f 4634 4635 4643
f 4646 4655 4654
f 4647 4656 4655
f 4648 4657 4656
f 4649 4658 4657
f 4650 4659 4658
f 4651 4660 4659
f 4652 4661 4660
f 4653 4662 4661
f 4654 4655 4663
f 4655 4664 4663
f 4655 4656 4664
f 4656 4665 4664
f 4656 4657 4665
f 4657 4666 4665
f 4657 4658 4666
f 4658 4667 4666
f 4658 4659 4667
f 4659 4668 4667
f 4659 4660 4668
f 4660 4669 4668
f 4660 4661 4669
f 4661 4670 4669
f 4661 4662 4670
f 4662 4671 4670
f 4663 4664 4672
f 4664 4673 4672
f 4664 4665 4673
f 4665 4674 4673
f 4665 4666 4674
f 4666 4675 4674
f 4666 4667 4675
f 4667 4676 4675
f 4667 4668 4676
f 4668 4677 4676
f 4668 4669 4677
f 4669 4678 4677
f 4669 4670 4678
f 4670 4679 4678
f 4670 4671 4679
f 4671 4680 4679
f 4672 4673 4681
f 4673 4682 4681
f 4673 4674 4682
f 4674 4683 4682
f 4674 4675 4683
f 4675 4684 4683
f 4675 4676 4684
f 4676 4685 4684
f 4676 4677 4685
f 4677 4686 4685
f 4677 4678 4686
f 4678 4687 4686
f 4678 4679 4687
f 4679 4688 4687
f 4679 4680 4688
f 4680 4689 4688
f 4681 4682 4690
f 4682 4683 4691
f 4683 4684 4692
f 4684 4685 4693
f 4685 4686 4694
f 4686 4687 4695
f 4687 4688 4696
f 4688 4689 4697
usemtl pebble_3
f 4700 4709 4708
f 4701 4710 4709
f 4702 4711 4710
f 4703 4712 4711
f 4704 4713 4712
f 4705 4714 4713
f 4706 4715 4714
f 4707 4716 4715
f 4708 4709 4717
f 4709 4718 4717
f 4709 4710 4718
f 4710 4719 4718
f 4710 4711 4719
f 4711 4720 4719
f 4711 4712 4720
f 4712 4721 4720
f 4712 4713 4721
f 4713 4722 4721
f 4713 4714 4722
f 4714 4723 4722
f 4714 4715 4723
f 4715 4724 4723
f 4715 4716 4724
f 4716 4725 4724
f 4717 4718 4726
f 4718 4727 4726
f 4718 4719 4727
f 4719 4728 4727
f 4719 4720 4728
f 4720 4729 4728
f 4720 4721 4729
f 4721 4730 4729
f 4721 4722 4730
f 4722 4731 4730
f 4722 4723 4731
f 4723 4732 4731
f 4723 4724 4732
f 4724 4733 4732
f 4724 4725 4733
f 4725 4734 4733
f 4726 4727 4735
f 4727 4736 4735
f 4727 4728 4736
f 4728 4737 4736
f 4728 4729 4737
f 4729 4738 4737
f 4729 4730 4738
f 4730 4739 4738
f 4730 4731 4739
f 4731 4740 4739
f 4731 4732 4740
f 4732 4741 4740
f 4732 4733 4741
f 4733 4742 4741
f 4733 4734 4742
f 4734 4743 4742
f 4735 4736 4744
f 4736 4737 4745
f 4737 4738 4746
f 4738 4739 4747
f 4739 4740 4748
f 4740 4741 4749
f 4741 4742 4750
f 4742 4743 4751
usemtl pebble_2
f 4754 4763 4762
f 4755 4764 4763
f 4756 4765 4764
f 4757 4766 4765
f 4758 4767 4766
f 4759 4768 4767
f 4760 4769 4768
f 4761 4770 4769
f 4762 4763 4771
f 4763 4772 4771
f 4763 4764 4772
f 4764 4773 4772
f 4764 4765 4773
f 4765 4774 4773
f 4765 4766 4774
f 4766 4775 4774
f 4766 4767 4775
f 4767 4776 4775
f 4767 4768 4776
f 4768 4777 4776
f 4768 4769 4777
f 4769 4778 4777
f 4769 4770 4778
f 4770 4779 4778
f 4771 4772 4780
f 4772 4781 4780
f 4772 4773 4781
f 4773 4782 4781
f 4773 4774 4782
f 4774 4783 4782
f 4774 4775 4783
f 4775 4784 4783
f 4775 4776 4784
f 4776 4785 4784
f 4776 4777 4785
f 4777 4786 4785
f 4777 4778 4786
f 4778 4787 4786
f 4778 4779 4787
f 4779 4788 4787
f 4780 4781 4789
f 4781 4790 4789
f 4781 4782 4790
f 4782 4791 4790
f 4782 4783 4791
f 4783 4792 4791
f 4783 4784 4792
f 4784 4793 4792
f 4784 4785 4793
f 4785 4794 4793
f 4785 4786 4794
f 4786 4795 4794
f 4786 4787 4795
f 4787 4796 4795
f 4787 4788 4796
f 4788 4797 4796
f 4789 4790 4798
f 4790 4791 4799
f 4791 4792 4800
f 4792 4793 4801
f 4793 4794 4802
f 4794 4795 4803
f 4795 4796 4804
f 4796 4797 4805
usemtl pebble_1
f 4808 4817 4816
f 4809 4818 4817
f 4810 4819 4818
f 4811 4820 4819
f 4812 4821 4820
f 4813 4822 4821
f 4814 4823 4822
f 4815 4824 4823
f 4816 4817 4825
f 4817 4826 4825
f 4817 4818 4826
f 4818 4827 4826
f 4818 4819 4827
f 4819 4828 4827
f 4819 4820 4828
f 4820 4829 4828
f 4820 4821 4829
f 4821 4830 4829
f 4821 4822 4830
f 4822 4831 4830
f 4822 4823 4831
f 4823 4832 4831
f 4823 4824 4832
f 4824 4833 4832
f 4825 4826 4834
f 4826 4835 4834
f 4826 4827 4835
f 4827 4836 4835
f 4827 4828 4836
f 4828 4837 4836
f 4828 4829 4837
f 4829 4838 4837
f 4829 4830 4838
f 4830 4839 4838
f 4830 4831 4839
f 4831 4840 4839
f 4831 4832 4840
f 4832 4841 4840
f 4832 4833 4841
f 4833 4842 4841
f 4834 4835 4843
f 4835 4844 4843
f 4835 4836 4844
f 4836 4845 4844
f 4836 4837 4845
f 4837 4846 4845
f 4837 4838 4846
f 4838 4847 4846
f 4838 4839 4847
f 4839 4848 4847
f 4839 4840 4848
f 4840 4849 4848
f 4840 4841 4849
f 4841 4850 4849
f 4841 4842 4850
f 4842 4851 4850
f 4843 4844 4852
f 4844 4845 4853
f 4845 4846 4854
f 4846 4847 4855
f 4847 4848 4856
f 4848 4849 4857
f 4849 4850 4858
f 4850 4851 4859
f 4862 4871 4870
f 4863 4872 4871
f 4864 4873 4872
f 4865 4874 4873
f 4866 4875 4874
f 4867 4876 4875
f 4868 4877 4876
f 4869 4878 4877
f 4870 4871 4879
f 4871 4880 4879
f 4871 4872 4880
f 4872 4881 4880
f 4872 4873 4881
f 4873 4882 4881
f 4873 4874 4882
f 4874 4883 4882
f 4874 4875 4883
f 4875 4884 4883
f 4875 4876 4884
f 4876 4885 4884
f 4876 4877 4885
f 4877 4886 4885
f 4877 4878 4886
f 4878 4887 4886
f 4879 4880 4888
f 4880 4889 4888
f 4880 4881 4889
f 4881 4890 4889
f 4881 4882 4890
f 4882 4891 4890
f 4882 4883 4891
f 4883 4892 4891
f 4883 4884 4892
f 4884 4893 4892
f 4884 4885 4893
f 4885 4894 4893
f 4885 4886 4894
f 4886 4895 4894
f 4886 4887 4895
f 4887 4896 4895
f 4888 4889 4897
f 4889 4898 4897
f 4889 4890 4898
f 4890 4899 4898
f 4890 4891 4899
f 4891 4900 4899
f 4891 4892 4900
f 4892 4901 4900
f 4892 4893 4901
f 4893 4902 4901
f 4893 4894 4902
f 4894 4903 4902
f 4894 4895 4903
f 4895 4904 4903
f 4895 4896 4904
f 4896 4905 4904
f 4897 4898 4906
f 4898 4899 4907
f 4899 4900 4908
f 4900 4901 4909
f 4901 4902 4910
f 4902 4903 4911
f 4903 4904 4912
f 4904 4905 4913
f 4916 4925 4924
f 4917 4926 4925
f 4918 4927 4926
f 4919 4928 4927
f 4920 4929 4928
f 4921 4930 4929
f 4922 4931 4930
f 4923 4932 4931
f 4924 4925 4933
f 4925 4934 4933
f 4925 4926 4934
f 4926 4935 4934
f 4926 4927 4935
f 4927 4936 4935
f 4927 4928 4936
f 4928 4937 4936
f 4928 4929 4937
f 4929 4938 4937
f 4929 4930 4938
f 4930 4939 4938
f 4930 4931 4939
f 4931 4940 4939
f 4931 4932 4940
f 4932 4941 4940
f 4933 4934 4942
f 4934 4943 4942
f 4934 4935 4943
f 4935 4944 4943
f 4935 4936 4944
f 4936 4945 4944
f 4936 4937 4945
f 4937 4946 4945
f 4937 4938 4946
f 4938 4947 4946
f 4938 4939 4947
f 4939 4948 4947
f 4939 4940 4948
f 4940 4949 4948
f 4940 4941 4949
f 4941 4950 4949
f 4942 4943 4951
f 4943 4952 4951
f 4943 4944 4952
f 4944 4953 4952
f 4944 4945 4953
f 4945 4954 4953
f 4945 4946 4954
f 4946 4955 4954
f 4946 4947 4955
f 4947 4956 4955
f 4947 4948 4956
f 4948 4957 4956
f 4948 4949 4957
f 4949 4958 4957
f 4949 4950 4958
f 4950 4959 4958
f 4951 4952 4960
f 4952 4953 4961
f 4953 4954 4962
f 4954 4955 4963
f 4955 4956 4964
f 4956 4957 4965
f 4957 4958 4966
f 4958 4959 4967
usemtl pebble_0
f 4970 4979 4978
f 4971 4980 4979
f 4972 4981 4980
f 4973 4982 4981
f 4974 4983 4982
f 4975 4984 4983
f 4976 4985 4984
f 4977 4986 4985
f 4978 4979 4987
f 4979 4988 4987
f 4979 4980 4988
f 4980 4989 4988
f 4980 4981 4989
f 4981 4990 4989
f 4981 4982 4990
f 4982 4991 4990
f 4982 4983 4991
f 4983 4992 4991
f 4983 4984 4992
f 4984 4993 4992
f 4984 4985 4993
f 4985 4994 4993
f 4985 4986 4994
f 4986 4995 4994
f 4987 4988 4996
f 4988 4997 4996
f 4988 4989 4997
f 4989 4998 4997
f 4989 4990 4998
f 4990 4999 4998
f 4990 4991 4999
f 4991 5000 4999
f 4991 4992 5000
f 4992 5001 5000
f 4992 4993 5001
f 4993 5002 5001
f 4993 4994 5002
f 4994 5003 5002
f 4994 4995 5003
f 4995 5004 5003
f 4996 4997 5005
f 4997 5006 5005
f 4997 4998 5006
f 4998 5007 5006
f 4998 4999 5007
f 4999 5008 5007
f 4999 5000 5008
f 5000 5009 5008
f 5000 5001 5009
f 5001 5010 5009
f 5001 5002 5010
f 5002 5011 5010
f 5002 5003 5011
f 5003 5012 5011
f 5003 5004 5012
f 5004 5013 5012
f 5005 5006 5014
f 5006 5007 5015
f 5007 5008 5016
f 5008 5009 5017
f 5009 5010 5018
f 5010 5011 5019
f 5011 5012 5020
f 5012 5013 5021
usemtl pebble_2
f 5024 5033 5032
f 5025 5034 5033
f 5026 5035 5034
f 5027 5036 5035
f 5028 5037 5036
f 5029 5038 5037
f 5030 5039 5038
f 5031 5040 5039
f 5032 5033 5041
f 5033 5042 5041
f 5033 5034 5042
f 5034 5043 5042
f 5034 5035 5043
f 5035 5044 5043
f 5035 5036 5044
f 5036 5045 5044
f 5036 5037 5045
f 5037 5046 5045
f 5037 5038 5046
f 5038 5047 5046
f 5038 5039 5047
f 5039 5048 5047
f 5039 5040 5048
f 5040 5049 5048
f 5041 5042 5050
f 5042 5051 5050
f 5042 5043 5051
f 5043 5052 5051
f 5043 5044 5052
f 5044 5053 5052
f 5044 5045 5053
f 5045 5054 5053
f 5045 5046 5054
f 5046 5055 5054
f 5046 5047 5055
f 5047 5056 5055
f 5047 5048 5056
f 5048 5057 5056
f 5048 5049 5057
f 5049 5058 5057
f 5050 5051 5059
f 5051 5060 5059
f 5051 5052 5060
f 5052 5061 5060
f 5052 5053 5061
f 5053 5062 5061
f 5053 5054 5062
f 5054 5063 5062
f 5054 5055 5063
f 5055 5064 5063
f 5055 5056 5064
f 5056 5065 5064
f 5056 5057 5065
f 5057 5066 5065
f 5057 5058 5066
f 5058 5067 5066
f 5059 5060 5068
f 5060 5061 5069
f 5061 5062 5070
f 5062 5063 5071
f 5063 5064 5072
f 5064 5065 5073
f 5065 5066 5074
f 5066 5067 5075
f 5078 5087 5086
f 5079 5088 5087
f 5080 5089 5088
f 5081 5090 5089
f 5082 5091 5090
f 5083 5092 5091
f 5084 5093 5092
f 5085 5094 5093
f 5086 5087 5095
f 5087 5096 5095
f 5087 5088 5096
f 5088 5097 5096
f 5088 5089 5097
f 5089 5098 5097
f 5089 5090 5098
f 5090 5099 5098
f 5090 5091 5099
f 5091 5100 5099
f 5091 5092 5100
f 5092 5101 5100
f 5092 5093 5101
f 5093 5102 5101
f 5093 5094 5102
f 5094 5103 5102
f 5095 5096 5104
f 5096 5105 5104
f 5096 5097 5105
f 5097 5106 5105
f 5097 5098 5106
f 5098 5107 5106
f 5098 5099 5107
f 5099 5108 5107
f 5099 5100 5108
f 5100 5109 5108
f 5100 5101 5109
f 5101 5110 5109
f 5101 5102 5110
f 5102 5111 5110
f 5102 5103 5111
f 5103 5112 5111
f 5104 5105 5113
f 5105 5114 5113
f 5105 5106 5114
f 5106 5115 5114
f 5106 5107 5115
f 5107 5116 5115
f 5107 5108 5116
f 5108 5117 5116
f 5108 5109 5117
f 5109 5118 5117
f 5109 5110 5118
f 5110 5119 5118
f 5110 5111 5119
f 5111 5120 5119
f 5111 5112 5120
f 5112 5121 5120
f 5113 5114 5122
f 5114 5115 5123
f 5115 5116 5124
f 5116 5117 5125
f 5117 5118 5126
f 5118 5119 5127
f 5119 5120 5128
f 5120 5121 5129
usemtl pebble_1
f 5132 5141 5140
f 5133 5142 5141
f 5134 5143 5142
f 5135 5144 5143
f 5136 5145 5144
f 5137 5146 5145
f 5138 5147 5146
f 5139 5148 5147
f 5140 5141 5149
f 5141 5150 5149
f 5141 5142 5150
f 5142 5151 5150
f 5142 5143 5151
f 5143 5152 5151
f 5143 5144 5152
f 5144 5153 5152
f 5144 5145 5153
f 5145 5154 5153
f 5145 5146 5154
f 5146 5155 5154
f 5146 5147 5155
f 5147 5156 5155
f 5147 5148 5156
f 5148 5157 5156
f 5149 5150 5158
f 5150 5159 5158
f 5150 5151 5159
f 5151 5160 5159
f 5151 5152 5160
f 5152 5161 5160
f 5152 5153 5161
f 5153 5162 5161
f 5153 5154 5162
f 5154 5163 5162
f 5154 5155 5163
f 5155 5164 5163
f 5155 5156 5164
f 5156 5165 5164
f 5156 5157 5165
f 5157 5166 5165
f 5158 5159 5167
f 5159 5168 5167
f 5159 5160 5168
f 5160 5169 5168
f 5160 5161 5169
f 5161 5170 5169
f 5161 5162 5170
f 5162 5171 5170
f 5162 5163 5171
f 5163 5172 5171
f 5163 5164 5172
f 5164 5173 5172
f 5164 5165 5173
f 5165 5174 5173
f 5165 5166 5174
f 5166 5175 5174
f 5167 5168 5176
f 5168 5169 5177
f 5169 5170 5178
f 5170 5171 5179
f 5171 5172 5180
f 5172 5173 5181
f 5173 5174 5182
f 5174 5175 5183
usemtl pebble_3
f 5186 5195 5194
f 5187 5196 5195
f 5188 5197 5196
f 5189 5198 5197
f 5190 5199 5198
f 5191 5200 5199
f 5192 5201 5200
f 5193 5202 5201
f 5194 5195 5203
f 5195 5204 5203
f 5195 5196 5204
f 5196 5205 5204
f 5196 5197 5205
f 5197 5206 5205
f 5197 5198 5206
f 5198 5207 5206
f 5198 5199 5207
f 5199 5208 5207
f 5199 5200 5208
f 5200 5209 5208
f 5200 5201 5209
f 5201 5210 5209
f 5201 5202 5210
f 5202 5211 5210
f 5203 5204 5212
f 5204 5213 5212
f 5204 5205 5213
f 5205 5214 5213
f 5205 5206 5214
f 5206 5215 5214
f 5206 5207 5215
f 5207 5216 5215
f 5207 5208 5216
f 5208 5217 5216
f 5208 5209 5217
f 5209 5218 5217
f 5209 5210 5218
f 5210 5219 5218
f 5210 5211 5219
f 5211 5220 5219
f 5212 5213 5221
f 5213 5222 5221
f 5213 5214 5222
f 5214 5223 5222
f 5214 5215 5223
f 5215 5224 5223
f 5215 5216 5224
f 5216 5225 5224
f 5216 5217 5225
f 5217 5226 5225
f 5217 5218 5226
f 5218 5227 5226
f 5218 5219 5227
f 5219 5228 5227
f 5219 5220 5228
f 5220 5229 5228
f 5221 5222 5230
f 5222 5223 5231
f 5223 5224 5232
f 5224 5225 5233
f 5225 5226 5234
f 5226 5227 5235
f 5227 5228 5236
f 5228 5229 5237
usemtl pebble_1
f 5240 5249 5248
f 5241 5250 5249
f 5242 5251 5250
f 5243 5252 5251
f 5244 5253 5252
f 5245 5254 5253
f 5246 5255 5254
f 5247 5256 5255
f 5248 5249 5257
f 5249 5258 5257
f 5249 5250 5258
f 5250 5259 5258
f 5250 5251 5259
f 5251 5260 5259
f 5251 5252 5260
f 5252 5261 5260
f 5252 5253 5261
f 5253 5262 5261
f 5253 5254 5262
f 5254 5263 5262
f 5254 5255 5263
f 5255 5264 5263
f 5255 5256 5264
f 5256 5265 5264
f 5257 5258 5266
f 5258 5267 5266
f 5258 5259 5267
f 5259 5268 5267
f 5259 5260 5268
f 5260 5269 5268
f 5260 5261 5269
f 5261 5270 5269
f 5261 5262 5270
f 5262 5271 5270
f 5262 5263 5271
f 5263 5272 5271
f 5263 5264 5272
f 5264 5273 5272
f 5264 5265 5273
f 5265 5274 5273
f 5266 5267 5275
f 5267 5276 5275
f 5267 5268 5276
f 5268 5277 5276
f 5268 5269 5277
f 5269 5278 5277
f 5269 5270 5278
f 5270 5279 5278
f 5270 5271 5279
f 5271 5280 5279
f 5271 5272 5280
f 5272 5281 5280
f 5272 5273 5281
f 5273 5282 5281
f 5273 5274 5282
f 5274 5283 5282
f 5275 5276 5284
f 5276 5277 5285
f 5277 5278 5286
f 5278 5279 5287
f 5279 5280 5288
f 5280 5281 5289
f 5281 5282 5290
f 5282 5283 5291
usemtl pebble_0
f 5294 5303 5302
f 5295 5304 5303
f 5296 5305 5304
f 5297 5306 5305
f 5298 5307 5306
f 5299 5308 5307
f 5300 5309 5308
f 5301 5310 5309
f 5302 5303 5311
f 5303 5312 5311
f 5303 5304 5312
f 5304 5313 5312
f 5304 5305 5313
f 5305 5314 5313
f 5305 5306 5314
f 5306 5315 5314
f 5306 5307 5315
f 5307 5316 5315
f 5307 5308 5316
f 5308 5317 5316
f 5308 5309 5317
f 5309 5318 5317
f 5309 5310 5318
f 5310 5319 5318
f 5311 5312 5320
f 5312 5321 5320
f 5312 5313 5321
f 5313 5322 5321
f 5313 5314 5322
f 5314 5323 5322
f 5314 5315 5323
f 5315 5324 5323
f 5315 5316 5324
f 5316 5325 5324
f 5316 5317 5325
f 5317 5326 5325
f 5317 5318 5326
f 5318 5327 5326
f 5318 5319 5327
f 5319 5328 5327
f 5320 5321 5329
f 5321 5330 5329
f 5321 5322 5330
f 5322 5331 5330
f 5322 5323 5331
f 5323 5332 5331
f 5323 5324 5332
f 5324 5333 5332
f 5324 5325 5333
f 5325 5334 5333
f 5325 5326 5334
f 5326 5335 5334
f 5326 5327 5335
f 5327 5336 5335
f 5327 5328 5336
f 5328 5337 5336
f 5329 5330 5338
f 5330 5331 5339
f 5331 5332 5340
f 5332 5333 5341
f 5333 5334 5342
f 5334 5335 5343
f 5335 5336 5344
f 5336 5337 5345
usemtl pebble_3
f 5348 5357 5356
f 5349 5358 5357
f 5350 5359 5358
f 5351 5360 5359
f 5352 5361 5360
f 5353 5362 5361
f 5354 5363 5362
f 5355 5364 5363
f 5356 5357 5365
f 5357 5366 5365
f 5357 5358 5366
f 5358 5367 5366
f 5358 5359 5367
f 5359 5368 5367
f 5359 5360 5368
f 5360 5369 5368
f 5360 5361 5369
f 5361 5370 5369
f 5361 5362 5370
f 5362 5371 5370
f 5362 5363 5371
f 5363 5372 5371
f 5363 5364 5372
f 5364 5373 5372
f 5365 5366 5374
f 5366 5375 5374
f 5366 5367 5375
f 5367 5376 5375
f 5367 5368 5376
f 5368 5377 5376
f 5368 5369 5377
f 5369 5378 5377
f 5369 5370 5378
f 5370 5379 5378
f 5370 5371 5379
f 5371 5380 5379
f 5371 5372 5380
f 5372 5381 5380
f 5372 5373 5381
f 5373 5382 5381
f 5374 5375 5383
f 5375 5384 5383
f 5375 5376 5384
f 5376 5385 5384
f 5376 5377 5385
f 5377 5386 5385
f 5377 5378 5386
f 5378 5387 5386
f 5378 5379 5387
f 5379 5388 5387
f 5379 5380 5388
f 5380 5389 5388
f 5380 5381 5389
f 5381 5390 5389
f 5381 5382 5390
f 5382 5391 5390
f 5383 5384 5392
f 5384 5385 5393
f 5385 5386 5394
f 5386 5387 5395
f 5387 5388 5396
f 5388 5389 5397
f 5389 5390 5398
f 5390 5391 5399
f 5402 5411 5410
f 5403 5412 5411
f 5404 5413 5412
f 5405 5414 5413
f 5406 5415 5414
f 5407 5416 5415
f 5408 5417 5416
f 5409 5418 5417
f 5410 5411 5419
f 5411 5420 5419
f 5411 5412 5420
f 5412 5421 5420
f 5412 5413 5421
f 5413 5422 5421
f 5413 5414 5422
f 5414 5423 5422
f 5414 5415 5423
f 5415 5424 5423
f 5415 5416 5424
f 5416 5425 5424
f 5416 5417 5425
f 5417 5426 5425
f 5417 5418 5426
f 5418 5427 5426
f 5419 5420 5428
f 5420 5429 5428
f 5420 5421 5429
f 5421 5430 5429
f 5421 5422 5430
f 5422 5431 5430
f 5422 5423 5431
f 5423 5432 5431
f 5423 5424 5432
f 5424 5433 5432
f 5424 5425 5433
f 5425 5434 5433
f 5425 5426 5434
f 5426 5435 5434
f 5426 5427 5435
f 5427 5436 5435
f 5428 5429 5437
f 5429 5438 5437
f 5429 5430 5438
f 5430 5439 5438
f 5430 5431 5439
f 5431 5440 5439
f 5431 5432 5440
f 5432 5441 5440
f 5432 5433 5441
f 5433 5442 5441
f 5433 5434 5442
f 5434 5443 5442
f 5434 5435 5443
f 5435 5444 5443
f 5435 5436 5444
f 5436 5445 5444
f 5437 5438 5446
f 5438 5439 5447
f 5439 5440 5448
f 5440 5441 5449
f 5441 5442 5450
f 5442 5443 5451
f 5443 5444 5452
f 5444 5445 5453
usemtl pebble_2
f 5456 5465 5464
f 5457 5466 5465
f 5458 5467 5466
f 5459 5468 5467
f 5460 5469 5468
f 5461 5470 5469
f 5462 5471 5470
f 5463 5472 5471
f 5464 5465 5473
f 5465 5474 5473
f 5465 5466 5474
f 5466 5475 5474
f 5466 5467 5475
f 5467 5476 5475
f 5467 5468 5476
f 5468 5477 5476
f 5468 5469 5477
f 5469 5478 5477
f 5469 5470 5478
f 5470 5479 5478
f 5470 5471 5479
f 5471 5480 5479
f 5471 5472 5480
f 5472 5481 5480
f 5473 5474 5482
f 5474 5483 5482
f 5474 5475 5483
f 5475 5484 5483
f 5475 5476 5484
f 5476 5485 5484
f 5476 5477 5485
f 5477 5486 5485
f 5477 5478 5486
f 5478 5487 5486
f 5478 5479 5487
f 5479 5488 5487
f 5479 5480 5488
f 5480 5489 5488
f 5480 5481 5489
f 5481 5490 5489
f 5482 5483 5491
f 5483 5492 5491
f 5483 5484 5492
f 5484 5493 5492
f 5484 5485 5493
f 5485 5494 5493
f 5485 5486 5494
f 5486 5495 5494
f 5486 5487 5495
f 5487 5496 5495
f 5487 5488 5496
f 5488 5497 5496
f 5488 5489 5497
f 5489 5498 5497
f 5489 5490 5498
f 5490 5499 5498
f 5491 5492 5500
f 5492 5493 5501
f 5493 5494 5502
f 5494 5495 5503
f 5495 5496 5504
f 5496 5497 5505
f 5497 5498 5506
f 5498 5499 5507
usemtl pebble_3
f 5510 5519 5518
f 5511 5520 5519
f 5512 5521 5520
f 5513 5522 5521
f 5514 5523 5522
f 5515 5524 5523
f 5516 5525 5524
f 5517 5526 5525
f 5518 5519 5527
f 5519 5528 5527
f 5519 5520 5528
f 5520 5529 5528
f 5520 5521 5529
f 5521 5530 5529
f 5521 5522 5530
f 5522 5531 5530
f 5522 5523 5531
f 5523 5532 5531
f 5523 5524 5532
f 5524 5533 5532
f 5524 5525 5533
f 5525 5534 5533
f 5525 5526 5534
f 5526 5535 5534
f 5527 5528 5536
f 5528 5537 5536
f 5528 5529 5537
f 5529 5538 5537
f 5529 5530 5538
f 5530 5539 5538
f 5530 5531 5539
f 5531 5540 5539
f 5531 5532 5540
f 5532 5541 5540
f 5532 5533 5541
f 5533 5542 5541
f 5533 5534 5542
f 5534 5543 5542
f 5534 5535 5543
f 5535 5544 5543
f 5536 5537 5545
f 5537 5546 5545
f 5537 5538 5546
f 5538 5547 5546
f 5538 5539 5547
f 5539 5548 5547
f 5539 5540 5548
f 5540 5549 5548
f 5540 5541 5549
f 5541 5550 5549
f 5541 5542 5550
f 5542 5551 5550
f 5542 5543 5551
f 5543 5552 5551
f 5543 5544 5552
f 5544 5553 5552
f 5545 5546 5554
f 5546 5547 5555
f 5547 5548 5556
f 5548 5549 5557
f 5549 5550 5558
f 5550 5551 5559
f 5551 5552 5560
f 5552 5553 5561
usemtl pebble_2
f 5564 5573 5572
f 5565 5574 5573
f 5566 5575 5574
f 5567 5576 5575
f 5568 5577 5576
f 5569 5578 5577
f 5570 5579 5578
f 5571 5580 5579
f 5572 5573 5581
f 5573 5582 5581
f 5573 5574 5582
f 5574 5583 5582
f 5574 5575 5583
f 5575 5584 5583
f 5575 5576 5584
f 5576 5585 5584
f 5576 5577 5585
f 5577 5586 5585
f 5577 5578 5586
f 5578 5587 5586
f 5578 5579 5587
f 5579 5588 5587
f 5579 5580 5588
f 5580 5589 5588
f 5581 5582 5590
f 5582 5591 5590
f 5582 5583 5591
f 5583 5592 5591
f 5583 5584 5592
f 5584 5593 5592
f 5584 5585 5593
f 5585 5594 5593
f 5585 5586 5594
f 5586 5595 5594
f 5586 5587 5595
f 5587 5596 5595
f 5587 5588 5596
f 5588 5597 5596
f 5588 5589 5597
f 5589 5598 5597
f 5590 5591 5599
f 5591 5600 5599
f 5591 5592 5600
f 5592 5601 5600
f 5592 5593 5601
f 5593 5602 5601
f 5593 5594 5602
f 5594 5603 5602
f 5594 5595 5603
f 5595 5604 5603
f 5595 5596 5604
f 5596 5605 5604
f 5596 5597 5605
f 5597 5606 5605
f 5597 5598 5606
f 5598 5607 5606
f 5599 5600 5608
f 5600 5601 5609
f 5601 5602 5610
f 5602 5603 5611
f 5603 5604 5612
f 5604 5605 5613
f 5605 5606 5614
f 5606 5607 5615
usemtl pebble_3
f 5618 5627 5626
f 5619 5628 5627
f 5620 5629 5628
f 5621 5630 5629
f 5622 5631 5630
f 5623 5632 5631
f 5624 5633 5632
f 5625 5634 5633
f 5626 5627 5635
f 5627 5636 5635
f 5627 5628 5636
f 5628 5637 5636
f 5628 5629 5637
f 5629 5638 5637
f 5629 5630 5638
f 5630 5639 5638
f 5630 5631 5639
f 5631 5640 5639
f 5631 5632 5640
f 5632 5641 5640
f 5632 5633 5641
f 5633 5642 5641
f 5633 5634 5642
f 5634 5643 5642
f 5635 5636 5644
f 5636 5645 5644
f 5636 5637 5645
f 5637 5646 5645
f 5637 5638 5646
f 5638 5647 5646
f 5638 5639 5647
f 5639 5648 5647
f 5639 5640 5648
f 5640 5649 5648
f 5640 5641 5649
f 5641 5650 5649
f 5641 5642 5650
f 5642 5651 5650
f 5642 5643 5651
f 5643 5652 5651
f 5644 5645 5653
f 5645 5654 5653
f 5645 5646 5654
f 5646 5655 5654
f 5646 5647 5655
f 5647 5656 5655
f 5647 5648 5656
f 5648 5657 5656
f 5648 5649 5657
f 5649 5658 5657
f 5649 5650 5658
f 5650 5659 5658
f 5650 5651 5659
f 5651 5660 5659
f 5651 5652 5660
f 5652 5661 5660
f 5653 5654 5662
f 5654 5655 5663
f 5655 5656 5664
f 5656 5657 5665
f 5657 5658 5666
f 5658 5659 5667
f 5659 5660 5668
f 5660 5661 5669
usemtl pebble_1
f 5672 5681 5680
f 5673 5682 5681
f 5674 5683 5682
f 5675 5684 5683
f 5676 5685 5684
f 5677 5686 5685
f 5678 5687 5686
f 5679 5688 5687
f 5680 5681 5689
f 5681 5690 5689
f 5681 5682 5690
f 5682 5691 5690
f 5682 5683 5691
f 5683 5692 5691
f 5683 5684 5692
f 5684 5693 5692
f 5684 5685 5693
f 5685 5694 5693
f 5685 5686 5694
f 5686 5695 5694
f 5686 5687 5695
f 5687 5696 5695
f 5687 5688 5696
f 5688 5697 5696
f 5689 5690 5698
f 5690 5699 5698
f 5690 5691 5699
f 5691 5700 5699
f 5691 5692 5700
f 5692 5701 5700
f 5692 5693 5701
f 5693 5702 5701
f 5693 5694 5702
f 5694 5703 5702
f 5694 5695 5703
f 5695 5704 5703
f 5695 5696 5704
f 5696 5705 5704
f 5696 5697 5705
f 5697 5706 5705
f 5698 5699 5707
f 5699 5708 5707
f 5699 5700 5708
f 5700 5709 5708
f 5700 5701 5709
f 5701 5710 5709
f 5701 5702 5710
f 5702 5711 5710
f 5702 5703 5711
f 5703 5712 5711
f 5703 5704 5712
f 5704 5713 5712
f 5704 5705 5713
f 5705 5714 5713
f 5705 5706 5714
f 5706 5715 5714
f 5707 5708 5716
f 5708 5709 5717
f 5709 5710 5718
f 5710 5711 5719
f 5711 5712 5720
f 5712 5713 5721
f 5713 5714 5722
f 5714 5715 5723
usemtl pebble_0
f 5726 5735 5734
f 5727 5736 5735
f 5728 5737 5736
f 5729 5738 5737
f 5730 5739 5738
f 5731 5740 5739
f 5732 5741 5740
f 5733 5742 5741
f 5734 5735 5743
f 5735 5744 5743
f 5735 5736 5744
f 5736 5745 5744
f 5736 5737 5745
f 5737 5746 5745
f 5737 5738 5746
f 5738 5747 5746
f 5738 5739 5747
f 5739 5748 5747
f 5739 5740 5748
f 5740 5749 5748
f 5740 5741 5749
f 5741 5750 5749
f 5741 5742 5750
f 5742 5751 5750
f 5743 5744 5752
f 5744 5753 5752
f 5744 5745 5753
f 5745 5754 5753
f 5745 5746 5754
f 5746 5755 5754
f 5746 5747 5755
f 5747 5756 5755
f 5747 5748 5756
f 5748 5757 5756
f 5748 5749 5757
f 5749 5758 5757
f 5749 5750 5758
f 5750 5759 5758
f 5750 5751 5759
f 5751 5760 5759
f 5752 5753 5761
f 5753 5762 5761
f 5753 5754 5762
f 5754 5763 5762
f 5754 5755 5763
f 5755 5764 5763
f 5755 5756 5764
f 5756 5765 5764
f 5756 5757 5765
f 5757 5766 5765
f 5757 5758 5766
f 5758 5767 5766
f 5758 5759 5767
f 5759 5768 5767
f 5759 5760 5768
f 5760 5769 5768
f 5761 5762 5770
f 5762 5763 5771
f 5763 5764 5772
f 5764 5765 5773
f 5765 5766 5774
f 5766 5767 5775
f 5767 5768 5776
f 5768 5769 5777
usemtl pebble_2
f 5780 5789 5788
f 5781 5790 5789
f 5782 5791 5790
f 5783 5792 5791
f 5784 5793 5792
f 5785 5794 5793
f 5786 5795 5794
f 5787 5796 5795
f 5788 5789 5797
f 5789 5798 5797
f 5789 5790 5798
f 5790 5799 5798
f 5790 5791 5799
f 5791 5800 5799
f 5791 5792 5800
f 5792 5801 5800
f 5792 5793 5801
f 5793 5802 5801
f 5793 5794 5802
f 5794 5803 5802
f 5794 5795 5803
f 5795 5804 5803
f 5795 5796 5804
f 5796 5805 5804
f 5797 5798 5806
f 5798 5807 5806
f 5798 5799 5807
f 5799 5808 5807
f 5799 5800 5808
f 5800 5809 5808
f 5800 5801 5809
f 5801 5810 5809
f 5801 5802 5810
f 5802 5811 5810
f 5802 5803 5811
f 5803 5812 5811
f 5803 5804 5812
f 5804 5813 5812
f 5804 5805 5813
f 5805 5814 5813
f 5806 5807 5815
f 5807 5816 5815
f 5807 5808 5816
f 5808 5817 5816
f 5808 5809 5817
f 5809 5818 5817
f 5809 5810 5818
f 5810 5819 5818
f 5810 5811 5819
f 5811 5820 5819
f 5811 5812 5820
f 5812 5821 5820
f 5812 5813 5821
f 5813 5822 5821
f 5813 5814 5822
f 5814 5823 5822
f 5815 5816 5824
f 5816 5817 5825
f 5817 5818 5826
f 5818 5819 5827
f 5819 5820 5828
f 5820 5821 5829
f 5821 5822 5830
f 5822 5823 5831
f 5834 5843 5842
f 5835 5844 5843
f 5836 5845 5844
f 5837 5846 5845
f 5838 5847 5846
f 5839 5848 5847
f 5840 5849 5848
f 5841 5850 5849
f 5842 5843 5851
f 5843 5852 5851
f 5843 5844 5852
f 5844 5853 5852
f 5844 5845 5853
f 5845 5854 5853
f 5845 5846 5854
f 5846 5855 5854
f 5846 5847 5855
f 5847 5856 5855
f 5847 5848 5856
f 5848 5857 5856
f 5848 5849 5857
f 5849 5858 5857
f 5849 5850 5858
f 5850 5859 5858
f 5851 5852 5860
f 5852 5861 5860
f 5852 5853 5861
f 5853 5862 5861
f 5853 5854 5862
f 5854 5863 5862
f 5854 5855 5863
f 5855 5864 5863
f 5855 5856 5864
f 5856 5865 5864
f 5856 5857 5865
f 5857 5866 5865
f 5857 5858 5866
f 5858 5867 5866
f 5858 5859 5867
f 5859 5868 5867
f 5860 5861 5869
f 5861 5870 5869
f 5861 5862 5870
f 5862 5871 5870
f 5862 5863 5871
f 5863 5872 5871
f 5863 5864 5872
f 5864 5873 5872
f 5864 5865 5873
f 5865 5874 5873
f 5865 5866 5874
f 5866 5875 5874
f 5866 5867 5875
f 5867 5876 5875
f 5867 5868 5876
f 5868 5877 5876
f 5869 5870 5878
f 5870 5871 5879
f 5871 5872 5880
f 5872 5873 5881
f 5873 5874 5882
f 5874 5875 5883
f 5875 5876 5884
f 5876 5877 5885
usemtl pebble_3
f 5888 5897 5896
f 5889 5898 5897
f 5890 5899 5898
f 5891 5900 5899
f 5892 5901 5900
f 5893 5902 5901
f 5894 5903 5902
f 5895 5904 5903
f 5896 5897 5905
f 5897 5906 5905
f 5897 5898 5906
f 5898 5907 5906
f 5898 5899 5907
f 5899 5908 5907
f 5899 5900 5908
f 5900 5909 5908
f 5900 5901 5909
f 5901 5910 5909
f 5901 5902 5910
f 5902 5911 5910
f 5902 5903 5911
f 5903 5912 5911
f 5903 5904 5912
f 5904 5913 5912
f 5905 5906 5914
f 5906 5915 5914
f 5906 5907 5915
f 5907 5916 5915
f 5907 5908 5916
f 5908 5917 5916
f 5908 5909 5917
f 5909 5918 5917
f 5909 5910 5918
f 5910 5919 5918
f 5910 5911 5919
f 5911 5920 5919
f 5911 5912 5920
f 5912 5921 5920
f 5912 5913 5921
f 5913 5922 5921
f 5914 5915 5923
f 5915 5924 5923
f 5915 5916 5924
f 5916 5925 5924
f 5916 5917 5925
f 5917 5926 5925
f 5917 5918 5926
f 5918 5927 5926
f 5918 5919 5927
f 5919 5928 5927
f 5919 5920 5928
f 5920 5929 5928
f 5920 5921 5929
f 5921 5930 5929
f 5921 5922 5930
f 5922 5931 5930
f 5923 5924 5932
f 5924 5925 5933
f 5925 5926 5934
f 5926 5927 5935
f 5927 5928 5936
f 5928 5929 5937
f 5929 5930 5938
f 5930 5931 5939
usemtl pebble_2
f 5942 5951 5950
f 5943 5952 5951
f 5944 5953 5952
f 5945 5954 5953
f 5946 5955 5954
f 5947 5956 5955
f 5948 5957 5956
f 5949 5958 5957
f 5950 5951 5959
f 5951 5960 5959
f 5951 5952 5960
f 5952 5961 5960
f 5952 5953 5961
f 5953 5962 5961
f 5953 5954 5962
f 5954 5963 5962
f 5954 5955 5963
f 5955 5964 5963
f 5955 5956 5964
f 5956 5965 5964
f 5956 5957 5965
f 5957 5966 5965
f 5957 5958 5966
f 5958 5967 5966
f 5959 5960 5968
f 5960 5969 5968
f 5960 5961 5969
f 5961 5970 5969
f 5961 5962 5970
f 5962 5971 5970
f 5962 5963 5971
f 5963 5972 5971
f 5963 5964 5972
f 5964 5973 5972
f 5964 5965 5973
f 5965 5974 5973
f 5965 5966 5974
f 5966 5975 5974
f 5966 5967 5975
f 5967 5976 5975
f 5968 5969 5977
f 5969 5978 5977
f 5969 5970 5978
f 5970 5979 5978
f 5970 5971 5979
f 5971 5980 5979
f 5971 5972 5980
f 5972 5981 5980
f 5972 5973 5981
f 5973 5982 5981
f 5973 5974 5982
f 5974 5983 5982
f 5974 5975 5983
f 5975 5984 5983
f 5975 5976 5984
f 5976 5985 5984
f 5977 5978 5986
f 5978 5979 5987
f 5979 5980 5988
f 5980 5981 5989
f 5981 5982 5990
f 5982 5983 5991
f 5983 5984 5992
f 5984 5985 5993
usemtl pebble_1
f 5996 6005 6004
f 5997 6006 6005
f 5998 6007 6006
f 5999 6008 6007
f 6000 6009 6008
f 6001 6010 6009
f 6002 6011 6010
f 6003 6012 6011
f 6004 6005 6013
f 6005 6014 6013
f 6005 6006 6014
f 6006 6015 6014
f 6006 6007 6015
f 6007 6016 6015
f 6007 6008 6016
f 6008 6017 6016
f 6008 6009 6017
f 6009 6018 6017
f 6009 6010 6018
f 6010 6019 6018
f 6010 6011 6019
f 6011 6020 6019
f 6011 6012 6020
f 6012 6021 6020
f 6013 6014 6022
f 6014 6023 6022
f 6014 6015 6023
f 6015 6024 6023
f 6015 6016 6024
f 6016 6025 6024
f 6016 6017 6025
f 6017 6026 6025
f 6017 6018 6026
f 6018 6027 6026
f 6018 6019 6027
f 6019 6028 6027
f 6019 6020 6028
f 6020 6029 6028
f 6020 6021 6029
f 6021 6030 6029
f 6022 6023 6031
f 6023 6032 6031
f 6023 6024 6032
f 6024 6033 6032
f 6024 6025 6033
f 6025 6034 6033
f 6025 6026 6034
f 6026 6035 6034
f 6026 6027 6035
f 6027 6036 6035
f 6027 6028 6036
f 6028 6037 6036
f 6028 6029 6037
f 6029 6038 6037
f 6029 6030 6038
f 6030 6039 6038
f 6031 6032 6040
f 6032 6033 6041
f 6033 6034 6042
f 6034 6035 6043
f 6035 6036 6044
f 6036 6037 6045
f 6037 6038 6046
f 6038 6039 6047
usemtl pebble_2
f 6050 6059 6058
f 6051 6060 6059
f 6052 6061 6060
f 6053 6062 6061
f 6054 6063 6062
f 6055 6064 6063
f 6056 6065 6064
f 6057 6066 6065
f 6058 6059 6067
f 6059 6068 6067
f 6059 6060 6068
f 6060 6069 6068
f 6060 6061 6069
f 6061 6070 6069
f 6061 6062 6070
f 6062 6071 6070
f 6062 6063 6071
f 6063 6072 6071
f 6063 6064 6072
f 6064 6073 6072
f 6064 6065 6073
f 6065 6074 6073
f 6065 6066 6074
f 6066 6075 6074
f 6067 6068 6076
f 6068 6077 6076
f 6068 6069 6077
f 6069 6078 6077
f 6069 6070 6078
f 6070 6079 6078
f 6070 6071 6079
f 6071 6080 6079
f 6071 6072 6080
f 6072 6081 6080
f 6072 6073 6081
f 6073 6082 6081
f 6073 6074 6082
f 6074 6083 6082
f 6074 6075 6083
f 6075 6084 6083
f 6076 6077 6085
f 6077 6086 6085
f 6077 6078 6086
f 6078 6087 6086
f 6078 6079 6087
f 6079 6088 6087
f 6079 6080 6088
f 6080 6089 6088
f 6080 6081 6089
f 6081 6090 6089
f 6081 6082 6090
f 6082 6091 6090
f 6082 6083 6091
f 6083 6092 6091
f 6083 6084 6092
f 6084 6093 6092
f 6085 6086 6094
f 6086 6087 6095
f 6087 6088 6096
f 6088 6089 6097
f 6089 6090 6098
f 6090 6091 6099
f 6091 6092 6100
f 6092 6093 6101
usemtl pebble_0
f 6104 6113 6112
f 6105 6114 6113
f 6106 6115 6114
f 6107 6116 6115
f 6108 6117 6116
f 6109 6118 6117
f 6110 6119 6118
f 6111 6120 6119
f 6112 6113 6121
f 6113 6122 6121
f 6113 6114 6122
f 6114 6123 6122
f 6114 6115 6123
f 6115 6124 6123
f 6115 6116 6124
f 6116 6125 6124
f 6116 6117 6125
f 6117 6126 6125
f 6117 6118 6126
f 6118 6127 6126
f 6118 6119 6127
f 6119 6128 6127
f 6119 6120 6128
f 6120 6129 6128
f 6121 6122 6130
f 6122 6131 6130
f 6122 6123 6131
f 6123 6132 6131
f 6123 6124 6132
f 6124 6133 6132
f 6124 6125 6133
f 6125 6134 6133
f 6125 6126 6134
f 6126 6135 6134
f 6126 6127 6135
f 6127 6136 6135
f 6127 6128 6136
f 6128 6137 6136
f 6128 6129 6137
f 6129 6138 6137
f 6130 6131 6139
f 6131 6140 6139
f 6131 6132 6140
f 6132 6141 6140
f 6132 6133 6141
f 6133 6142 6141
f 6133 6134 6142
f 6134 6143 6142
f 6134 6135 6143
f 6135 6144 6143
f 6135 6136 6144
f 6136 6145 6144
f 6136 6137 6145
f 6137 6146 6145
f 6137 6138 6146
f 6138 6147 6146
f 6139 6140 6148
f 6140 6141 6149
f 6141 6142 6150
f 6142 6143 6151
f 6143 6144 6152
f 6144 6145 6153
f 6145 6146 6154
f 6146 6147 6155
usemtl pebble_3
f 6158 6167 6166
f 6159 6168 6167
f 6160 6169 6168
f 6161 6170 6169
f 6162 6171 6170
f 6163 6172 6171
f 6164 6173 6172
f 6165 6174 6173
f 6166 6167 6175
f 6167 6176 6175
f 6167 6168 6176
f 6168 6177 6176
f 6168 6169 6177
f 6169 6178 6177
f 6169 6170 6178
f 6170 6179 6178
f 6170 6171 6179
f 6171 6180 6179
f 6171 6172 6180
f 6172 6181 6180
f 6172 6173 6181
f 6173 6182 6181
f 6173 6174 6182
f 6174 6183 6182
f 6175 6176 6184
f 6176 6185 6184
f 6176 6177 6185
f 6177 6186 6185
f 6177 6178 6186
f 6178 6187 6186
f 6178 6179 6187
f 6179 6188 6187
f 6179 6180 6188
f 6180 6189 6188
f 6180 6181 6189
f 6181 6190 6189
f 6181 6182 6190
f 6182 6191 6190
f 6182 6183 6191
f 6183 6192 6191
f 6184 6185 6193
f 6185 6194 6193
f 6185 6186 6194
f 6186 6195 6194
f 6186 6187 6195
f 6187 6196 6195
f 6187 6188 6196
f 6188 6197 6196
f 6188 6189 6197
f 6189 6198 6197
f 6189 6190 6198
f 6190 6199 6198
f 6190 6191 6199
f 6191 6200 6199
f 6191 6192 6200
f 6192 6201 6200
f 6193 6194 6202
f 6194 6195 6203
f 6195 6196 6204
f 6196 6197 6205
f 6197 6198 6206
f 6198 6199 6207
f 6199 6200 6208
f 6200 6201 6209
usemtl pebble_1
f 6212 6221 6220
f 6213 6222 6221
f 6214 6223 6222
f 6215 6224 6223
f 6216 6225 6224
f 6217 6226 6225
f 6218 6227 6226
f 6219 6228 6227
f 6220 6221 6229
f 6221 6230 6229
f 6221 6222 6230
f 6222 6231 6230
f 6222 6223 6231
f 6223 6232 6231
f 6223 6224 6232
f 6224 6233 6232
f 6224 6225 6233
f 6225 6234 6233
f 6225 6226 6234
f 6226 6235 6234
f 6226 6227 6235
f 6227 6236 6235
f 6227 6228 6236
f 6228 6237 6236
f 6229 6230 6238
f 6230 6239 6238
f 6230 6231 6239
f 6231 6240 6239
f 6231 6232 6240
f 6232 6241 6240
f 6232 6233 6241
f 6233 6242 6241
f 6233 6234 6242
f 6234 6243 6242
f 6234 6235 6243
f 6235 6244 6243
f 6235 6236 6244
f 6236 6245 6244
f 6236 6237 6245
f 6237 6246 6245
f 6238 6239 6247
f 6239 6248 6247
f 6239 6240 6248
f 6240 6249 6248
f 6240 6241 6249
f 6241 6250 6249
f 6241 6242 6250
f 6242 6251 6250
f 6242 6243 6251
f 6243 6252 6251
f 6243 6244 6252
f 6244 6253 6252
f 6244 6245 6253
f 6245 6254 6253
f 6245 6246 6254
f 6246 6255 6254
f 6247 6248 6256
f 6248 6249 6257
f 6249 6250 6258
f 6250 6251 6259
f 6251 6252 6260
f 6252 6253 6261
f 6253 6254 6262
f 6254 6255 6263
usemtl pebble_0
f 6266 6275 6274
f 6267 6276 6275
f 6268 6277 6276
f 6269 6278 6277
f 6270 6279 6278
f 6271 6280 6279
f 6272 6281 6280
f 6273 6282 6281
f 6274 6275 6283
f 6275 6284 6283
f 6275 6276 6284
f 6276 6285 6284
f 6276 6277 6285
f 6277 6286 6285
f 6277 6278 6286
f 6278 6287 6286
f 6278 6279 6287
f 6279 6288 6287
f 6279 6280 6288
f 6280 6289 6288
f 6280 6281 6289
f 6281 6290 6289
f 6281 6282 6290
f 6282 6291 6290
f 6283 6284 6292
f 6284 6293 6292
f 6284 6285 6293
f 6285 6294 6293
f 6285 6286 6294
f 6286 6295 6294
f 6286 6287 6295
f 6287 6296 6295
f 6287 6288 6296
f 6288 6297 6296
f 6288 6289 6297
f 6289 6298 6297
f 6289 6290 6298
f 6290 6299 6298
f 6290 6291 6299
f 6291 6300 6299
f 6292 6293 6301
f 6293 6302 6301
f 6293 6294 6302
f 6294 6303 6302
f 6294 6295 6303
f 6295 6304 6303
f 6295 6296 6304
f 6296 6305 6304
f 6296 6297 6305
f 6297 6306 6305
f 6297 6298 6306
f 6298 6307 6306
f 6298 6299 6307
f 6299 6308 6307
f 6299 6300 6308
f 6300 6309 6308
f 6301 6302 6310
f 6302 6303 6311
f 6303 6304 6312
f 6304 6305 6313
f 6305 6306 6314
f 6306 6307 6315
f 6307 6308 6316
f 6308 6309 6317
usemtl pebble_1
f 6320 6329 6328
f 6321 6330 6329
f 6322 6331 6330
f 6323 6332 6331
f 6324 6333 6332
f 6325 6334 6333
f 6326 6335 6334
f 6327 6336 6335
f 6328 6329 6337
f 6329 6338 6337
f 6329 6330 6338
f 6330 6339 6338
f 6330 6331 6339
f 6331 6340 6339
f 6331 6332 6340
f 6332 6341 6340
f 6332 6333 6341
f 6333 6342 6341
f 6333 6334 6342
f 6334 6343 6342
f 6334 6335 6343
f 6335 6344 6343
f 6335 6336 6344
f 6336 6345 6344
f 6337 6338 6346
f 6338 6347 6346
f 6338 6339 6347
f 6339 6348 6347
f 6339 6340 6348
f 6340 6349 6348
f 6340 6341 6349
f 6341 6350 6349
f 6341 6342 6350
f 6342 6351 6350
f 6342 6343 6351
f 6343 6352 6351
f 6343 6344 6352
f 6344 6353 6352
f 6344 6345 6353
f 6345 6354 6353
f 6346 6347 6355
f 6347 6356 6355
f 6347 6348 6356
f 6348 6357 6356
f 6348 6349 6357
f 6349 6358 6357
f 6349 6350 6358
f 6350 6359 6358
f 6350 6351 6359
f 6351 6360 6359
f 6351 6352 6360
f 6352 6361 6360
f 6352 6353 6361
f 6353 6362 6361
f 6353 6354 6362
f 6354 6363 6362
f 6355 6356 6364
f 6356 6357 6365
f 6357 6358 6366
f 6358 6359 6367
f 6359 6360 6368
f 6360 6361 6369
f 6361 6362 6370
f 6362 6363 6371
usemtl pebble_0
f 6374 6383 6382
f 6375 6384 6383
f 6376 6385 6384
f 6377 6386 6385
f 6378 6387 6386
f 6379 6388 6387
f 6380 6389 6388
f 6381 6390 6389
f 6382 6383 6391
f 6383 6392 6391
f 6383 6384 6392
f 6384 6393 6392
f 6384 6385 6393
f 6385 6394 6393
f 6385 6386 6394
f 6386 6395 6394
f 6386 6387 6395
f 6387 6396 6395
f 6387 6388 6396
f 6388 6397 6396
f 6388 6389 6397
f 6389 6398 6397
f 6389 6390 6398
f 6390 6399 6398
f 6391 6392 6400
f 6392 6401 6400
f 6392 6393 6401
f 6393 6402 6401
f 6393 6394 6402
f 6394 6403 6402
f 6394 6395 6403
f 6395 6404 6403
f 6395 6396 6404
f 6396 6405 6404
f 6396 6397 6405
f 6397 6406 6405
f 6397 6398 6406
f 6398 6407 6406
f 6398 6399 6407
f 6399 6408 6407
f 6400 6401 6409
f 6401 6410 6409
f 6401 6402 6410
f 6402 6411 6410
f 6402 6403 6411
f 6403 6412 6411
f 6403 6404 6412
f 6404 6413 6412
f 6404 6405 6413
f 6405 6414 6413
f 6405 6406 6414
f 6406 6415 6414
f 6406 6407 6415
f 6407 6416 6415
f 6407 6408 6416
f 6408 6417 6416
f 6409 6410 6418
f 6410 6411 6419
f 6411 6412 6420
f 6412 6413 6421
f 6413 6414 6422
f 6414 6415 6423
f 6415 6416 6424
f 6416 6417 6425
f 6428 6437 6436
f 6429 6438 6437
f 6430 6439 6438
f 6431 6440 6439
f 6432 6441 6440
f 6433 6442 6441
f 6434 6443 6442
f 6435 6444 6443
f 6436 6437 6445
f 6437 6446 6445
f 6437 6438 6446
f 6438 6447 6446
f 6438 6439 6447
f 6439 6448 6447
f 6439 6440 6448
f 6440 6449 6448
f 6440 6441 6449
f 6441 6450 6449
f 6441 6442 6450
f 6442 6451 6450
f 6442 6443 6451
f 6443 6452 6451
f 6443 6444 6452
f 6444 6453 6452
f 6445 6446 6454
f 6446 6455 6454
f 6446 6447 6455
f 6447 6456 6455
f 6447 6448 6456
f 6448 6457 6456
f 6448 6449 6457
f 6449 6458 6457
f 6449 6450 6458
f 6450 6459 6458
f 6450 6451 6459
f 6451 6460 6459
f 6451 6452 6460
f 6452 6461 6460
f 6452 6453 6461
f 6453 6462 6461
f 6454 6455 6463
f 6455 6464 6463
f 6455 6456 6464
f 6456 6465 6464
f 6456 6457 6465
f 6457 6466 6465
f 6457 6458 6466
f 6458 6467 6466
f 6458 6459 6467
f 6459 6468 6467
f 6459 6460 6468
f 6460 6469 6468
f 6460 6461 6469
f 6461 6470 6469
f 6461 6462 6470
f 6462 6471 6470
f 6463 6464 6472
f 6464 6465 6473
f 6465 6466 6474
f 6466 6467 6475
f 6467 6468 6476
f 6468 6469 6477
f 6469 6470 6478
f 6470 6471 6479
usemtl pebble_1
f 6482 6491 6490
f 6483 6492 6491
f 6484 6493 6492
f 6485 6494 6493
f 6486 6495 6494
f 6487 6496 6495
f 6488 6497 6496
f 6489 6498 6497
f 6490 6491 6499
f 6491 6500 6499
f 6491 6492 6500
f 6492 6501 6500
f 6492 6493 6501
f 6493 6502 6501
f 6493 6494 6502
f 6494 6503 6502
f 6494 6495 6503
f 6495 6504 6503
f 6495 6496 6504
f 6496 6505 6504
f 6496 6497 6505
f 6497 6506 6505
f 6497 6498 6506
f 6498 6507 6506
f 6499 6500 6508
f 6500 6509 6508
f 6500 6501 6509
f 6501 6510 6509
f 6501 6502 6510
f 6502 6511 6510
f 6502 6503 6511
f 6503 6512 6511
f 6503 6504 6512
f 6504 6513 6512
f 6504 6505 6513
f 6505 6514 6513
f 6505 6506 6514
f 6506 6515 6514
f 6506 6507 6515
f 6507 6516 6515
f 6508 6509 6517
f 6509 6518 6517
f 6509 6510 6518
f 6510 6519 6518
f 6510 6511 6519
f 6511 6520 6519
f 6511 6512 6520
f 6512 6521 6520
f 6512 6513 6521
f 6513 6522 6521
f 6513 6514 6522
f 6514 6523 6522
f 6514 6515 6523
f 6515 6524 6523
f 6515 6516 6524
f 6516 6525 6524
f 6517 6518 6526
f 6518 6519 6527
f 6519 6520 6528
f 6520 6521 6529
f 6521 6522 6530
f 6522 6523 6531
f 6523 6524 6532
f 6524 6525 6533
usemtl pebble_3
f 6536 6545 6544
f 6537 6546 6545
f 6538 6547 6546
f 6539 6548 6547
f 6540 6549 6548
f 6541 6550 6549
f 6542 6551 6550
f 6543 6552 6551
f 6544 6545 6553
f 6545 6554 6553
f 6545 6546 6554
f 6546 6555 6554
f 6546 6547 6555
f 6547 6556 6555
f 6547 6548 6556
f 6548 6557 6556
f 6548 6549 6557
f 6549 6558 6557
f 6549 6550 6558
f 6550 6559 6558
f 6550 6551 6559
f 6551 6560 6559
f 6551 6552 6560
f 6552 6561 6560
f 6553 6554 6562
f 6554 6563 6562
f 6554 6555 6563
f 6555 6564 6563
f 6555 6556 6564
f 6556 6565 6564
f 6556 6557 6565
f 6557 6566 6565
f 6557 6558 6566
f 6558 6567 6566
f 6558 6559 6567
f 6559 6568 6567
f 6559 6560 6568
f 6560 6569 6568
f 6560 6561 6569
f 6561 6570 6569
f 6562 6563 6571
f 6563 6572 6571
f 6563 6564 6572
f 6564 6573 6572
f 6564 6565 6573
f 6565 6574 6573
f 6565 6566 6574
f 6566 6575 6574
f 6566 6567 6575
f 6567 6576 6575
f 6567 6568 6576
f 6568 6577 6576
f 6568 6569 6577
f 6569 6578 6577
f 6569 6570 6578
f 6570 6579 6578
f 6571 6572 6580
f 6572 6573 6581
f 6573 6574 6582
f 6574 6575 6583
f 6575 6576 6584
f 6576 6577 6585
f 6577 6578 6586
f 6578 6579 6587
usemtl pebble_2
f 6590 6599 6598
f 6591 6600 6599
f 6592 6601 6600
f 6593 6602 6601
f 6594 6603 6602
f 6595 6604 6603
f 6596 6605 6604
f 6597 6606 6605
f 6598 6599 6607
f 6599 6608 6607
f 6599 6600 6608
f 6600 6609 6608
f 6600 6601 6609
f 6601 6610 6609
f 6601 6602 6610
f 6602 6611 6610
f 6602 6603 6611
f 6603 6612 6611
f 6603 6604 6612
f 6604 6613 6612
f 6604 6605 6613
f 6605 6614 6613
f 6605 6606 6614
f 6606 6615 6614
f 6607 6608 6616
f 6608 6617 6616
f 6608 6609 6617
f 6609 6618 6617
f 6609 6610 6618
f 6610 6619 6618
f 6610 6611 6619
f 6611 6620 6619
f 6611 6612 6620
f 6612 6621 6620
f 6612 6613 6621
f 6613 6622 6621
f 6613 6614 6622
f 6614 6623 6622
f 6614 6615 6623
f 6615 6624 6623
f 6616 6617 6625
f 6617 6626 6625
f 6617 6618 6626
f 6618 6627 6626
f 6618 6619 6627
f 6619 6628 6627
f 6619 6620 6628
f 6620 6629 6628
f 6620 6621 6629
f 6621 6630 6629
f 6621 6622 6630
f 6622 6631 6630
f 6622 6623 6631
f 6623 6632 6631
f 6623 6624 6632
f 6624 6633 6632
f 6625 6626 6634
f 6626 6627 6635
f 6627 6628 6636
f 6628 6629 6637
f 6629 6630 6638
f 6630 6631 6639
f 6631 6632 6640
f 6632 6633 6641
f 6644 6653 6652
f 6645 6654 6653
f 6646 6655 6654
f 6647 6656 6655
f 6648 6657 6656
f 6649 6658 6657
f 6650 6659 6658
f 6651 6660 6659
f 6652 6653 6661
f 6653 6662 6661
f 6653 6654 6662
f 6654 6663 6662
f 6654 6655 6663
f 6655 6664 6663
f 6655 6656 6664
f 6656 6665 6664
f 6656 6657 6665
f 6657 6666 6665
f 6657 6658 6666
f 6658 6667 6666
f 6658 6659 6667
f 6659 6668 6667
f 6659 6660 6668
f 6660 6669 6668
f 6661 6662 6670
f 6662 6671 6670
f 6662 6663 6671
f 6663 6672 6671
f 6663 6664 6672
f 6664 6673 6672
f 6664 6665 6673
f 6665 6674 6673
f 6665 6666 6674
f 6666 6675 6674
f 6666 6667 6675
f 6667 6676 6675
f 6667 6668 6676
f 6668 6677 6676
f 6668 6669 6677
f 6669 6678 6677
f 6670 6671 6679
f 6671 6680 6679
f 6671 6672 6680
f 6672 6681 6680
f 6672 6673 6681
f 6673 6682 6681
f 6673 6674 6682
f 6674 6683 6682
f 6674 6675 6683
f 6675 6684 6683
f 6675 6676 6684
f 6676 6685 6684
f 6676 6677 6685
f 6677 6686 6685
f 6677 6678 6686
f 6678 6687 6686
f 6679 6680 6688
f 6680 6681 6689
f 6681 6682 6690
f 6682 6683 6691
f 6683 6684 6692
f 6684 6685 6693
f 6685 6686 6694
f 6686 6687 6695
usemtl pebble_3
f 6698 6707 6706
f 6699 6708 6707
f 6700 6709 6708
f 6701 6710 6709
f 6702 6711 6710
f 6703 6712 6711
f 6704 6713 6712
f 6705 6714 6713
f 6706 6707 6715
f 6707 6716 6715
f 6707 6708 6716
f 6708 6717 6716
f 6708 6709 6717
f 6709 6718 6717
f 6709 6710 6718
f 6710 6719 6718
f 6710 6711 6719
f 6711 6720 6719
f 6711 6712 6720
f 6712 6721 6720
f 6712 6713 6721
f 6713 6722 6721
f 6713 6714 6722
f 6714 6723 6722
f 6715 6716 6724
f 6716 6725 6724
f 6716 6717 6725
f 6717 6726 6725
f 6717 6718 6726
f 6718 6727 6726
f 6718 6719 6727
f 6719 6728 6727
f 6719 6720 6728
f 6720 6729 6728
f 6720 6721 6729
f 6721 6730 6729
f 6721 6722 6730
f 6722 6731 6730
f 6722 6723 6731
f 6723 6732 6731
f 6724 6725 6733
f 6725 6734 6733
f 6725 6726 6734
f 6726 6735 6734
f 6726 6727 6735
f 6727 6736 6735
f 6727 6728 6736
f 6728 6737 6736
f 6728 6729 6737
f 6729 6738 6737
f 6729 6730 6738
f 6730 6739 6738
f 6730 6731 6739
f 6731 6740 6739
f 6731 6732 6740
f 6732 6741 6740
f 6733 6734 6742
f 6734 6735 6743
f 6735 6736 6744
f 6736 6737 6745
f 6737 6738 6746
f 6738 6739 6747
f 6739 6740 6748
f 6740 6741 6749
f 6752 6761 6760
f 6753 6762 6761
f 6754 6763 6762
f 6755 6764 6763
f 6756 6765 6764
f 6757 6766 6765
f 6758 6767 6766
f 6759 6768 6767
f 6760 6761 6769
f 6761 6770 6769
f 6761 6762 6770
f 6762 6771 6770
f 6762 6763 6771
f 6763 6772 6771
f 6763 6764 6772
f 6764 6773 6772
f 6764 6765 6773
f 6765 6774 6773
f 6765 6766 6774
f 6766 6775 6774
f 6766 6767 6775
f 6767 6776 6775
f 6767 6768 6776
f 6768 6777 6776
f 6769 6770 6778
f 6770 6779 6778
f 6770 6771 6779
f 6771 6780 6779
f 6771 6772 6780
f 6772 6781 6780
f 6772 6773 6781
f 6773 6782 6781
f 6773 6774 6782
f 6774 6783 6782
f 6774 6775 6783
f 6775 6784 6783
f 6775 6776 6784
f 6776 6785 6784
f 6776 6777 6785
f 6777 6786 6785
f 6778 6779 6787
f 6779 6788 6787
f 6779 6780 6788
f 6780 6789 6788
f 6780 6781 6789
f 6781 6790 6789
f 6781 6782 6790
f 6782 6791 6790
f 6782 6783 6791
f 6783 6792 6791
f 6783 6784 6792
f 6784 6793 6792
f 6784 6785 6793
f 6785 6794 6793
f 6785 6786 6794
f 6786 6795 6794
f 6787 6788 6796
f 6788 6789 6797
f 6789 6790 6798
f 6790 6791 6799
f 6791 6792 6800
f 6792 6793 6801
f 6793 6794 6802
f 6794 6795 6803
f 6806 6815 6814
f 6807 6816 6815
f 6808 6817 6816
f 6809 6818 6817
f 6810 6819 6818
f 6811 6820 6819
f 6812 6821 6820
f 6813 6822 6821
f 6814 6815 6823
f 6815 6824 6823
f 6815 6816 6824
f 6816 6825 6824
f 6816 6817 6825
f 6817 6826 6825
f 6817 6818 6826
f 6818 6827 6826
f 6818 6819 6827
f 6819 6828 6827
f 6819 6820 6828
f 6820 6829 6828
f 6820 6821 6829
f 6821 6830 6829
f 6821 6822 6830
f 6822 6831 6830
f 6823 6824 6832
f 6824 6833 6832
f 6824 6825 6833
f 6825 6834 6833
f 6825 6826 6834
f 6826 6835 6834
f 6826 6827 6835
f 6827 6836 6835
f 6827 6828 6836
f 6828 6837 6836
f 6828 6829 6837
f 6829 6838 6837
f 6829 6830 6838
f 6830 6839 6838
f 6830 6831 6839
f 6831 6840 6839
f 6832 6833 6841
f 6833 6842 6841
f 6833 6834 6842
f 6834 6843 6842
f 6834 6835 6843
f 6835 6844 6843
f 6835 6836 6844
f 6836 6845 6844
f 6836 6837 6845
f 6837 6846 6845
f 6837 6838 6846
f 6838 6847 6846
f 6838 6839 6847
f 6839 6848 6847
f 6839 6840 6848
f 6840 6849 6848
f 6841 6842 6850
f 6842 6843 6851
f 6843 6844 6852
f 6844 6845 6853
f 6845 6846 6854
f 6846 6847 6855
f 6847 6848 6856
f 6848 6849 6857
usemtl pebble_0
f 6860 6869 6868
f 6861 6870 6869
f 6862 6871 6870
f 6863 6872 6871
f 6864 6873 6872
f 6865 6874 6873
f 6866 6875 6874
f 6867 6876 6875
f 6868 6869 6877
f 6869 6878 6877
f 6869 6870 6878
f 6870 6879 6878
f 6870 6871 6879
f 6871 6880 6879
f 6871 6872 6880
f 6872 6881 6880
f 6872 6873 6881
f 6873 6882 6881
f 6873 6874 6882
f 6874 6883 6882
f 6874 6875 6883
f 6875 6884 6883
f 6875 6876 6884
f 6876 6885 6884
f 6877 6878 6886
f 6878 6887 6886
f 6878 6879 6887
f 6879 6888 6887
f 6879 6880 6888
f 6880 6889 6888
f 6880 6881 6889
f 6881 6890 6889
f 6881 6882 6890
f 6882 6891 6890
f 6882 6883 6891
f 6883 6892 6891
f 6883 6884 6892
f 6884 6893 6892
f 6884 6885 6893
f 6885 6894 6893
f 6886 6887 6895
f 6887 6896 6895
f 6887 6888 6896
f 6888 6897 6896
f 6888 6889 6897
f 6889 6898 6897
f 6889 6890 6898
f 6890 6899 6898
f 6890 6891 6899
f 6891 6900 6899
f 6891 6892 6900
f 6892 6901 6900
f 6892 6893 6901
f 6893 6902 6901
f 6893 6894 6902
f 6894 6903 6902
f 6895 6896 6904
f 6896 6897 6905
f 6897 6898 6906
f 6898 6899 6907
f 6899 6900 6908
f 6900 6901 6909
f 6901 6902 6910
f 6902 6903 6911
usemtl pebble_1
f 6914 6923 6922
f 6915 6924 6923
f 6916 6925 6924
f 6917 6926 6925
f 6918 6927 6926
f 6919 6928 6927
f 6920 6929 6928
f 6921 6930 6929
f 6922 6923 6931
f 6923 6932 6931
f 6923 6924 6932
f 6924 6933 6932
f 6924 6925 6933
f 6925 6934 6933
f 6925 6926 6934
f 6926 6935 6934
f 6926 6927 6935
f 6927 6936 6935
f 6927 6928 6936
f 6928 6937 6936
f 6928 6929 6937
f 6929 6938 6937
f 6929 6930 6938
f 6930 6939 6938
f 6931 6932 6940
f 6932 6941 6940
f 6932 6933 6941
f 6933 6942 6941
f 6933 6934 6942
f 6934 6943 6942
f 6934 6935 6943
f 6935 6944 6943
f 6935 6936 6944
f 6936 6945 6944
f 6936 6937 6945
f 6937 6946 6945
f 6937 6938 6946
f 6938 6947 6946
f 6938 6939 6947
f 6939 6948 6947
f 6940 6941 6949
f 6941 6950 6949
f 6941 6942 6950
f 6942 6951 6950
f 6942 6943 6951
f 6943 6952 6951
f 6943 6944 6952
f 6944 6953 6952
f 6944 6945 6953
f 6945 6954 6953
f 6945 6946 6954
f 6946 6955 6954
f 6946 6947 6955
f 6947 6956 6955
f 6947 6948 6956
f 6948 6957 6956
f 6949 6950 6958
f 6950 6951 6959
f 6951 6952 6960
f 6952 6953 6961
f 6953 6954 6962
f 6954 6955 6963
f 6955 6956 6964
f 6956 6957 6965
usemtl pebble_2
f 6968 6977 6976
f 6969 6978 6977
f 6970 6979 6978
f 6971 6980 6979
f 6972 6981 6980
f 6973 6982 6981
f 6974 6983 6982
f 6975 6984 6983
f 6976 6977 6985
f 6977 6986 6985
f 6977 6978 6986
f 6978 6987 6986
f 6978 6979 6987
f 6979 6988 6987
f 6979 6980 6988
f 6980 6989 6988
f 6980 6981 6989
f 6981 6990 6989
f 6981 6982 6990
f 6982 6991 6990
f 6982 6983 6991
f 6983 6992 6991
f 6983 6984 6992
f 6984 6993 6992
f 6985 6986 6994
f 6986 6995 6994
f 6986 6987 6995
f 6987 6996 6995
f 6987 6988 6996
f 6988 6997 6996
f 6988 6989 6997
f 6989 6998 6997
f 6989 6990 6998
f 6990 6999 6998
f 6990 6991 6999
f 6991 7000 6999
f 6991 6992 7000
f 6992 7001 7000
f 6992 6993 7001
f 6993 7002 7001
f 6994 6995 7003
f 6995 7004 7003
f 6995 6996 7004
f 6996 7005 7004
f 6996 6997 7005
f 6997 7006 7005
f 6997 6998 7006
f 6998 7007 7006
f 6998 6999 7007
f 6999 7008 7007
f 6999 7000 7008
f 7000 7009 7008
f 7000 7001 7009
f 7001 7010 7009
f 7001 7002 7010
f 7002 7011 7010
f 7003 7004 7012
f 7004 7005 7013
f 7005 7006 7014
f 7006 7007 7015
f 7007 7008 7016
f 7008 7009 7017
f 7009 7010 7018
f 7010 7011 7019
usemtl pebble_0
f 7022 7031 7030
f 7023 7032 7031
f 7024 7033 7032
f 7025 7034 7033
f 7026 7035 7034
f 7027 7036 7035
f 7028 7037 7036
f 7029 7038 7037
f 7030 7031 7039
f 7031 7040 7039
f 7031 7032 7040
f 7032 7041 7040
f 7032 7033 7041
f 7033 7042 7041
f 7033 7034 7042
f 7034 7043 7042
f 7034 7035 7043
f 7035 7044 7043
f 7035 7036 7044
f 7036 7045 7044
f 7036 7037 7045
f 7037 7046 7045
f 7037 7038 7046
f 7038 7047 7046
f 7039 7040 7048
f 7040 7049 7048
f 7040 7041 7049
f 7041 7050 7049
f 7041 7042 7050
f 7042 7051 7050
f 7042 7043 7051
f 7043 7052 7051
f 7043 7044 7052
f 7044 7053 7052
f 7044 7045 7053
f 7045 7054 7053
f 7045 7046 7054
f 7046 7055 7054
f 7046 7047 7055
f 7047 7056 7055
f 7048 7049 7057
f 7049 7058 7057
f 7049 7050 7058
f 7050 7059 7058
f 7050 7051 7059
f 7051 7060 7059
f 7051 7052 7060
f 7052 7061 7060
f 7052 7053 7061
f 7053 7062 7061
f 7053 7054 7062
f 7054 7063 7062
f 7054 7055 7063
f 7055 7064 7063
f 7055 7056 7064
f 7056 7065 7064
f 7057 7058 7066
f 7058 7059 7067
f 7059 7060 7068
f 7060 7061 7069
f 7061 7062 7070
f 7062 7063 7071
f 7063 7064 7072
f 7064 7065 7073
usemtl pebble_3
f 7076 7085 7084
f 7077 7086 7085
f 7078 7087 7086
f 7079 7088 7087
f 7080 7089 7088
f 7081 7090 7089
f 7082 7091 7090
f 7083 7092 7091
f 7084 7085 7093
f 7085 7094 7093
f 7085 7086 7094
f 7086 7095 7094
f 7086 7087 7095
f 7087 7096 7095
f 7087 7088 7096
f 7088 7097 7096
f 7088 7089 7097
f 7089 7098 7097
f 7089 7090 7098
f 7090 7099 7098
f 7090 7091 7099
f 7091 7100 7099
f 7091 7092 7100
f 7092 7101 7100
f 7093 7094 7102
f 7094 7103 7102
f 7094 7095 7103
f 7095 7104 7103
f 7095 7096 7104
f 7096 7105 7104
f 7096 7097 7105
f 7097 7106 7105
f 7097 7098 7106
f 7098 7107 7106
f 7098 7099 7107
f 7099 7108 7107
f 7099 7100 7108
f 7100 7109 7108
f 7100 7101 7109
f 7101 7110 7109
f 7102 7103 7111
f 7103 7112 7111
f 7103 7104 7112
f 7104 7113 7112
f 7104 7105 7113
f 7105 7114 7113
f 7105 7106 7114
f 7106 7115 7114
f 7106 7107 7115
f 7107 7116 7115
f 7107 7108 7116
f 7108 7117 7116
f 7108 7109 7117
f 7109 7118 7117
f 7109 7110 7118
f 7110 7119 7118
f 7111 7112 7120
f 7112 7113 7121
f 7113 7114 7122
f 7114 7115 7123
f 7115 7116 7124
f 7116 7117 7125
f 7117 7118 7126
f 7118 7119 7127
f 7130 7139 7138
f 7131 7140 7139
f 7132 7141 7140
f 7133 7142 7141
f 7134 7143 7142
f 7135 7144 7143
f 7136 7145 7144
f 7137 7146 7145
f 7138 7139 7147
f 7139 7148 7147
f 7139 7140 7148
f 7140 7149 7148
f 7140 7141 7149
f 7141 7150 7149
f 7141 7142 7150
f 7142 7151 7150
f 7142 7143 7151
f 7143 7152 7151
f 7143 7144 7152
f 7144 7153 7152
f 7144 7145 7153
f 7145 7154 7153
f 7145 7146 7154
f 7146 7155 7154
f 7147 7148 7156
f 7148 7157 7156
f 7148 7149 7157
f 7149 7158 7157
f 7149 7150 7158
f 7150 7159 7158
f 7150 7151 7159
f 7151 7160 7159
f 7151 7152 7160
f 7152 7161 7160
f 7152 7153 7161
f 7153 7162 7161
f 7153 7154 7162
f 7154 7163 7162
f 7154 7155 7163
f 7155 7164 7163
f 7156 7157 7165
f 7157 7166 7165
f 7157 7158 7166
f 7158 7167 7166
f 7158 7159 7167
f 7159 7168 7167
f 7159 7160 7168
f 7160 7169 7168
f 7160 7161 7169
f 7161 7170 7169
f 7161 7162 7170
f 7162 7171 7170
f 7162 7163 7171
f 7163 7172 7171
f 7163 7164 7172
f 7164 7173 7172
f 7165 7166 7174
f 7166 7167 7175
f 7167 7168 7176
f 7168 7169 7177
f 7169 7170 7178
f 7170 7171 7179
f 7171 7172 7180
f 7172 7173 7181
usemtl pebble_1
f 7184 7193 7192
f 7185 7194 7193
f 7186 7195 7194
f 7187 7196 7195
f 7188 7197 7196
f 7189 7198 7197
f 7190 7199 7198
f 7191 7200 7199
f 7192 7193 7201
f 7193 7202 7201
f 7193 7194 7202
f 7194 7203 7202
f 7194 7195 7203
f 7195 7204 7203
f 7195 7196 7204
f 7196 7205 7204
f 7196 7197 7205
f 7197 7206 7205
f 7197 7198 7206
f 7198 7207 7206
f 7198 7199 7207
f 7199 7208 7207
f 7199 7200 7208
f 7200 7209 7208
f 7201 7202 7210
f 7202 7211 7210
f 7202 7203 7211
f 7203 7212 7211
f 7203 7204 7212
f 7204 7213 7212
f 7204 7205 7213
f 7205 7214 7213
f 7205 7206 7214
f 7206 7215 7214
f 7206 7207 7215
f 7207 7216 7215
f 7207 7208 7216
f 7208 7217 7216
f 7208 7209 7217
f 7209 7218 7217
f 7210 7211 7219
f 7211 7220 7219
f 7211 7212 7220
f 7212 7221 7220
f 7212 7213 7221
f 7213 7222 7221
f 7213 7214 7222
f 7214 7223 7222
f 7214 7215 7223
f 7215 7224 7223
f 7215 7216 7224
f 7216 7225 7224
f 7216 7217 7225
f 7217 7226 7225
f 7217 7218 7226
f 7218 7227 7226
f 7219 7220 7228
f 7220 7221 7229
f 7221 7222 7230
f 7222 7223 7231
f 7223 7224 7232
f 7224 7225 7233
f 7225 7226 7234
f 7226 7227 7235
usemtl pebble_3
f 7238 7247 7246
f 7239 7248 7247
f 7240 7249 7248
f 7241 7250 7249
f 7242 7251 7250
f 7243 7252 7251
f 7244 7253 7252
f 7245 7254 7253
f 7246 7247 7255
f 7247 7256 7255
f 7247 7248 7256
f 7248 7257 7256
f 7248 7249 7257
f 7249 7258 7257
f 7249 7250 7258
f 7250 7259 7258
f 7250 7251 7259
f 7251 7260 7259
f 7251 7252 7260
f 7252 7261 7260
f 7252 7253 7261
f 7253 7262 7261
f 7253 7254 7262
f 7254 7263 7262
f 7255 7256 7264
f 7256 7265 7264
f 7256 7257 7265
f 7257 7266 7265
f 7257 7258 7266
f 7258 7267 7266
f 7258 7259 7267
f 7259 7268 7267
f 7259 7260 7268
f 7260 7269 7268
f 7260 7261 7269
f 7261 7270 7269
f 7261 7262 7270
f 7262 7271 7270
f 7262 7263 7271
f 7263 7272 7271
f 7264 7265 7273
f 7265 7274 7273
f 7265 7266 7274
f 7266 7275 7274
f 7266 7267 7275
f 7267 7276 7275
f 7267 7268 7276
f 7268 7277 7276
f 7268 7269 7277
f 7269 7278 7277
f 7269 7270 7278
f 7270 7279 7278
f 7270 7271 7279
f 7271 7280 7279
f 7271 7272 7280
f 7272 7281 7280
f 7273 7274 7282
f 7274 7275 7283
f 7275 7276 7284
f 7276 7277 7285
f 7277 7278 7286
f 7278 7279 7287
f 7279 7280 7288
f 7280 7281 7289
usemtl pebble_0
f 7292 7301 7300
f 7293 7302 7301
f 7294 7303 7302
f 7295 7304 7303
f 7296 7305 7304
f 7297 7306 7305
f 7298 7307 7306
f 7299 7308 7307
f 7300 7301 7309
f 7301 7310 7309
f 7301 7302 7310
f 7302 7311 7310
f 7302 7303 7311
f 7303 7312 7311
f 7303 7304 7312
f 7304 7313 7312
f 7304 7305 7313
f 7305 7314 7313
f 7305 7306 7314
f 7306 7315 7314
f 7306 7307 7315
f 7307 7316 7315
f 7307 7308 7316
f 7308 7317 7316
f 7309 7310 7318
f 7310 7319 7318
f 7310 7311 7319
f 7311 7320 7319
f 7311 7312 7320
f 7312 7321 7320
f 7312 7313 7321
f 7313 7322 7321
f 7313 7314 7322
f 7314 7323 7322
f 7314 7315 7323
f 7315 7324 7323
f 7315 7316 7324
f 7316 7325 7324
f 7316 7317 7325
f 7317 7326 7325
f 7318 7319 7327
f 7319 7328 7327
f 7319 7320 7328
f 7320 7329 7328
f 7320 7321 7329
f 7321 7330 7329
f 7321 7322 7330
f 7322 7331 7330
f 7322 7323 7331
f 7323 7332 7331
f 7323 7324 7332
f 7324 7333 7332
f 7324 7325 7333
f 7325 7334 7333
f 7325 7326 7334
f 7326 7335 7334
f 7327 7328 7336
f 7328 7329 7337
f 7329 7330 7338
f 7330 7331 7339
f 7331 7332 7340
f 7332 7333 7341
f 7333 7334 7342
f 7334 7335 7343
usemtl pebble_1
f 7346 7355 7354
f 7347 7356 7355
f 7348 7357 7356
f 7349 7358 7357
f 7350 7359 7358
f 7351 7360 7359
f 7352 7361 7360
f 7353 7362 7361
f 7354 7355 7363
f 7355 7364 7363
f 7355 7356 7364
f 7356 7365 7364
f 7356 7357 7365
f 7357 7366 7365
f 7357 7358 7366
f 7358 7367 7366
f 7358 7359 7367
f 7359 7368 7367
f 7359 7360 7368
f 7360 7369 7368
f 7360 7361 7369
f 7361 7370 7369
f 7361 7362 7370
f 7362 7371 7370
f 7363 7364 7372
f 7364 7373 7372
f 7364 7365 7373
f 7365 7374 7373
f 7365 7366 7374
f 7366 7375 7374
f 7366 7367 7375
f 7367 7376 7375
f 7367 7368 7376
f 7368 7377 7376
f 7368 7369 7377
f 7369 7378 7377
f 7369 7370 7378
f 7370 7379 7378
f 7370 7371 7379
f 7371 7380 7379
f 7372 7373 7381
f 7373 7382 7381
f 7373 7374 7382
f 7374 7383 7382
f 7374 7375 7383
f 7375 7384 7383
f 7375 7376 7384
f 7376 7385 7384
f 7376 7377 7385
f 7377 7386 7385
f 7377 7378 7386
f 7378 7387 7386
f 7378 7379 7387
f 7379 7388 7387
f 7379 7380 7388
f 7380 7389 7388
f 7381 7382 7390
f 7382 7383 7391
f 7383 7384 7392
f 7384 7385 7393
f 7385 7386 7394
f 7386 7387 7395
f 7387 7388 7396
f 7388 7389 7397
usemtl pebble_3
f 7400 7409 7408
f 7401 7410 7409
f 7402 7411 7410
f 7403 7412 7411
f 7404 7413 7412
f 7405 7414 7413
f 7406 7415 7414
f 7407 7416 7415
f 7408 7409 7417
f 7409 7418 7417
f 7409 7410 7418
f 7410 7419 7418
f 7410 7411 7419
f 7411 7420 7419
f 7411 7412 7420
f 7412 7421 7420
f 7412 7413 7421
f 7413 7422 7421
f 7413 7414 7422
f 7414 7423 7422
f 7414 7415 7423
f 7415 7424 7423
f 7415 7416 7424
f 7416 7425 7424
f 7417 7418 7426
f 7418 7427 7426
f 7418 7419 7427
f 7419 7428 7427
f 7419 7420 7428
f 7420 7429 7428
f 7420 7421 7429
f 7421 7430 7429
f 7421 7422 7430
f 7422 7431 7430
f 7422 7423 7431
f 7423 7432 7431
f 7423 7424 7432
f 7424 7433 7432
f 7424 7425 7433
f 7425 7434 7433
f 7426 7427 7435
f 7427 7436 7435
f 7427 7428 7436
f 7428 7437 7436
f 7428 7429 7437
f 7429 7438 7437
f 7429 7430 7438
f 7430 7439 7438
f 7430 7431 7439
f 7431 7440 7439
f 7431 7432 7440
f 7432 7441 7440
f 7432 7433 7441
f 7433 7442 7441
f 7433 7434 7442
f 7434 7443 7442
f 7435 7436 7444
f 7436 7437 7445
f 7437 7438 7446
f 7438 7439 7447
f 7439 7440 7448
f 7440 7441 7449
f 7441 7442 7450
f 7442 7443 7451
usemtl pebble_1
f 7454 7463 7462
f 7455 7464 7463
f 7456 7465 7464
f 7457 7466 7465
f 7458 7467 7466
f 7459 7468 7467
f 7460 7469 7468
f 7461 7470 7469
f 7462 7463 7471
f 7463 7472 7471
f 7463 7464 7472
f 7464 7473 7472
f 7464 7465 7473
f 7465 7474 7473
f 7465 7466 7474
f 7466 7475 7474
f 7466 7467 7475
f 7467 7476 7475
f 7467 7468 7476
f 7468 7477 7476
f 7468 7469 7477
f 7469 7478 7477
f 7469 7470 7478
f 7470 7479 7478
f 7471 7472 7480
f 7472 7481 7480
f 7472 7473 7481
f 7473 7482 7481
f 7473 7474 7482
f 7474 7483 7482
f 7474 7475 7483
f 7475 7484 7483
f 7475 7476 7484
f 7476 7485 7484
f 7476 7477 7485
f 7477 7486 7485
f 7477 7478 7486
f 7478 7487 7486
f 7478 7479 7487
f 7479 7488 7487
f 7480 7481 7489
f 7481 7490 7489
f 7481 7482 7490
f 7482 7491 7490
f 7482 7483 7491
f 7483 7492 7491
f 7483 7484 7492
f 7484 7493 7492
f 7484 7485 7493
f 7485 7494 7493
f 7485 7486 7494
f 7486 7495 7494
f 7486 7487 7495
f 7487 7496 7495
f 7487 7488 7496
f 7488 7497 7496
f 7489 7490 7498
f 7490 7491 7499
f 7491 7492 7500
f 7492 7493 7501
f 7493 7494 7502
f 7494 7495 7503
f 7495 7496 7504
f 7496 7497 7505
usemtl pebble_2
f 7508 7517 7516
f 7509 7518 7517
f 7510 7519 7518
f 7511 7520 7519
f 7512 7521 7520
f 7513 7522 7521
f 7514 7523 7522
f 7515 7524 7523
f 7516 7517 7525
f 7517 7526 7525
f 7517 7518 7526
f 7518 7527 7526
f 7518 7519 7527
f 7519 7528 7527
f 7519 7520 7528
f 7520 7529 7528
f 7520 7521 7529
f 7521 7530 7529
f 7521 7522 7530
f 7522 7531 7530
f 7522 7523 7531
f 7523 7532 7531
f 7523 7524 7532
f 7524 7533 7532
f 7525 7526 7534
f 7526 7535 7534
f 7526 7527 7535
f 7527 7536 7535
f 7527 7528 7536
f 7528 7537 7536
f 7528 7529 7537
f 7529 7538 7537
f 7529 7530 7538
f 7530 7539 7538
f 7530 7531 7539
f 7531 7540 7539
f 7531 7532 7540
f 7532 7541 7540
f 7532 7533 7541
f 7533 7542 7541
f 7534 7535 7543
f 7535 7544 7543
f 7535 7536 7544
f 7536 7545 7544
f 7536 7537 7545
f 7537 7546 7545
f 7537 7538 7546
f 7538 7547 7546
f 7538 7539 7547
f 7539 7548 7547
f 7539 7540 7548
f 7540 7549 7548
f 7540 7541 7549
f 7541 7550 7549
f 7541 7542 7550
f 7542 7551 7550
f 7543 7544 7552
f 7544 7545 7553
f 7545 7546 7554
f 7546 7547 7555
f 7547 7548 7556
f 7548 7549 7557
f 7549 7550 7558
f 7550 7551 7559
f 7562 7571 7570
f 7563 7572 7571
f 7564 7573 7572
f 7565 7574 7573
f 7566 7575 7574
f 7567 7576 7575
f 7568 7577 7576
f 7569 7578 7577
f 7570 7571 7579
f 7571 7580 7579
f 7571 7572 7580
f 7572 7581 7580
f 7572 7573 7581
f 7573 7582 7581
f 7573 7574 7582
f 7574 7583 7582
f 7574 7575 7583
f 7575 7584 7583
f 7575 7576 7584
f 7576 7585 7584
f 7576 7577 7585
f 7577 7586 7585
f 7577 7578 7586
f 7578 7587 7586
f 7579 7580 7588
f 7580 7589 7588
f 7580 7581 7589
f 7581 7590 7589
f 7581 7582 7590
f 7582 7591 7590
f 7582 7583 7591
f 7583 7592 7591
f 7583 7584 7592
f 7584 7593 7592
f 7584 7585 7593
f 7585 7594 7593
f 7585 7586 7594
f 7586 7595 7594
f 7586 7587 7595
f 7587 7596 7595
f 7588 7589 7597
f 7589 7598 7597
f 7589 7590 7598
f 7590 7599 7598
f 7590 7591 7599
f 7591 7600 7599
f 7591 7592 7600
f 7592 7601 7600
f 7592 7593 7601
f 7593 7602 7601
f 7593 7594 7602
f 7594 7603 7602
f 7594 7595 7603
f 7595 7604 7603
f 7595 7596 7604
f 7596 7605 7604
f 7597 7598 7606
f 7598 7599 7607
f 7599 7600 7608
f 7600 7601 7609
f 7601 7602 7610
f 7602 7603 7611
f 7603 7604 7612
f 7604 7605 7613
usemtl pebble_0
f 7616 7625 7624
f 7617 7626 7625
f 7618 7627 7626
f 7619 7628 7627
f 7620 7629 7628
f 7621 7630 7629
f 7622 7631 7630
f 7623 7632 7631
f 7624 7625 7633
f 7625 7634 7633
f 7625 7626 7634
f 7626 7635 7634
f 7626 7627 7635
f 7627 7636 7635
f 7627 7628 7636
f 7628 7637 7636
f 7628 7629 7637
f 7629 7638 7637
f 7629 7630 7638
f 7630 7639 7638
f 7630 7631 7639
f 7631 7640 7639
f 7631 7632 7640
f 7632 7641 7640
f 7633 7634 7642
f 7634 7643 7642
f 7634 7635 7643
f 7635 7644 7643
f 7635 7636 7644
f 7636 7645 7644
f 7636 7637 7645
f 7637 7646 7645
f 7637 7638 7646
f 7638 7647 7646
f 7638 7639 7647
f 7639 7648 7647
f 7639 7640 7648
f 7640 7649 7648
f 7640 7641 7649
f 7641 7650 7649
f 7642 7643 7651
f 7643 7652 7651
f 7643 7644 7652
f 7644 7653 7652
f 7644 7645 7653
f 7645 7654 7653
f 7645 7646 7654
f 7646 7655 7654
f 7646 7647 7655
f 7647 7656 7655
f 7647 7648 7656
f 7648 7657 7656
f 7648 7649 7657
f 7649 7658 7657
f 7649 7650 7658
f 7650 7659 7658
f 7651 7652 7660
f 7652 7653 7661
f 7653 7654 7662
f 7654 7655 7663
f 7655 7656 7664
f 7656 7657 7665
f 7657 7658 7666
f 7658 7659 7667
f 7670 7679 7678
f 7671 7680 7679
f 7672 7681 7680
f 7673 7682 7681
f 7674 7683 7682
f 7675 7684 7683
f 7676 7685 7684
f 7677 7686 7685
f 7678 7679 7687
f 7679 7688 7687
f 7679 7680 7688
f 7680 7689 7688
f 7680 7681 7689
f 7681 7690 7689
f 7681 7682 7690
f 7682 7691 7690
f 7682 7683 7691
f 7683 7692 7691
f 7683 7684 7692
f 7684 7693 7692
f 7684 7685 7693
f 7685 7694 7693
f 7685 7686 7694
f 7686 7695 7694
f 7687 7688 7696
f 7688 7697 7696
f 7688 7689 7697
f 7689 7698 7697
f 7689 7690 7698
f 7690 7699 7698
f 7690 7691 7699
f 7691 7700 7699
f 7691 7692 7700
f 7692 7701 7700
f 7692 7693 7701
f 7693 7702 7701
f 7693 7694 7702
f 7694 7703 7702
f 7694 7695 7703
f 7695 7704 7703
f 7696 7697 7705
f 7697 7706 7705
f 7697 7698 7706
f 7698 7707 7706
f 7698 7699 7707
f 7699 7708 7707
f 7699 7700 7708
f 7700 7709 7708
f 7700 7701 7709
f 7701 7710 7709
f 7701 7702 7710
f 7702 7711 7710
f 7702 7703 7711
f 7703 7712 7711
f 7703 7704 7712
f 7704 7713 7712
f 7705 7706 7714
f 7706 7707 7715
f 7707 7708 7716
f 7708 7709 7717
f 7709 7710 7718
f 7710 7711 7719
f 7711 7712 7720
f 7712 7713 7721
f 7724 7733 7732
f 7725 7734 7733
f 7726 7735 7734
f 7727 7736 7735
f 7728 7737 7736
f 7729 7738 7737
f 7730 7739 7738
f 7731 7740 7739
f 7732 7733 7741
f 7733 7742 7741
f 7733 7734 7742
f 7734 7743 7742
f 7734 7735 7743
f 7735 7744 7743
f 7735 7736 7744
f 7736 7745 7744
f 7736 7737 7745
f 7737 7746 7745
f 7737 7738 7746
f 7738 7747 7746
f 7738 7739 7747
f 7739 7748 7747
f 7739 7740 7748
f 7740 7749 7748
f 7741 7742 7750
f 7742 7751 7750
f 7742 7743 7751
f 7743 7752 7751
f 7743 7744 7752
f 7744 7753 7752
f 7744 7745 7753
f 7745 7754 7753
f 7745 7746 7754
f 7746 7755 7754
f 7746 7747 7755
f 7747 7756 7755
f 7747 7748 7756
f 7748 7757 7756
f 7748 7749 7757
f 7749 7758 7757
f 7750 7751 7759
f 7751 7760 7759
f 7751 7752 7760
f 7752 7761 7760
f 7752 7753 7761
f 7753 7762 7761
f 7753 7754 7762
f 7754 7763 7762
f 7754 7755 7763
f 7755 7764 7763
f 7755 7756 7764
f 7756 7765 7764
f 7756 7757 7765
f 7757 7766 7765
f 7757 7758 7766
f 7758 7767 7766
f 7759 7760 7768
f 7760 7761 7769
f 7761 7762 7770
f 7762 7763 7771
f 7763 7764 7772
f 7764 7765 7773
f 7765 7766 7774
f 7766 7767 7775
usemtl pebble_2
f 7778 7787 7786
f 7779 7788 7787
f 7780 7789 7788
f 7781 7790 7789
f 7782 7791 7790
f 7783 7792 7791
f 7784 7793 7792
f 7785 7794 7793
f 7786 7787 7795
f 7787 7796 7795
f 7787 7788 7796
f 7788 7797 7796
f 7788 7789 7797
f 7789 7798 7797
f 7789 7790 7798
f 7790 7799 7798
f 7790 7791 7799
f 7791 7800 7799
f 7791 7792 7800
f 7792 7801 7800
f 7792 7793 7801
f 7793 7802 7801
f 7793 7794 7802
f 7794 7803 7802
f 7795 7796 7804
f 7796 7805 7804
f 7796 7797 7805
f 7797 7806 7805
f 7797 7798 7806
f 7798 7807 7806
f 7798 7799 7807
f 7799 7808 7807
f 7799 7800 7808
f 7800 7809 7808
f 7800 7801 7809
f 7801 7810 7809
f 7801 7802 7810
f 7802 7811 7810
f 7802 7803 7811
f 7803 7812 7811
f 7804 7805 7813
f 7805 7814 7813
f 7805 7806 7814
f 7806 7815 7814
f 7806 7807 7815
f 7807 7816 7815
f 7807 7808 7816
f 7808 7817 7816
f 7808 7809 7817
f 7809 7818 7817
f 7809 7810 7818
f 7810 7819 7818
f 7810 7811 7819
f 7811 7820 7819
f 7811 7812 7820
f 7812 7821 7820
f 7813 7814 7822
f 7814 7815 7823
f 7815 7816 7824
f 7816 7817 7825
f 7817 7818 7826
f 7818 7819 7827
f 7819 7820 7828
f 7820 7821 7829
usemtl pebble_1
f 7832 7841 7840
f 7833 7842 7841
f 7834 7843 7842
f 7835 7844 7843
f 7836 7845 7844
f 7837 7846 7845
f 7838 7847 7846
f 7839 7848 7847
f 7840 7841 7849
f 7841 7850 7849
f 7841 7842 7850
f 7842 7851 7850
f 7842 7843 7851
f 7843 7852 7851
f 7843 7844 7852
f 7844 7853 7852
f 7844 7845 7853
f 7845 7854 7853
f 7845 7846 7854
f 7846 7855 7854
f 7846 7847 7855
f 7847 7856 7855
f 7847 7848 7856
f 7848 7857 7856
f 7849 7850 7858
f 7850 7859 7858
f 7850 7851 7859
f 7851 7860 7859
f 7851 7852 7860
f 7852 7861 7860
f 7852 7853 7861
f 7853 7862 7861
f 7853 7854 7862
f 7854 7863 7862
f 7854 7855 7863
f 7855 7864 7863
f 7855 7856 7864
f 7856 7865 7864
f 7856 7857 7865
f 7857 7866 7865
f 7858 7859 7867
f 7859 7868 7867
f 7859 7860 7868
f 7860 7869 7868
f 7860 7861 7869
f 7861 7870 7869
f 7861 7862 7870
f 7862 7871 7870
f 7862 7863 7871
f 7863 7872 7871
f 7863 7864 7872
f 7864 7873 7872
f 7864 7865 7873
f 7865 7874 7873
f 7865 7866 7874
f 7866 7875 7874
f 7867 7868 7876
f 7868 7869 7877
f 7869 7870 7878
f 7870 7871 7879
f 7871 7872 7880
f 7872 7873 7881
f 7873 7874 7882
f 7874 7875 7883
usemtl pebble_2
f 7886 7895 7894
f 7887 7896 7895
f 7888 7897 7896
f 7889 7898 7897
f 7890 7899 7898
f 7891 7900 7899
f 7892 7901 7900
f 7893 7902 7901
f 7894 7895 7903
f 7895 7904 7903
f 7895 7896 7904
f 7896 7905 7904
f 7896 7897 7905
f 7897 7906 7905
f 7897 7898 7906
f 7898 7907 7906
f 7898 7899 7907
f 7899 7908 7907
f 7899 7900 7908
f 7900 7909 7908
f 7900 7901 7909
f 7901 7910 7909
f 7901 7902 7910
f 7902 7911 7910
f 7903 7904 7912
f 7904 7913 7912
f 7904 7905 7913
f 7905 7914 7913
f 7905 7906 7914
f 7906 7915 7914
f 7906 7907 7915
f 7907 7916 7915
f 7907 7908 7916
f 7908 7917 7916
f 7908 7909 7917
f 7909 7918 7917
f 7909 7910 7918
f 7910 7919 7918
f 7910 7911 7919
f 7911 7920 7919
f 7912 7913 7921
f 7913 7922 7921
f 7913 7914 7922
f 7914 7923 7922
f 7914 7915 7923
f 7915 7924 7923
f 7915 7916 7924
f 7916 7925 7924
f 7916 7917 7925
f 7917 7926 7925
f 7917 7918 7926
f 7918 7927 7926
f 7918 7919 7927
f 7919 7928 7927
f 7919 7920 7928
f 7920 7929 7928
f 7921 7922 7930
f 7922 7923 7931
f 7923 7924 7932
f 7924 7925 7933
f 7925 7926 7934
f 7926 7927 7935
f 7927 7928 7936
f 7928 7929 7937
usemtl pebble_0
f 7940 7949 7948
f 7941 7950 7949
f 7942 7951 7950
f 7943 7952 7951
f 7944 7953 7952
f 7945 7954 7953
f 7946 7955 7954
f 7947 7956 7955
f 7948 7949 7957
f 7949 7958 7957
f 7949 7950 7958
f 7950 7959 7958
f 7950 7951 7959
f 7951 7960 7959
f 7951 7952 7960
f 7952 7961 7960
f 7952 7953 7961
f 7953 7962 7961
f 7953 7954 7962
f 7954 7963 7962
f 7954 7955 7963
f 7955 7964 7963
f 7955 7956 7964
f 7956 7965 7964
f 7957 7958 7966
f 7958 7967 7966
f 7958 7959 7967
f 7959 7968 7967
f 7959 7960 7968
f 7960 7969 7968
f 7960 7961 7969
f 7961 7970 7969
f 7961 7962 7970
f 7962 7971 7970
f 7962 7963 7971
f 7963 7972 7971
f 7963 7964 7972
f 7964 7973 7972
f 7964 7965 7973
f 7965 7974 7973
f 7966 7967 7975
f 7967 7976 7975
f 7967 7968 7976
f 7968 7977 7976
f 7968 7969 7977
f 7969 7978 7977
f 7969 7970 7978
f 7970 7979 7978
f 7970 7971 7979
f 7971 7980 7979
f 7971 7972 7980
f 7972 7981 7980
f 7972 7973 7981
f 7973 7982 7981
f 7973 7974 7982
f 7974 7983 7982
f 7975 7976 7984
f 7976 7977 7985
f 7977 7978 7986
f 7978 7979 7987
f 7979 7980 7988
f 7980 7981 7989
f 7981 7982 7990
f 7982 7983 7991
usemtl pebble_1
f 7994 8003 8002
f 7995 8004 8003
f 7996 8005 8004
f 7997 8006 8005
f 7998 8007 8006
f 7999 8008 8007
f 8000 8009 8008
f 8001 8010 8009
f 8002 8003 8011
f 8003 8012 8011
f 8003 8004 8012
f 8004 8013 8012
f 8004 8005 8013
f 8005 8014 8013
f 8005 8006 8014
f 8006 8015 8014
f 8006 8007 8015
f 8007 8016 8015
f 8007 8008 8016
f 8008 8017 8016
f 8008 8009 8017
f 8009 8018 8017
f 8009 8010 8018
f 8010 8019 8018
f 8011 8012 8020
f 8012 8021 8020
f 8012 8013 8021
f 8013 8022 8021
f 8013 8014 8022
f 8014 8023 8022
f 8014 8015 8023
f 8015 8024 8023
f 8015 8016 8024
f 8016 8025 8024
f 8016 8017 8025
f 8017 8026 8025
f 8017 8018 8026
f 8018 8027 8026
f 8018 8019 8027
f 8019 8028 8027
f 8020 8021 8029
f 8021 8030 8029
f 8021 8022 8030
f 8022 8031 8030
f 8022 8023 8031
f 8023 8032 8031
f 8023 8024 8032
f 8024 8033 8032
f 8024 8025 8033
f 8025 8034 8033
f 8025 8026 8034
f 8026 8035 8034
f 8026 8027 8035
f 8027 8036 8035
f 8027 8028 8036
f 8028 8037 8036
f 8029 8030 8038
f 8030 8031 8039
f 8031 8032 8040
f 8032 8033 8041
f 8033 8034 8042
f 8034 8035 8043
f 8035 8036 8044
f 8036 8037 8045
usemtl pebble_0
f 8048 8057 8056
f 8049 8058 8057
f 8050 8059 8058
f 8051 8060 8059
f 8052 8061 8060
f 8053 8062 8061
f 8054 8063 8062
f 8055 8064 8063
f 8056 8057 8065
f 8057 8066 8065
f 8057 8058 8066
f 8058 8067 8066
f 8058 8059 8067
f 8059 8068 8067
f 8059 8060 8068
f 8060 8069 8068
f 8060 8061 8069
f 8061 8070 8069
f 8061 8062 8070
f 8062 8071 8070
f 8062 8063 8071
f 8063 8072 8071
f 8063 8064 8072
f 8064 8073 8072
f 8065 8066 8074
f 8066 8075 8074
f 8066 8067 8075
f 8067 8076 8075
f 8067 8068 8076
f 8068 8077 8076
f 8068 8069 8077
f 8069 8078 8077
f 8069 8070 8078
f 8070 8079 8078
f 8070 8071 8079
f 8071 8080 8079
f 8071 8072 8080
f 8072 8081 8080
f 8072 8073 8081
f 8073 8082 8081
f 8074 8075 8083
f 8075 8084 8083
f 8075 8076 8084
f 8076 8085 8084
f 8076 8077 8085
f 8077 8086 8085
f 8077 8078 8086
f 8078 8087 8086
f 8078 8079 8087
f 8079 8088 8087
f 8079 8080 8088
f 8080 8089 8088
f 8080 8081 8089
f 8081 8090 8089
f 8081 8082 8090
f 8082 8091 8090
f 8083 8084 8092
f 8084 8085 8093
f 8085 8086 8094
f 8086 8087 8095
f 8087 8088 8096
f 8088 8089 8097
f 8089 8090 8098
f 8090 8091 8099
usemtl pebble_1
f 8102 8111 8110
f 8103 8112 8111
f 8104 8113 8112
f 8105 8114 8113
f 8106 8115 8114
f 8107 8116 8115
f 8108 8117 8116
f 8109 8118 8117
f 8110 8111 8119
f 8111 8120 8119
f 8111 8112 8120
f 8112 8121 8120
f 8112 8113 8121
f 8113 8122 8121
f 8113 8114 8122
f 8114 8123 8122
f 8114 8115 8123
f 8115 8124 8123
f 8115 8116 8124
f 8116 8125 8124
f 8116 8117 8125
f 8117 8126 8125
f 8117 8118 8126
f 8118 8127 8126
f 8119 8120 8128
f 8120 8129 8128
f 8120 8121 8129
f 8121 8130 8129
f 8121 8122 8130
f 8122 8131 8130
f 8122 8123 8131
f 8123 8132 8131
f 8123 8124 8132
f 8124 8133 8132
f 8124 8125 8133
f 8125 8134 8133
f 8125 8126 8134
f 8126 8135 8134
f 8126 8127 8135
f 8127 8136 8135
f 8128 8129 8137
f 8129 8138 8137
f 8129 8130 8138
f 8130 8139 8138
f 8130 8131 8139
f 8131 8140 8139
f 8131 8132 8140
f 8132 8141 8140
f 8132 8133 8141
f 8133 8142 8141
f 8133 8134 8142
f 8134 8143 8142
f 8134 8135 8143
f 8135 8144 8143
f 8135 8136 8144
f 8136 8145 8144
f 8137 8138 8146
f 8138 8139 8147
f 8139 8140 8148
f 8140 8141 8149
f 8141 8142 8150
f 8142 8143 8151
f 8143 8144 8152
f 8144 8145 8153
usemtl pebble_3
f 8156 8165 8164
f 8157 8166 8165
f 8158 8167 8166
f 8159 8168 8167
f 8160 8169 8168
f 8161 8170 8169
f 8162 8171 8170
f 8163 8172 8171
f 8164 8165 8173
f 8165 8174 8173
f 8165 8166 8174
f 8166 8175 8174
f 8166 8167 8175
f 8167 8176 8175
f 8167 8168 8176
f 8168 8177 8176
f 8168 8169 8177
f 8169 8178 8177
f 8169 8170 8178
f 8170 8179 8178
f 8170 8171 8179
f 8171 8180 8179
f 8171 8172 8180
f 8172 8181 8180
f 8173 8174 8182
f 8174 8183 8182
f 8174 8175 8183
f 8175 8184 8183
f 8175 8176 8184
f 8176 8185 8184
f 8176 8177 8185
f 8177 8186 8185
f 8177 8178 8186
f 8178 8187 8186
f 8178 8179 8187
f 8179 8188 8187
f 8179 8180 8188
f 8180 8189 8188
f 8180 8181 8189
f 8181 8190 8189
f 8182 8183 8191
f 8183 8192 8191
f 8183 8184 8192
f 8184 8193 8192
f 8184 8185 8193
f 8185 8194 8193
f 8185 8186 8194
f 8186 8195 8194
f 8186 8187 8195
f 8187 8196 8195
f 8187 8188 8196
f 8188 8197 8196
f 8188 8189 8197
f 8189 8198 8197
f 8189 8190 8198
f 8190 8199 8198
f 8191 8192 8200
f 8192 8193 8201
f 8193 8194 8202
f 8194 8195 8203
f 8195 8196 8204
f 8196 8197 8205
f 8197 8198 8206
f 8198 8199 8207
f 8210 8219 8218
f 8211 8220 8219
f 8212 8221 8220
f 8213 8222 8221
f 8214 8223 8222
f 8215 8224 8223
f 8216 8225 8224
f 8217 8226 8225
f 8218 8219 8227
f 8219 8228 8227
f 8219 8220 8228
f 8220 8229 8228
f 8220 8221 8229
f 8221 8230 8229
f 8221 8222 8230
f 8222 8231 8230
f 8222 8223 8231
f 8223 8232 8231
f 8223 8224 8232
f 8224 8233 8232
f 8224 8225 8233
f 8225 8234 8233
f 8225 8226 8234
f 8226 8235 8234
f 8227 8228 8236
f 8228 8237 8236
f 8228 8229 8237
f 8229 8238 8237
f 8229 8230 8238
f 8230 8239 8238
f 8230 8231 8239
f 8231 8240 8239
f 8231 8232 8240
f 8232 8241 8240
f 8232 8233 8241
f 8233 8242 8241
f 8233 8234 8242
f 8234 8243 8242
f 8234 8235 8243
f 8235 8244 8243
f 8236 8237 8245
f 8237 8246 8245
f 8237 8238 8246
f 8238 8247 8246
f 8238 8239 8247
f 8239 8248 8247
f 8239 8240 8248
f 8240 8249 8248
f 8240 8241 8249
f 8241 8250 8249
f 8241 8242 8250
f 8242 8251 8250
f 8242 8243 8251
f 8243 8252 8251
f 8243 8244 8252
f 8244 8253 8252
f 8245 8246 8254
f 8246 8247 8255
f 8247 8248 8256
f 8248 8249 8257
f 8249 8250 8258
f 8250 8251 8259
f 8251 8252 8260
f 8252 8253 8261
usemtl pebble_1
f 8264 8273 8272
f 8265 8274 8273
f 8266 8275 8274
f 8267 8276 8275
f 8268 8277 8276
f 8269 8278 8277
f 8270 8279 8278
f 8271 8280 8279
f 8272 8273 8281
f 8273 8282 8281
f 8273 8274 8282
f 8274 8283 8282
f 8274 8275 8283
f 8275 8284 8283
f 8275 8276 8284
f 8276 8285 8284
f 8276 8277 8285
f 8277 8286 8285
f 8277 8278 8286
f 8278 8287 8286
f 8278 8279 8287
f 8279 8288 8287
f 8279 8280 8288
f 8280 8289 8288
f 8281 8282 8290
f 8282 8291 8290
f 8282 8283 8291
f 8283 8292 8291
f 8283 8284 8292
f 8284 8293 8292
f 8284 8285 8293
f 8285 8294 8293
f 8285 8286 8294
f 8286 8295 8294
f 8286 8287 8295
f 8287 8296 8295
f 8287 8288 8296
f 8288 8297 8296
f 8288 8289 8297
f 8289 8298 8297
f 8290 8291 8299
f 8291 8300 8299
f 8291 8292 8300
f 8292 8301 8300
f 8292 8293 8301
f 8293 8302 8301
f 8293 8294 8302
f 8294 8303 8302
f 8294 8295 8303
f 8295 8304 8303
f 8295 8296 8304
f 8296 8305 8304
f 8296 8297 8305
f 8297 8306 8305
f 8297 8298 8306
f 8298 8307 8306
f 8299 8300 8308
f 8300 8301 8309
f 8301 8302 8310
f 8302 8303 8311
f 8303 8304 8312
f 8304 8305 8313
f 8305 8306 8314
f 8306 8307 8315
usemtl pebble_2
f 8318 8327 8326
f 8319 8328 8327
f 8320 8329 8328
f 8321 8330 8329
f 8322 8331 8330
f 8323 8332 8331
f 8324 8333 8332
f 8325 8334 8333
f 8326 8327 8335
f 8327 8336 8335
f 8327 8328 8336
f 8328 8337 8336
f 8328 8329 8337
f 8329 8338 8337
f 8329 8330 8338
f 8330 8339 8338
f 8330 8331 8339
f 8331 8340 8339
f 8331 8332 8340
f 8332 8341 8340
f 8332 8333 8341
f 8333 8342 8341
f 8333 8334 8342
f 8334 8343 8342
f 8335 8336 8344
f 8336 8345 8344
f 8336 8337 8345
f 8337 8346 8345
f 8337 8338 8346
f 8338 8347 8346
f 8338 8339 8347
f 8339 8348 8347
f 8339 8340 8348
f 8340 8349 8348
f 8340 8341 8349
f 8341 8350 8349
f 8341 8342 8350
f 8342 8351 8350
f 8342 8343 8351
f 8343 8352 8351
f 8344 8345 8353
f 8345 8354 8353
f 8345 8346 8354
f 8346 8355 8354
f 8346 8347 8355
f 8347 8356 8355
f 8347 8348 8356
f 8348 8357 8356
f 8348 8349 8357
f 8349 8358 8357
f 8349 8350 8358
f 8350 8359 8358
f 8350 8351 8359
f 8351 8360 8359
f 8351 8352 8360
f 8352 8361 8360
f 8353 8354 8362
f 8354 8355 8363
f 8355 8356 8364
f 8356 8357 8365
f 8357 8358 8366
f 8358 8359 8367
f 8359 8360 8368
f 8360 8361 8369
usemtl pebble_1
f 8372 8381 8380
f 8373 8382 8381
f 8374 8383 8382
f 8375 8384 8383
f 8376 8385 8384
f 8377 8386 8385
f 8378 8387 8386
f 8379 8388 8387
f 8380 8381 8389
f 8381 8390 8389
f 8381 8382 8390
f 8382 8391 8390
f 8382 8383 8391
f 8383 8392 8391
f 8383 8384 8392
f 8384 8393 8392
f 8384 8385 8393
f 8385 8394 8393
f 8385 8386 8394
f 8386 8395 8394
f 8386 8387 8395
f 8387 8396 8395
f 8387 8388 8396
f 8388 8397 8396
f 8389 8390 8398
f 8390 8399 8398
f 8390 8391 8399
f 8391 8400 8399
f 8391 8392 8400
f 8392 8401 8400
f 8392 8393 8401
f 8393 8402 8401
f 8393 8394 8402
f 8394 8403 8402
f 8394 8395 8403
f 8395 8404 8403
f 8395 8396 8404
f 8396 8405 8404
f 8396 8397 8405
f 8397 8406 8405
f 8398 8399 8407
f 8399 8408 8407
f 8399 8400 8408
f 8400 8409 8408
f 8400 8401 8409
f 8401 8410 8409
f 8401 8402 8410
f 8402 8411 8410
f 8402 8403 8411
f 8403 8412 8411
f 8403 8404 8412
f 8404 8413 8412
f 8404 8405 8413
f 8405 8414 8413
f 8405 8406 8414
f 8406 8415 8414
f 8407 8408 8416
f 8408 8409 8417
f 8409 8410 8418
f 8410 8411 8419
f 8411 8412 8420
f 8412 8413 8421
f 8413 8414 8422
f 8414 8415 8423
usemtl pebble_3
f 8426 8435 8434
f 8427 8436 8435
f 8428 8437 8436
f 8429 8438 8437
f 8430 8439 8438
f 8431 8440 8439
f 8432 8441 8440
f 8433 8442 8441
f 8434 8435 8443
f 8435 8444 8443
f 8435 8436 8444
f 8436 8445 8444
f 8436 8437 8445
f 8437 8446 8445
f 8437 8438 8446
f 8438 8447 8446
f 8438 8439 8447
f 8439 8448 8447
f 8439 8440 8448
f 8440 8449 8448
f 8440 8441 8449
f 8441 8450 8449
f 8441 8442 8450
f 8442 8451 8450
f 8443 8444 8452
f 8444 8453 8452
f 8444 8445 8453
f 8445 8454 8453
f 8445 8446 8454
f 8446 8455 8454
f 8446 8447 8455
f 8447 8456 8455
f 8447 8448 8456
f 8448 8457 8456
f 8448 8449 8457
f 8449 8458 8457
f 8449 8450 8458
f 8450 8459 8458
f 8450 8451 8459
f 8451 8460 8459
f 8452 8453 8461
f 8453 8462 8461
f 8453 8454 8462
f 8454 8463 8462
f 8454 8455 8463
f 8455 8464 8463
f 8455 8456 8464
f 8456 8465 8464
f 8456 8457 8465
f 8457 8466 8465
f 8457 8458 8466
f 8458 8467 8466
f 8458 8459 8467
f 8459 8468 8467
f 8459 8460 8468
f 8460 8469 8468
f 8461 8462 8470
f 8462 8463 8471
f 8463 8464 8472
f 8464 8465 8473
f 8465 8466 8474
f 8466 8467 8475
f 8467 8468 8476
f 8468 8469 8477
usemtl pebble_2
f 8480 8489 8488
f 8481 8490 8489
f 8482 8491 8490
f 8483 8492 8491
f 8484 8493 8492
f 8485 8494 8493
f 8486 8495 8494
f 8487 8496 8495
f 8488 8489 8497
f 8489 8498 8497
f 8489 8490 8498
f 8490 8499 8498
f 8490 8491 8499
f 8491 8500 8499
f 8491 8492 8500
f 8492 8501 8500
f 8492 8493 8501
f 8493 8502 8501
f 8493 8494 8502
f 8494 8503 8502
f 8494 8495 8503
f 8495 8504 8503
f 8495 8496 8504
f 8496 8505 8504
f 8497 8498 8506
f 8498 8507 8506
f 8498 8499 8507
f 8499 8508 8507
f 8499 8500 8508
f 8500 8509 8508
f 8500 8501 8509
f 8501 8510 8509
f 8501 8502 8510
f 8502 8511 8510
f 8502 8503 8511
f 8503 8512 8511
f 8503 8504 8512
f 8504 8513 8512
f 8504 8505 8513
f 8505 8514 8513
f 8506 8507 8515
f 8507 8516 8515
f 8507 8508 8516
f 8508 8517 8516
f 8508 8509 8517
f 8509 8518 8517
f 8509 8510 8518
f 8510 8519 8518
f 8510 8511 8519
f 8511 8520 8519
f 8511 8512 8520
f 8512 8521 8520
f 8512 8513 8521
f 8513 8522 8521
f 8513 8514 8522
f 8514 8523 8522
f 8515 8516 8524
f 8516 8517 8525
f 8517 8518 8526
f 8518 8519 8527
f 8519 8520 8528
f 8520 8521 8529
f 8521 8522 8530
f 8522 8523 8531
usemtl pebble_0
f 8534 8543 8542
f 8535 8544 8543
f 8536 8545 8544
f 8537 8546 8545
f 8538 8547 8546
f 8539 8548 8547
f 8540 8549 8548
f 8541 8550 8549
f 8542 8543 8551
f 8543 8552 8551
f 8543 8544 8552
f 8544 8553 8552
f 8544 8545 8553
f 8545 8554 8553
f 8545 8546 8554
f 8546 8555 8554
f 8546 8547 8555
f 8547 8556 8555
f 8547 8548 8556
f 8548 8557 8556
f 8548 8549 8557
f 8549 8558 8557
f 8549 8550 8558
f 8550 8559 8558
f 8551 8552 8560
f 8552 8561 8560
f 8552 8553 8561
f 8553 8562 8561
f 8553 8554 8562
f 8554 8563 8562
f 8554 8555 8563
f 8555 8564 8563
f 8555 8556 8564
f 8556 8565 8564
f 8556 8557 8565
f 8557 8566 8565
f 8557 8558 8566
f 8558 8567 8566
f 8558 8559 8567
f 8559 8568 8567
f 8560 8561 8569
f 8561 8570 8569
f 8561 8562 8570
f 8562 8571 8570
f 8562 8563 8571
f 8563 8572 8571
f 8563 8564 8572
f 8564 8573 8572
f 8564 8565 8573
f 8565 8574 8573
f 8565 8566 8574
f 8566 8575 8574
f 8566 8567 8575
f 8567 8576 8575
f 8567 8568 8576
f 8568 8577 8576
f 8569 8570 8578
f 8570 8571 8579
f 8571 8572 8580
f 8572 8573 8581
f 8573 8574 8582
f 8574 8575 8583
f 8575 8576 8584
f 8576 8577 8585
f 8588 8597 8596
f 8589 8598 8597
f 8590 8599 8598
f 8591 8600 8599
f 8592 8601 8600
f 8593 8602 8601
f 8594 8603 8602
f 8595 8604 8603
f 8596 8597 8605
f 8597 8606 8605
f 8597 8598 8606
f 8598 8607 8606
f 8598 8599 8607
f 8599 8608 8607
f 8599 8600 8608
f 8600 8609 8608
f 8600 8601 8609
f 8601 8610 8609
f 8601 8602 8610
f 8602 8611 8610
f 8602 8603 8611
f 8603 8612 8611
f 8603 8604 8612
f 8604 8613 8612
f 8605 8606 8614
f 8606 8615 8614
f 8606 8607 8615
f 8607 8616 8615
f 8607 8608 8616
f 8608 8617 8616
f 8608 8609 8617
f 8609 8618 8617
f 8609 8610 8618
f 8610 8619 8618
f 8610 8611 8619
f 8611 8620 8619
f 8611 8612 8620
f 8612 8621 8620
f 8612 8613 8621
f 8613 8622 8621
f 8614 8615 8623
f 8615 8624 8623
f 8615 8616 8624
f 8616 8625 8624
f 8616 8617 8625
f 8617 8626 8625
f 8617 8618 8626
f 8618 8627 8626
f 8618 8619 8627
f 8619 8628 8627
f 8619 8620 8628
f 8620 8629 8628
f 8620 8621 8629
f 8621 8630 8629
f 8621 8622 8630
f 8622 8631 8630
f 8623 8624 8632
f 8624 8625 8633
f 8625 8626 8634
f 8626 8627 8635
f 8627 8628 8636
f 8628 8629 8637
f 8629 8630 8638
f 8630 8631 8639
f 8642 8651 8650
f 8643 8652 8651
f 8644 8653 8652
f 8645 8654 8653
f 8646 8655 8654
f 8647 8656 8655
f 8648 8657 8656
f 8649 8658 8657
f 8650 8651 8659
f 8651 8660 8659
f 8651 8652 8660
f 8652 8661 8660
f 8652 8653 8661
f 8653 8662 8661
f 8653 8654 8662
f 8654 8663 8662
f 8654 8655 8663
f 8655 8664 8663
f 8655 8656 8664
f 8656 8665 8664
f 8656 8657 8665
f 8657 8666 8665
f 8657 8658 8666
f 8658 8667 8666
f 8659 8660 8668
f 8660 8669 8668
f 8660 8661 8669
f 8661 8670 8669
f 8661 8662 8670
f 8662 8671 8670
f 8662 8663 8671
f 8663 8672 8671
f 8663 8664 8672
f 8664 8673 8672
f 8664 8665 8673
f 8665 8674 8673
f 8665 8666 8674
f 8666 8675 8674
f 8666 8667 8675
f 8667 8676 8675
f 8668 8669 8677
f 8669 8678 8677
f 8669 8670 8678
f 8670 8679 8678
f 8670 8671 8679
f 8671 8680 8679
f 8671 8672 8680
f 8672 8681 8680
f 8672 8673 8681
f 8673 8682 8681
f 8673 8674 8682
f 8674 8683 8682
f 8674 8675 8683
f 8675 8684 8683
f 8675 8676 8684
f 8676 8685 8684
f 8677 8678 8686
f 8678 8679 8687
f 8679 8680 8688
f 8680 8681 8689
f 8681 8682 8690
f 8682 8683 8691
f 8683 8684 8692
f 8684 8685 8693
usemtl pebble_1
f 8696 8705 8704
f 8697 8706 8705
f 8698 8707 8706
f 8699 8708 8707
f 8700 8709 8708
f 8701 8710 8709
f 8702 8711 8710
f 8703 8712 8711
f 8704 8705 8713
f 8705 8714 8713
f 8705 8706 8714
f 8706 8715 8714
f 8706 8707 8715
f 8707 8716 8715
f 8707 8708 8716
f 8708 8717 8716
f 8708 8709 8717
f 8709 8718 8717
f 8709 8710 8718
f 8710 8719 8718
f 8710 8711 8719
f 8711 8720 8719
f 8711 8712 8720
f 8712 8721 8720
f 8713 8714 8722
f 8714 8723 8722
f 8714 8715 8723
f 8715 8724 8723
f 8715 8716 8724
f 8716 8725 8724
f 8716 8717 8725
f 8717 8726 8725
f 8717 8718 8726
f 8718 8727 8726
f 8718 8719 8727
f 8719 8728 8727
f 8719 8720 8728
f 8720 8729 8728
f 8720 8721 8729
f 8721 8730 8729
f 8722 8723 8731
f 8723 8732 8731
f 8723 8724 8732
f 8724 8733 8732
f 8724 8725 8733
f 8725 8734 8733
f 8725 8726 8734
f 8726 8735 8734
f 8726 8727 8735
f 8727 8736 8735
f 8727 8728 8736
f 8728 8737 8736
f 8728 8729 8737
f 8729 8738 8737
f 8729 8730 8738
f 8730 8739 8738
f 8731 8732 8740
f 8732 8733 8741
f 8733 8734 8742
f 8734 8735 8743
f 8735 8736 8744
f 8736 8737 8745
f 8737 8738 8746
f 8738 8739 8747
f 8750 8759 8758
f 8751 8760 8759
f 8752 8761 8760
f 8753 8762 8761
f 8754 8763 8762
f 8755 8764 8763
f 8756 8765 8764
f 8757 8766 8765
f 8758 8759 8767
f 8759 8768 8767
f 8759 8760 8768
f 8760 8769 8768
f 8760 8761 8769
f 8761 8770 8769
f 8761 8762 8770
f 8762 8771 8770
f 8762 8763 8771
f 8763 8772 8771
f 8763 8764 8772
f 8764 8773 8772
f 8764 8765 8773
f 8765 8774 8773
f 8765 8766 8774
f 8766 8775 8774
f 8767 8768 8776
f 8768 8777 8776
f 8768 8769 8777
f 8769 8778 8777
f 8769 8770 8778
f 8770 8779 8778
f 8770 8771 8779
f 8771 8780 8779
f 8771 8772 8780
f 8772 8781 8780
f 8772 8773 8781
f 8773 8782 8781
f 8773 8774 8782
f 8774 8783 8782
f 8774 8775 8783
f 8775 8784 8783
f 8776 8777 8785
f 8777 8786 8785
f 8777 8778 8786
f 8778 8787 8786
f 8778 8779 8787
f 8779 8788 8787
f 8779 8780 8788
f 8780 8789 8788
f 8780 8781 8789
f 8781 8790 8789
f 8781 8782 8790
f 8782 8791 8790
f 8782 8783 8791
f 8783 8792 8791
f 8783 8784 8792
f 8784 8793 8792
f 8785 8786 8794
f 8786 8787 8795
f 8787 8788 8796
f 8788 8789 8797
f 8789 8790 8798
f 8790 8791 8799
f 8791 8792 8800
f 8792 8793 8801
f 8804 8813 8812
f 8805 8814 8813
f 8806 8815 8814
f 8807 8816 8815
f 8808 8817 8816
f 8809 8818 8817
f 8810 8819 8818
f 8811 8820 8819
f 8812 8813 8821
f 8813 8822 8821
f 8813 8814 8822
f 8814 8823 8822
f 8814 8815 8823
f 8815 8824 8823
f 8815 8816 8824
f 8816 8825 8824
f 8816 8817 8825
f 8817 8826 8825
f 8817 8818 8826
f 8818 8827 8826
f 8818 8819 8827
f 8819 8828 8827
f 8819 8820 8828
f 8820 8829 8828
f 8821 8822 8830
f 8822 8831 8830
f 8822 8823 8831
f 8823 8832 8831
f 8823 8824 8832
f 8824 8833 8832
f 8824 8825 8833
f 8825 8834 8833
f 8825 8826 8834
f 8826 8835 8834
f 8826 8827 8835
f 8827 8836 8835
f 8827 8828 8836
f 8828 8837 8836
f 8828 8829 8837
f 8829 8838 8837
f 8830 8831 8839
f 8831 8840 8839
f 8831 8832 8840
f 8832 8841 8840
f 8832 8833 8841
f 8833 8842 8841
f 8833 8834 8842
f 8834 8843 8842
f 8834 8835 8843
f 8835 8844 8843
f 8835 8836 8844
f 8836 8845 8844
f 8836 8837 8845
f 8837 8846 8845
f 8837 8838 8846
f 8838 8847 8846
f 8839 8840 8848
f 8840 8841 8849
f 8841 8842 8850
f 8842 8843 8851
f 8843 8844 8852
f 8844 8845 8853
f 8845 8846 8854
f 8846 8847 8855
usemtl pebble_2
f 8858 8867 8866
f 8859 8868 8867
f 8860 8869 8868
f 8861 8870 8869
f 8862 8871 8870
f 8863 8872 8871
f 8864 8873 8872
f 8865 8874 8873
f 8866 8867 8875
f 8867 8876 8875
f 8867 8868 8876
f 8868 8877 8876
f 8868 8869 8877
f 8869 8878 8877
f 8869 8870 8878
f 8870 8879 8878
f 8870 8871 8879
f 8871 8880 8879
f 8871 8872 8880
f 8872 8881 8880
f 8872 8873 8881
f 8873 8882 8881
f 8873 8874 8882
f 8874 8883 8882
f 8875 8876 8884
f 8876 8885 8884
f 8876 8877 8885
f 8877 8886 8885
f 8877 8878 8886
f 8878 8887 8886
f 8878 8879 8887
f 8879 8888 8887
f 8879 8880 8888
f 8880 8889 8888
f 8880 8881 8889
f 8881 8890 8889
f 8881 8882 8890
f 8882 8891 8890
f 8882 8883 8891
f 8883 8892 8891
f 8884 8885 8893
f 8885 8894 8893
f 8885 8886 8894
f 8886 8895 8894
f 8886 8887 8895
f 8887 8896 8895
f 8887 8888 8896
f 8888 8897 8896
f 8888 8889 8897
f 8889 8898 8897
f 8889 8890 8898
f 8890 8899 8898
f 8890 8891 8899
f 8891 8900 8899
f 8891 8892 8900
f 8892 8901 8900
f 8893 8894 8902
f 8894 8895 8903
f 8895 8896 8904
f 8896 8897 8905
f 8897 8898 8906
f 8898 8899 8907
f 8899 8900 8908
f 8900 8901 8909
f 8912 8921 8920
f 8913 8922 8921
f 8914 8923 8922
f 8915 8924 8923
f 8916 8925 8924
f 8917 8926 8925
f 8918 8927 8926
f 8919 8928 8927
f 8920 8921 8929
f 8921 8930 8929
f 8921 8922 8930
f 8922 8931 8930
f 8922 8923 8931
f 8923 8932 8931
f 8923 8924 8932
f 8924 8933 8932
f 8924 8925 8933
f 8925 8934 8933
f 8925 8926 8934
f 8926 8935 8934
f 8926 8927 8935
f 8927 8936 8935
f 8927 8928 8936
f 8928 8937 8936
f 8929 8930 8938
f 8930 8939 8938
f 8930 8931 8939
f 8931 8940 8939
f 8931 8932 8940
f 8932 8941 8940
f 8932 8933 8941
f 8933 8942 8941
f 8933 8934 8942
f 8934 8943 8942
f 8934 8935 8943
f 8935 8944 8943
f 8935 8936 8944
f 8936 8945 8944
f 8936 8937 8945
f 8937 8946 8945
f 8938 8939 8947
f 8939 8948 8947
f 8939 8940 8948
f 8940 8949 8948
f 8940 8941 8949
f 8941 8950 8949
f 8941 8942 8950
f 8942 8951 8950
f 8942 8943 8951
f 8943 8952 8951
f 8943 8944 8952
f 8944 8953 8952
f 8944 8945 8953
f 8945 8954 8953
f 8945 8946 8954
f 8946 8955 8954
f 8947 8948 8956
f 8948 8949 8957
f 8949 8950 8958
f 8950 8951 8959
f 8951 8952 8960
f 8952 8953 8961
f 8953 8954 8962
f 8954 8955 8963
f 8966 8975 8974
f 8967 8976 8975
f 8968 8977 8976
f 8969 8978 8977
f 8970 8979 8978
f 8971 8980 8979
f 8972 8981 8980
f 8973 8982 8981
f 8974 8975 8983
f 8975 8984 8983
f 8975 8976 8984
f 8976 8985 8984
f 8976 8977 8985
f 8977 8986 8985
f 8977 8978 8986
f 8978 8987 8986
f 8978 8979 8987
f 8979 8988 8987
f 8979 8980 8988
f 8980 8989 8988
f 8980 8981 8989
f 8981 8990 8989
f 8981 8982 8990
f 8982 8991 8990
f 8983 8984 8992
f 8984 8993 8992
f 8984 8985 8993
f 8985 8994 8993
f 8985 8986 8994
f 8986 8995 8994
f 8986 8987 8995
f 8987 8996 8995
f 8987 8988 8996
f 8988 8997 8996
f 8988 8989 8997
f 8989 8998 8997
f 8989 8990 8998
f 8990 8999 8998
f 8990 8991 8999
f 8991 9000 8999
f 8992 8993 9001
f 8993 9002 9001
f 8993 8994 9002
f 8994 9003 9002
f 8994 8995 9003
f 8995 9004 9003
f 8995 8996 9004
f 8996 9005 9004
f 8996 8997 9005
f 8997 9006 9005
f 8997 8998 9006
f 8998 9007 9006
f 8998 8999 9007
f 8999 9008 9007
f 8999 9000 9008
f 9000 9009 9008
f 9001 9002 9010
f 9002 9003 9011
f 9003 9004 9012
f 9004 9005 9013
f 9005 9006 9014
f 9006 9007 9015
f 9007 9008 9016
f 9008 9009 9017
usemtl pebble_0
f 9020 9029 9028
f 9021 9030 9029
f 9022 9031 9030
f 9023 9032 9031
f 9024 9033 9032
f 9025 9034 9033
f 9026 9035 9034
f 9027 9036 9035
f 9028 9029 9037
f 9029 9038 9037
f 9029 9030 9038
f 9030 9039 9038
f 9030 9031 9039
f 9031 9040 9039
f 9031 9032 9040
f 9032 9041 9040
f 9032 9033 9041
f 9033 9042 9041
f 9033 9034 9042
f 9034 9043 9042
f 9034 9035 9043
f 9035 9044 9043
f 9035 9036 9044
f 9036 9045 9044
f 9037 9038 9046
f 9038 9047 9046
f 9038 9039 9047
f 9039 9048 9047
f 9039 9040 9048
f 9040 9049 9048
f 9040 9041 9049
f 9041 9050 9049
f 9041 9042 9050
f 9042 9051 9050
f 9042 9043 9051
f 9043 9052 9051
f 9043 9044 9052
f 9044 9053 9052
f 9044 9045 9053
f 9045 9054 9053
f 9046 9047 9055
f 9047 9056 9055
f 9047 9048 9056
f 9048 9057 9056
f 9048 9049 9057
f 9049 9058 9057
f 9049 9050 9058
f 9050 9059 9058
f 9050 9051 9059
f 9051 9060 9059
f 9051 9052 9060
f 9052 9061 9060
f 9052 9053 9061
f 9053 9062 9061
f 9053 9054 9062
f 9054 9063 9062
f 9055 9056 9064
f 9056 9057 9065
f 9057 9058 9066
f 9058 9059 9067
f 9059 9060 9068
f 9060 9061 9069
f 9061 9062 9070
f 9062 9063 9071
usemtl pebble_1
f 9074 9083 9082
f 9075 9084 9083
f 9076 9085 9084
f 9077 9086 9085
f 9078 9087 9086
f 9079 9088 9087
f 9080 9089 9088
f 9081 9090 9089
f 9082 9083 9091
f 9083 9092 9091
f 9083 9084 9092
f 9084 9093 9092
f 9084 9085 9093
f 9085 9094 9093
f 9085 9086 9094
f 9086 9095 9094
f 9086 9087 9095
f 9087 9096 9095
f 9087 9088 9096
f 9088 9097 9096
f 9088 9089 9097
f 9089 9098 9097
f 9089 9090 9098
f 9090 9099 9098
f 9091 9092 9100
f 9092 9101 9100
f 9092 9093 9101
f 9093 9102 9101
f 9093 9094 9102
f 9094 9103 9102
f 9094 9095 9103
f 9095 9104 9103
f 9095 9096 9104
f 9096 9105 9104
f 9096 9097 9105
f 9097 9106 9105
f 9097 9098 9106
f 9098 9107 9106
f 9098 9099 9107
f 9099 9108 9107
f 9100 9101 9109
f 9101 9110 9109
f 9101 9102 9110
f 9102 9111 9110
f 9102 9103 9111
f 9103 9112 9111
f 9103 9104 9112
f 9104 9113 9112
f 9104 9105 9113
f 9105 9114 9113
f 9105 9106 9114
f 9106 9115 9114
f 9106 9107 9115
f 9107 9116 9115
f 9107 9108 9116
f 9108 9117 9116
f 9109 9110 9118
f 9110 9111 9119
f 9111 9112 9120
f 9112 9113 9121
f 9113 9114 9122
f 9114 9115 9123
f 9115 9116 9124
f 9116 9117 9125
usemtl pebble_3
f 9128 9137 9136
f 9129 9138 9137
f 9130 9139 9138
f 9131 9140 9139
f 9132 9141 9140
f 9133 9142 9141
f 9134 9143 9142
f 9135 9144 9143
f 9136 9137 9145
f 9137 9146 9145
f 9137 9138 9146
f 9138 9147 9146
f 9138 9139 9147
f 9139 9148 9147
f 9139 9140 9148
f 9140 9149 9148
f 9140 9141 9149
f 9141 9150 9149
f 9141 9142 9150
f 9142 9151 9150
f 9142 9143 9151
f 9143 9152 9151
f 9143 9144 9152
f 9144 9153 9152
f 9145 9146 9154
f 9146 9155 9154
f 9146 9147 9155
f 9147 9156 9155
f 9147 9148 9156
f 9148 9157 9156
f 9148 9149 9157
f 9149 9158 9157
f 9149 9150 9158
f 9150 9159 9158
f 9150 9151 9159
f 9151 9160 9159
f 9151 9152 9160
f 9152 9161 9160
f 9152 9153 9161
f 9153 9162 9161
f 9154 9155 9163
f 9155 9164 9163
f 9155 9156 9164
f 9156 9165 9164
f 9156 9157 9165
f 9157 9166 9165
f 9157 9158 9166
f 9158 9167 9166
f 9158 9159 9167
f 9159 9168 9167
f 9159 9160 9168
f 9160 9169 9168
f 9160 9161 9169
f 9161 9170 9169
f 9161 9162 9170
f 9162 9171 9170
f 9163 9164 9172
f 9164 9165 9173
f 9165 9166 9174
f 9166 9167 9175
f 9167 9168 9176
f 9168 9169 9177
f 9169 9170 9178
f 9170 9171 9179
usemtl pebble_2
f 9182 9191 9190
f 9183 9192 9191
f 9184 9193 9192
f 9185 9194 9193
f 9186 9195 9194
f 9187 9196 9195
f 9188 9197 9196
f 9189 9198 9197
f 9190 9191 9199
f 9191 9200 9199
f 9191 9192 9200
f 9192 9201 9200
f 9192 9193 9201
f 9193 9202 9201
f 9193 9194 9202
f 9194 9203 9202
f 9194 9195 9203
f 9195 9204 9203
f 9195 9196 9204
f 9196 9205 9204
f 9196 9197 9205
f 9197 9206 9205
f 9197 9198 9206
f 9198 9207 9206
f 9199 9200 9208
f 9200 9209 9208
f 9200 9201 9209
f 9201 9210 9209
f 9201 9202 9210
f 9202 9211 9210
f 9202 9203 9211
f 9203 9212 9211
f 9203 9204 9212
f 9204 9213 9212
f 9204 9205 9213
f 9205 9214 9213
f 9205 9206 9214
f 9206 9215 9214
f 9206 9207 9215
f 9207 9216 9215
f 9208 9209 9217
f 9209 9218 9217
f 9209 9210 9218
f 9210 9219 9218
f 9210 9211 9219
f 9211 9220 9219
f 9211 9212 9220
f 9212 9221 9220
f 9212 9213 9221
f 9213 9222 9221
f 9213 9214 9222
f 9214 9223 9222
f 9214 9215 9223
f 9215 9224 9223
f 9215 9216 9224
f 9216 9225 9224
f 9217 9218 9226
f 9218 9219 9227
f 9219 9220 9228
f 9220 9221 9229
f 9221 9222 9230
f 9222 9223 9231
f 9223 9224 9232
f 9224 9225 9233
usemtl pebble_1
f 9236 9245 9244
f 9237 9246 9245
f 9238 9247 9246
f 9239 9248 9247
f 9240 9249 9248
f 9241 9250 9249
f 9242 9251 9250
f 9243 9252 9251
f 9244 9245 9253
f 9245 9254 9253
f 9245 9246 9254
f 9246 9255 9254
f 9246 9247 9255
f 9247 9256 9255
f 9247 9248 9256
f 9248 9257 9256
f 9248 9249 9257
f 9249 9258 9257
f 9249 9250 9258
f 9250 9259 9258
f 9250 9251 9259
f 9251 9260 9259
f 9251 9252 9260
f 9252 9261 9260
f 9253 9254 9262
f 9254 9263 9262
f 9254 9255 9263
f 9255 9264 9263
f 9255 9256 9264
f 9256 9265 9264
f 9256 9257 9265
f 9257 9266 9265
f 9257 9258 9266
f 9258 9267 9266
f 9258 9259 9267
f 9259 9268 9267
f 9259 9260 9268
f 9260 9269 9268
f 9260 9261 9269
f 9261 9270 9269
f 9262 9263 9271
f 9263 9272 9271
f 9263 9264 9272
f 9264 9273 9272
f 9264 9265 9273
f 9265 9274 9273
f 9265 9266 9274
f 9266 9275 9274
f 9266 9267 9275
f 9267 9276 9275
f 9267 9268 9276
f 9268 9277 9276
f 9268 9269 9277
f 9269 9278 9277
f 9269 9270 9278
f 9270 9279 9278
f 9271 9272 9280
f 9272 9273 9281
f 9273 9274 9282
f 9274 9275 9283
f 9275 9276 9284
f 9276 9277 9285
f 9277 9278 9286
f 9278 9279 9287
usemtl pebble_3
f 9290 9299 9298
f 9291 9300 9299
f 9292 9301 9300
f 9293 9302 9301
f 9294 9303 9302
f 9295 9304 9303
f 9296 9305 9304
f 9297 9306 9305
f 9298 9299 9307
f 9299 9308 9307
f 9299 9300 9308
f 9300 9309 9308
f 9300 9301 9309
f 9301 9310 9309
f 9301 9302 9310
f 9302 9311 9310
f 9302 9303 9311
f 9303 9312 9311
f 9303 9304 9312
f 9304 9313 9312
f 9304 9305 9313
f 9305 9314 9313
f 9305 9306 9314
f 9306 9315 9314
f 9307 9308 9316
f 9308 9317 9316
f 9308 9309 9317
f 9309 9318 9317
f 9309 9310 9318
f 9310 9319 9318
f 9310 9311 9319
f 9311 9320 9319
f 9311 9312 9320
f 9312 9321 9320
f 9312 9313 9321
f 9313 9322 9321
f 9313 9314 9322
f 9314 9323 9322
f 9314 9315 9323
f 9315 9324 9323
f 9316 9317 9325
f 9317 9326 9325
f 9317 9318 9326
f 9318 9327 9326
f 9318 9319 9327
f 9319 9328 9327
f 9319 9320 9328
f 9320 9329 9328
f 9320 9321 9329
f 9321 9330 9329
f 9321 9322 9330
f 9322 9331 9330
f 9322 9323 9331
f 9323 9332 9331
f 9323 9324 9332
f 9324 9333 9332
f 9325 9326 9334
f 9326 9327 9335
f 9327 9328 9336
f 9328 9329 9337
f 9329 9330 9338
f 9330 9331 9339
f 9331 9332 9340
f 9332 9333 9341
usemtl pebble_0
f 9344 9353 9352
f 9345 9354 9353
f 9346 9355 9354
f 9347 9356 9355
f 9348 9357 9356
f 9349 9358 9357
f 9350 9359 9358
f 9351 9360 9359
f 9352 9353 9361
f 9353 9362 9361
f 9353 9354 9362
f 9354 9363 9362
f 9354 9355 9363
f 9355 9364 9363
f 9355 9356 9364
f 9356 9365 9364
f 9356 9357 9365
f 9357 9366 9365
f 9357 9358 9366
f 9358 9367 9366
f 9358 9359 9367
f 9359 9368 9367
f 9359 9360 9368
f 9360 9369 9368
f 9361 9362 9370
f 9362 9371 9370
f 9362 9363 9371
f 9363 9372 9371
f 9363 9364 9372
f 9364 9373 9372
f 9364 9365 9373
f 9365 9374 9373
f 9365 9366 9374
f 9366 9375 9374
f 9366 9367 9375
f 9367 9376 9375
f 9367 9368 9376
f 9368 9377 9376
f 9368 9369 9377
f 9369 9378 9377
f 9370 9371 9379
f 9371 9380 9379
f 9371 9372 9380
f 9372 9381 9380
f 9372 9373 9381
f 9373 9382 9381
f 9373 9374 9382
f 9374 9383 9382
f 9374 9375 9383
f 9375 9384 9383
f 9375 9376 9384
f 9376 9385 9384
f 9376 9377 9385
f 9377 9386 9385
f 9377 9378 9386
f 9378 9387 9386
f 9379 9380 9388
f 9380 9381 9389
f 9381 9382 9390
f 9382 9383 9391
f 9383 9384 9392
f 9384 9385 9393
f 9385 9386 9394
f 9386 9387 9395
f 9398 9407 9406
f 9399 9408 9407
f 9400 9409 9408
f 9401 9410 9409
f 9402 9411 9410
f 9403 9412 9411
f 9404 9413 9412
f 9405 9414 9413
f 9406 9407 9415
f 9407 9416 9415
f 9407 9408 9416
f 9408 9417 9416
f 9408 9409 9417
f 9409 9418 9417
f 9409 9410 9418
f 9410 9419 9418
f 9410 9411 9419
f 9411 9420 9419
f 9411 9412 9420
f 9412 9421 9420
f 9412 9413 9421
f 9413 9422 9421
f 9413 9414 9422
f 9414 9423 9422
f 9415 9416 9424
f 9416 9425 9424
f 9416 9417 9425
f 9417 9426 9425
f 9417 9418 9426
f 9418 9427 9426
f 9418 9419 9427
f 9419 9428 9427
f 9419 9420 9428
f 9420 9429 9428
f 9420 9421 9429
f 9421 9430 9429
f 9421 9422 9430
f 9422 9431 9430
f 9422 9423 9431
f 9423 9432 9431
f 9424 9425 9433
f 9425 9434 9433
f 9425 9426 9434
f 9426 9435 9434
f 9426 9427 9435
f 9427 9436 9435
f 9427 9428 9436
f 9428 9437 9436
f 9428 9429 9437
f 9429 9438 9437
f 9429 9430 9438
f 9430 9439 9438
f 9430 9431 9439
f 9431 9440 9439
f 9431 9432 9440
f 9432 9441 9440
f 9433 9434 9442
f 9434 9435 9443
f 9435 9436 9444
f 9436 9437 9445
f 9437 9438 9446
f 9438 9439 9447
f 9439 9440 9448
f 9440 9441 9449
f 9452 9461 9460
f 9453 9462 9461
f 9454 9463 9462
f 9455 9464 9463
f 9456 9465 9464
f 9457 9466 9465
f 9458 9467 9466
f 9459 9468 9467
f 9460 9461 9469
f 9461 9470 9469
f 9461 9462 9470
f 9462 9471 9470
f 9462 9463 9471
f 9463 9472 9471
f 9463 9464 9472
f 9464 9473 9472
f 9464 9465 9473
f 9465 9474 9473
f 9465 9466 9474
f 9466 9475 9474
f 9466 9467 9475
f 9467 9476 9475
f 9467 9468 9476
f 9468 9477 9476
f 9469 9470 9478
f 9470 9479 9478
f 9470 9471 9479
f 9471 9480 9479
f 9471 9472 9480
f 9472 9481 9480
f 9472 9473 9481
f 9473 9482 9481
f 9473 9474 9482
f 9474 9483 9482
f 9474 9475 9483
f 9475 9484 9483
f 9475 9476 9484
f 9476 9485 9484
f 9476 9477 9485
f 9477 9486 9485
f 9478 9479 9487
f 9479 9488 9487
f 9479 9480 9488
f 9480 9489 9488
f 9480 9481 9489
f 9481 9490 9489
f 9481 9482 9490
f 9482 9491 9490
f 9482 9483 9491
f 9483 9492 9491
f 9483 9484 9492
f 9484 9493 9492
f 9484 9485 9493
f 9485 9494 9493
f 9485 9486 9494
f 9486 9495 9494
f 9487 9488 9496
f 9488 9489 9497
f 9489 9490 9498
f 9490 9491 9499
f 9491 9492 9500
f 9492 9493 9501
f 9493 9494 9502
f 9494 9495 9503
usemtl pebble_1
f 9506 9515 9514
f 9507 9516 9515
f 9508 9517 9516
f 9509 9518 9517
f 9510 9519 9518
f 9511 9520 9519
f 9512 9521 9520
f 9513 9522 9521
f 9514 9515 9523
f 9515 9524 9523
f 9515 9516 9524
f 9516 9525 9524
f 9516 9517 9525
f 9517 9526 9525
f 9517 9518 9526
f 9518 9527 9526
f 9518 9519 9527
f 9519 9528 9527
f 9519 9520 9528
f 9520 9529 9528
f 9520 9521 9529
f 9521 9530 9529
f 9521 9522 9530
f 9522 9531 9530
f 9523 9524 9532
f 9524 9533 9532
f 9524 9525 9533
f 9525 9534 9533
f 9525 9526 9534
f 9526 9535 9534
f 9526 9527 9535
f 9527 9536 9535
f 9527 9528 9536
f 9528 9537 9536
f 9528 9529 9537
f 9529 9538 9537
f 9529 9530 9538
f 9530 9539 9538
f 9530 9531 9539
f 9531 9540 9539
f 9532 9533 9541
f 9533 9542 9541
f 9533 9534 9542
f 9534 9543 9542
f 9534 9535 9543
f 9535 9544 9543
f 9535 9536 9544
f 9536 9545 9544
f 9536 9537 9545
f 9537 9546 9545
f 9537 9538 9546
f 9538 9547 9546
f 9538 9539 9547
f 9539 9548 9547
f 9539 9540 9548
f 9540 9549 9548
f 9541 9542 9550
f 9542 9543 9551
f 9543 9544 9552
f 9544 9545 9553
f 9545 9546 9554
f 9546 9547 9555
f 9547 9548 9556
f 9548 9549 9557
f 9560 9569 9568
f 9561 9570 9569
f 9562 9571 9570
f 9563 9572 9571
f 9564 9573 9572
f 9565 9574 9573
f 9566 9575 9574
f 9567 9576 9575
f 9568 9569 9577
f 9569 9578 9577
f 9569 9570 9578
f 9570 9579 9578
f 9570 9571 9579
f 9571 9580 9579
f 9571 9572 9580
f 9572 9581 9580
f 9572 9573 9581
f 9573 9582 9581
f 9573 9574 9582
f 9574 9583 9582
f 9574 9575 9583
f 9575 9584 9583
f 9575 9576 9584
f 9576 9585 9584
f 9577 9578 9586
f 9578 9587 9586
f 9578 9579 9587
f 9579 9588 9587
f 9579 9580 9588
f 9580 9589 9588
f 9580 9581 9589
f 9581 9590 9589
f 9581 9582 9590
f 9582 9591 9590
f 9582 9583 9591
f 9583 9592 9591
f 9583 9584 9592
f 9584 9593 9592
f 9584 9585 9593
f 9585 9594 9593
f 9586 9587 9595
f 9587 9596 9595
f 9587 9588 9596
f 9588 9597 9596
f 9588 9589 9597
f 9589 9598 9597
f 9589 9590 9598
f 9590 9599 9598
f 9590 9591 9599
f 9591 9600 9599
f 9591 9592 9600
f 9592 9601 9600
f 9592 9593 9601
f 9593 9602 9601
f 9593 9594 9602
f 9594 9603 9602
f 9595 9596 9604
f 9596 9597 9605
f 9597 9598 9606
f 9598 9599 9607
f 9599 9600 9608
f 9600 9601 9609
f 9601 9602 9610
f 9602 9603 9611
usemtl pebble_2
f 9614 9623 9622
f 9615 9624 9623
f 9616 9625 9624
f 9617 9626 9625
f 9618 9627 9626
f 9619 9628 9627
f 9620 9629 9628
f 9621 9630 9629
f 9622 9623 9631
f 9623 9632 9631
f 9623 9624 9632
f 9624 9633 9632
f 9624 9625 9633
f 9625 9634 9633
f 9625 9626 9634
f 9626 9635 9634
f 9626 9627 9635
f 9627 9636 9635
f 9627 9628 9636
f 9628 9637 9636
f 9628 9629 9637
f 9629 9638 9637
f 9629 9630 9638
f 9630 9639 9638
f 9631 9632 9640
f 9632 9641 9640
f 9632 9633 9641
f 9633 9642 9641
f 9633 9634 9642
f 9634 9643 9642
f 9634 9635 9643
f 9635 9644 9643
f 9635 9636 9644
f 9636 9645 9644
f 9636 9637 9645
f 9637 9646 9645
f 9637 9638 9646
f 9638 9647 9646
f 9638 9639 9647
f 9639 9648 9647
f 9640 9641 9649
f 9641 9650 9649
f 9641 9642 9650
f 9642 9651 9650
f 9642 9643 9651
f 9643 9652 9651
f 9643 9644 9652
f 9644 9653 9652
f 9644 9645 9653
f 9645 9654 9653
f 9645 9646 9654
f 9646 9655 9654
f 9646 9647 9655
f 9647 9656 9655
f 9647 9648 9656
f 9648 9657 9656
f 9649 9650 9658
f 9650 9651 9659
f 9651 9652 9660
f 9652 9653 9661
f 9653 9654 9662
f 9654 9655 9663
f 9655 9656 9664
f 9656 9657 9665
f 9668 9677 9676
f 9669 9678 9677
f 9670 9679 9678
f 9671 9680 9679
f 9672 9681 9680
f 9673 9682 9681
f 9674 9683 9682
f 9675 9684 9683
f 9676 9677 9685
f 9677 9686 9685
f 9677 9678 9686
f 9678 9687 9686
f 9678 9679 9687
f 9679 9688 9687
f 9679 9680 9688
f 9680 9689 9688
f 9680 9681 9689
f 9681 9690 9689
f 9681 9682 9690
f 9682 9691 9690
f 9682 9683 9691
f 9683 9692 9691
f 9683 9684 9692
f 9684 9693 9692
f 9685 9686 9694
f 9686 9695 9694
f 9686 9687 9695
f 9687 9696 9695
f 9687 9688 9696
f 9688 9697 9696
f 9688 9689 9697
f 9689 9698 9697
f 9689 9690 9698
f 9690 9699 9698
f 9690 9691 9699
f 9691 9700 9699
f 9691 9692 9700
f 9692 9701 9700
f 9692 9693 9701
f 9693 9702 9701
f 9694 9695 9703
f 9695 9704 9703
f 9695 9696 9704
f 9696 9705 9704
f 9696 9697 9705
f 9697 9706 9705
f 9697 9698 9706
f 9698 9707 9706
f 9698 9699 9707
f 9699 9708 9707
f 9699 9700 9708
f 9700 9709 9708
f 9700 9701 9709
f 9701 9710 9709
f 9701 9702 9710
f 9702 9711 9710
f 9703 9704 9712
f 9704 9705 9713
f 9705 9706 9714
f 9706 9707 9715
f 9707 9708 9716
f 9708 9709 9717
f 9709 9710 9718
f 9710 9711 9719
