mtllib rocks.mtl
o scene_mesh
v -19.95886 0.802995 14.995705
v -19.95886 0.802995 14.995705
v -19.95886 0.802995 14.995705
v -19.95886 0.802995 14.995705
v -19.95886 0.802995 14.995705
v -19.95886 0.802995 14.995705
v -19.95886 0.802995 14.995705
v -19.95886 0.802995 14.995705
v -19.95886 0.802995 14.995705
v -19.95886 0.802995 14.995705
v -19.95886 0.802995 14.995705
v -19.95886 0.802995 14.995705
v -19.95886 0.802995 14.995705
v -19.95886 0.802995 14.995705
v -19.95886 0.802995 14.995705
v -19.95886 0.802995 14.995705
v -19.95886 0.802995 14.995705
v -19.95886 0.802995 14.995705
v -19.95886 0.802995 14.995705
v -19.95886 0.802995 14.995705
v -19.95886 0.802995 14.995705
v -19.95886 0.802995 14.995705
v -19.95886 0.802995 14.995705
v -19.102366 0.82765 14.906291
v -19.150073 0.824916 14.761568
v -19.266564 0.821579 14.636457
v -19.44265 0.819583 14.543938
v -19.660461 0.820762 14.494155
v -19.895255 0.825614 14.490966
v -20.121893 0.832975 14.530783
v -20.321367 0.840529 14.604856
v -20.483365 0.845555 14.703137
v -20.604306 0.845745 14.817475
v -20.682358 0.840155 14.942625
v -20.712602 0.830008 15.074393
v -20.686438 0.818679 15.206087
v -20.596972 0.810352 15.326455
v -20.446502 0.807783 15.421878
v -20.24881 0.810744 15.481575
v -20.023861 0.81653 15.500872
v -19.791039 0.822089 15.479871
v -19.567563 0.825837 15.420424
v -19.37078 0.827853 15.325548
v -19.218576 0.828803 15.201196
v -19.126093 0.828876 15.057262
v -19.102366 0.82765 14.906291
v -18.322965 0.875669 14.824924
v -18.431703 0.87747 14.553375
v -18.634696 0.864002 14.30817
v -18.949437 0.84501 14.11202
v -19.370539 0.835561 14.006999
v -19.835094 0.841947 14.015031
v -20.265782 0.860386 14.120562
v -20.614503 0.883707 14.289374
v -20.871981 0.903339 14.487023
v -21.061385 0.909208 14.691737
v -21.212553 0.893943 14.903905
v -21.322989 0.85952 15.138115
v -21.3404 0.820812 15.395266
v -21.199369 0.799974 15.638962
v -20.894285 0.809419 15.813297
v -20.496551 0.838478 15.895466
v -20.077833 0.863544 15.909927
v -19.653184 0.870564 15.881259
v -19.218589 0.86305 15.799958
v -18.807557 0.853677 15.641501
v -18.491368 0.853183 15.403044
v -18.32922 0.863354 15.11623
v -18.322965 0.875669 14.824924
v -17.614095 0.933557 14.750921
v -17.929717 0.981756 14.407423
v -18.23408 0.976632 14.098695
v -18.587072 0.926027 13.792883
v -19.125404 0.884058 13.592969
v -19.782098 0.881386 13.588489
v -20.395888 0.908754 13.752276
v -20.868341 0.95214 14.017571
v -21.182032 0.995481 14.31575
v -21.407864 1.012154 14.59721
v -21.641949 0.980497 14.872834
v -21.886181 0.904702 15.19691
v -21.993622 0.82492 15.584217
v -21.775771 0.802937 15.937782
v -21.253331 0.860028 16.125721
v -20.662096 0.937475 16.167274
v -20.117022 0.96859 16.186324
v -19.541401 0.946773 16.210865
v -18.879657 0.900006 16.168606
v -18.199237 0.857828 15.982158
v -17.671339 0.845142 15.630146
v -17.468647 0.874442 15.179737
v -17.614095 0.933557 14.750921
v -16.951077 1.073326 14.681705
v -17.521379 1.172979 14.287959
v -18.054631 1.218671 14.00188
v -18.41991 1.154712 13.640123
v -18.962435 1.061503 13.309128
v -19.744091 1.030569 13.247454
v -20.508548 1.056709 13.445248
v -21.080457 1.115969 13.795207
v -21.425755 1.181673 14.183959
v -21.685987 1.202618 14.522879
v -22.037727 1.142316 14.844745
v -22.450622 1.018409 15.255835
v -22.621112 0.911985 15.765147
v -22.232901 0.927971 16.172859
v -21.471924 1.052499 16.311249
v -20.775873 1.14448 16.345864
v -20.153216 1.156919 16.415063
v -19.468082 1.135829 16.442625
v -18.690643 1.092517 16.381868
v -17.84668 1.034156 16.183934
v -17.115981 0.994539 15.78617
v -16.767055 1.004444 15.232323
v -16.951077 1.073326 14.681705
v -16.545691 1.37645 14.639384
v -17.087846 1.426329 14.160774
v -17.861364 1.482253 13.897564
v -18.366752 1.458111 13.584866
v -18.871382 1.358098 13.138859
v -19.717883 1.293503 12.965758
v -20.610908 1.296007 13.178033
v -21.259095 1.34195 13.611867
v -21.620856 1.396956 14.080115
v -21.939568 1.401722 14.455473
v -22.462327 1.322751 14.814657
v -23.049672 1.197213 15.318374
v -23.174148 1.128296 15.923638
v -22.518067 1.198526 16.316505
v -21.628098 1.313822 16.440214
v -20.917867 1.358017 16.571393
v -20.186206 1.391561 16.605245
v -19.46588 1.433939 16.482328
v -18.715725 1.432062 16.369872
v -17.8329 1.393882 16.200636
v -17.010364 1.362662 15.820718
v -16.53186 1.357003 15.252021
v -16.545691 1.37645 14.639384
v -16.506084 1.716049 14.635249
v -16.841566 1.718136 14.087495
v -17.599083 1.725061 13.757788
v -18.33913 1.719713 13.553143
v -18.868928 1.664302 13.116628
v -19.707793 1.597226 12.798453
v -20.692053 1.570459 12.975691
v -21.391814 1.583814 13.478959
v -21.764853 1.607182 14.004754
v -22.173751 1.593014 14.393329
v -22.886926 1.522148 14.784695
v -23.557732 1.440028 15.371413
v -23.460788 1.430444 16.004463
v -22.587057 1.504164 16.347516
v -21.788227 1.556359 16.57318
v -21.049672 1.583209 16.779145
v -20.201153 1.643366 16.649117
v -19.491802 1.691226 16.436679
v -18.724672 1.698549 16.372084
v -17.784708 1.692896 16.235085
v -16.960039 1.696446 15.839451
v -16.529177 1.707675 15.254567
v -16.506084 1.716049 14.635249
v -16.559121 2.027597 14.640786
v -16.855305 2.018622 14.089379
v -17.408064 1.999538 13.654469
v -18.254599 1.968414 13.472041
v -18.92868 1.944126 13.200293
v -19.722353 1.915767 12.819896
v -20.736942 1.877365 12.881119
v -21.492958 1.846965 13.38119
v -21.913331 1.829009 13.927175
v -22.431224 1.807967 14.325072
v -23.24263 1.775739 14.760175
v -23.769398 1.753439 15.39351
v -23.365763 1.766339 15.974636
v -22.544329 1.795876 16.320817
v -21.92718 1.817651 16.687092
v -21.084698 1.848809 16.822181
v -20.204495 1.882767 16.605709
v -19.48327 1.910366 16.48572
v -18.635359 1.942282 16.479676
v -17.655898 1.979772 16.314363
v -16.854997 2.011629 15.873079
v -16.483167 2.028022 15.260105
v -16.559121 2.027597 14.640786
v -16.597791 2.333533 14.644823
v -16.966367 2.305526 14.119515
v -17.396528 2.291854 13.643935
v -18.138134 2.251186 13.362036
v -18.965791 2.205699 13.247065
v -19.757013 2.202861 13.007909
v -20.718124 2.187204 12.96986
v -21.53297 2.135022 13.350727
v -22.060265 2.086364 13.851347
v -22.640757 2.070775 14.270784
v -23.319714 2.07762 14.756516
v -23.513264 2.078479 15.366771
v -23.01923 2.067518 15.872288
v -22.492731 2.075032 16.289715
v -21.918738 2.101303 16.671498
v -21.015365 2.105445 16.690707
v -20.207152 2.109113 16.56073
v -19.46737 2.1479 16.557985
v -18.593722 2.212965 16.536849
v -17.65806 2.281035 16.32068
v -16.903537 2.329449 15.86419
v -16.518059 2.34859 15.259681
v -16.597791 2.333533 14.644823
v -16.754122 2.641321 14.661143
v -17.110633 2.596285 14.159229
v -17.528777 2.582011 13.707987
v -18.109227 2.573756 13.327424
v -18.949216 2.513526 13.201051
v -19.788889 2.469537 13.180055
v -20.640916 2.452129 13.221285
v -21.418286 2.409956 13.487186
v -22.0026 2.361472 13.890502
v -22.5199 2.346947 14.308235
v -22.921677 2.351476 14.787689
v -22.931739 2.338364 15.306062
v -22.665783 2.327399 15.768227
v -22.341483 2.35059 16.207
v -21.69927 2.353148 16.47234
v -20.890268 2.32167 16.468091
v -20.20429 2.333604 16.473061
v -19.491127 2.39718 16.517657
v -18.675187 2.480535 16.460586
v -17.841315 2.562416 16.225119
v -17.157625 2.622232 15.797987
v -16.75658 2.652863 15.244138
v -16.754122 2.641321 14.661143
v -17.1179 2.923987 14.69912
v -17.376085 2.886479 14.234007
v -17.766545 2.869417 13.826794
v -18.248141 2.895542 13.43955
v -18.972467 2.87822 13.218474
v -19.809702 2.801223 13.246658
v -20.58038 2.721111 13.425279
v -21.22692 2.651031 13.705163
v -21.725624 2.594953 14.051394
v -22.106338 2.566411 14.425975
v -22.351986 2.556957 14.831058
v -22.416223 2.556226 15.252244
v -22.315786 2.571349 15.665274
v -21.964043 2.573886 16.007818
v -21.349013 2.527835 16.161076
v -20.740246 2.495184 16.206197
v -20.188217 2.536264 16.288268
v -19.561737 2.619668 16.339756
v -18.858666 2.71242 16.272268
v -18.154935 2.801707 16.055524
v -17.56382 2.872849 15.689033
v -17.18609 2.918565 15.214258
v -17.1179 2.923987 14.69912
v -17.699309 3.14401 14.759817
v -17.852409 3.131241 14.370107
v -18.159091 3.125425 14.026343
v -18.567476 3.161032 13.711035
v -19.139369 3.192192 13.479841
v -19.847283 3.157928 13.437316
v -20.53635 3.065906 13.59035
v -21.093477 2.959352 13.863424
v -21.499214 2.871233 14.185047
v -21.77955 2.816069 14.520105
v -21.946083 2.790676 14.862543
v -21.972442 2.779785 15.205915
v -21.806639 2.757749 15.51668
v -21.438375 2.702035 15.733261
v -20.989051 2.638967 15.843168
v -20.577981 2.632147 15.92593
v -20.159659 2.69572 16.018243
v -19.665076 2.791321 16.062156
v -19.112461 2.891309 16.005445
v -18.56351 2.98565 15.831389
v -18.095491 3.065409 15.544478
v -17.785133 3.122103 15.171467
v -17.699309 3.14401 14.759817
v -18.463696 3.253762 14.839616
v -18.541558 3.265287 14.568549
v -18.741128 3.27592 14.325788
v -19.03982 3.302507 14.119876
v -19.437249 3.33397 13.971082
v -19.915425 3.339089 13.918356
v -20.408292 3.300699 13.984458
v -20.837439 3.228999 14.152705
v -21.156302 3.146424 14.383893
v -21.352265 3.069323 14.642133
v -21.423645 3.000363 14.902456
v -21.367583 2.931716 15.14277
v -21.194001 2.856624 15.338753
v -20.945824 2.784564 15.476586
v -20.680382 2.743523 15.570292
v -20.415889 2.756599 15.646693
v -20.124647 2.819076 15.708173
v -19.785454 2.90751 15.729404
v -19.41328 3.001736 15.684647
v -19.047854 3.090488 15.56286
v -18.738031 3.166259 15.367888
v -18.531544 3.222274 15.11712
v -18.463696 3.253762 14.839616
v -19.297066 3.222919 14.926617
v -19.329979 3.244025 14.79679
v -19.425016 3.259522 14.680642
v -19.574706 3.271638 14.588384
v -19.768027 3.278863 14.529149
v -19.988738 3.276288 14.510814
v -20.214158 3.25907 14.537406
v -20.418419 3.225752 14.606278
v -20.578809 3.178743 14.707996
v -20.680665 3.122535 14.828987
v -20.718912 3.062011 14.954815
v -20.69746 3.002344 15.072812
v -20.627351 2.949986 15.17417
v -20.522777 2.912838 15.255236
v -20.395246 2.898105 15.316541
v -20.249847 2.908852 15.359186
v -20.087484 2.942252 15.381304
v -19.911108 2.991117 15.377851
v -19.730161 3.047041 15.343549
v -19.56045 3.102668 15.2762
v -19.420831 3.152467 15.178496
v -19.328913 3.192922 15.058149
v -19.297066 3.222919 14.926617
v -20.045331 3.101943 15.004732
v -20.045331 3.101943 15.004732
v -20.045331 3.101943 15.004732
v -20.045331 3.101943 15.004732
v -20.045331 3.101943 15.004732
v -20.045331 3.101943 15.004732
v -20.045331 3.101943 15.004732
v -20.045331 3.101943 15.004732
v -20.045331 3.101943 15.004732
v -20.045331 3.101943 15.004732
v -20.045331 3.101943 15.004732
v -20.045331 3.101943 15.004732
v -20.045331 3.101943 15.004732
v -20.045331 3.101943 15.004732
v -20.045331 3.101943 15.004732
v -20.045331 3.101943 15.004732
v -20.045331 3.101943 15.004732
v -20.045331 3.101943 15.004732
v -20.045331 3.101943 15.004732
v -20.045331 3.101943 15.004732
v -20.045331 3.101943 15.004732
v -20.045331 3.101943 15.004732
v -20.045331 3.101943 15.004732
v -14.040344 -1.328341 -9.990907
v -14.040344 -1.328341 -9.990907
v -14.040344 -1.328341 -9.990907
v -14.040344 -1.328341 -9.990907
v -14.040344 -1.328341 -9.990907
v -14.040344 -1.328341 -9.990907
v -14.040344 -1.328341 -9.990907
v -14.040344 -1.328341 -9.990907
v -14.040344 -1.328341 -9.990907
v -14.040344 -1.328341 -9.990907
v -14.040344 -1.328341 -9.990907
v -14.040344 -1.328341 -9.990907
v -14.040344 -1.328341 -9.990907
v -14.040344 -1.328341 -9.990907
v -14.040344 -1.328341 -9.990907
v -14.040344 -1.328341 -9.990907
v -14.040344 -1.328341 -9.990907
v -14.040344 -1.328341 -9.990907
v -14.040344 -1.328341 -9.990907
v -14.040344 -1.328341 -9.990907
v -14.040344 -1.328341 -9.990907
v -14.040344 -1.328341 -9.990907
v -14.040344 -1.328341 -9.990907
v -14.656713 -1.268636 -9.851991
v -14.596096 -1.271286 -9.68826
v -14.493071 -1.278993 -9.544626
v -14.351119 -1.290186 -9.433304
v -14.179101 -1.302643 -9.367578
v -13.992838 -1.31434 -9.356791
v -13.8118 -1.32398 -9.402356
v -13.65398 -1.331088 -9.497628
v -13.532207 -1.335946 -9.630643
v -13.45301 -1.339427 -9.787842
v -13.418285 -1.34249 -9.95719
v -13.428634 -1.34539 -10.128773
v -13.485246 -1.347204 -10.292447
v -13.587853 -1.346311 -10.435484
v -13.730808 -1.341618 -10.543895
v -13.90207 -1.333388 -10.606675
v -14.086133 -1.322897 -10.61839
v -14.267008 -1.311421 -10.578319
v -14.428878 -1.299732 -10.48937
v -14.556789 -1.288423 -10.35893
v -14.63949 -1.278464 -10.199424
v -14.672334 -1.271341 -10.025903
v -14.656713 -1.268636 -9.851991
v -15.13205 -1.202233 -9.744861
v -14.999616 -1.200269 -9.467931
v -14.83704 -1.215909 -9.204353
v -14.611371 -1.24416 -8.964988
v -14.304258 -1.275176 -8.804218
v -13.948746 -1.301392 -8.768195
v -13.601929 -1.319984 -8.861891
v -13.31314 -1.329849 -9.06281
v -13.113017 -1.331138 -9.334084
v -13.003216 -1.328149 -9.633031
v -12.959415 -1.328767 -9.932737
v -12.963188 -1.337884 -10.233675
v -13.031792 -1.350696 -10.538536
v -13.199104 -1.355258 -10.817128
v -13.463517 -1.345216 -11.02065
v -13.783296 -1.327233 -11.132857
v -14.125963 -1.311591 -11.169846
v -14.480306 -1.300114 -11.130287
v -14.818381 -1.287236 -10.987565
v -15.082695 -1.268237 -10.732507
v -15.220414 -1.243734 -10.401116
v -15.2231 -1.219135 -10.056444
v -15.13205 -1.202233 -9.744861
v -15.546232 -1.133641 -9.651513
v -15.250528 -1.109478 -9.330009
v -15.019188 -1.121386 -9.021294
v -14.777511 -1.168495 -8.661544
v -14.399278 -1.22534 -8.368913
v -13.91081 -1.270058 -8.279141
v -13.420772 -1.300075 -8.398242
v -13.018726 -1.31335 -8.688661
v -12.773509 -1.30489 -9.095194
v -12.683155 -1.284193 -9.524145
v -12.657393 -1.276363 -9.917396
v -12.626934 -1.298323 -10.309459
v -12.658431 -1.333431 -10.740763
v -12.879164 -1.341389 -11.130225
v -13.2684 -1.312028 -11.365206
v -13.698812 -1.28288 -11.496647
v -14.156914 -1.280133 -11.617867
v -14.688078 -1.289233 -11.667934
v -15.239412 -1.287159 -11.524832
v -15.675316 -1.264744 -11.152358
v -15.874283 -1.225086 -10.62741
v -15.804774 -1.177417 -10.088467
v -15.546232 -1.133641 -9.651513
v -15.9293 -1.022061 -9.565178
v -15.493838 -0.984083 -9.195529
v -15.11642 -0.975544 -8.919097
v -14.846746 -1.023774 -8.524137
v -14.453486 -1.104492 -8.096342
v -13.878361 -1.170028 -7.923764
v -13.276142 -1.213379 -8.040417
v -12.780259 -1.232568 -8.391902
v -12.511846 -1.214158 -8.915169
v -12.460867 -1.175328 -9.4513
v -12.439882 -1.165109 -9.907623
v -12.331931 -1.210506 -10.375946
v -12.316653 -1.267115 -10.924886
v -12.63675 -1.257465 -11.364007
v -13.152002 -1.196781 -11.561515
v -13.638765 -1.169658 -11.73379
v -14.174474 -1.180516 -11.94232
v -14.812245 -1.188279 -12.005699
v -15.467327 -1.180448 -11.825624
v -15.999472 -1.155172 -11.388258
v -16.267047 -1.114341 -10.766868
v -16.225765 -1.067338 -10.11303
v -15.9293 -1.022061 -9.565178
v -16.13813 -0.854075 -9.518113
v -15.76337 -0.844766 -9.046549
v -15.268721 -0.840098 -8.763385
v -14.879547 -0.864273 -8.450238
v -14.477004 -0.933463 -7.946989
v -13.847996 -1.007841 -7.650142
v -13.149877 -1.062302 -7.741167
v -12.578762 -1.090709 -8.14802
v -12.302703 -1.078513 -8.774941
v -12.278003 -1.04689 -9.392753
v -12.208133 -1.0521 -9.897114
v -11.988926 -1.111884 -10.453252
v -11.988887 -1.155482 -11.100515
v -12.471319 -1.113214 -11.519464
v -13.060675 -1.051427 -11.710225
v -13.58138 -1.03121 -11.952487
v -14.173175 -1.009232 -12.071871
v -14.801817 -0.981848 -12.014787
v -15.46477 -0.963154 -11.842642
v -16.049954 -0.939143 -11.436541
v -16.357129 -0.905378 -10.805362
v -16.350338 -0.873569 -10.123095
v -16.13813 -0.854075 -9.518113
v -16.178539 -0.689574 -9.509005
v -15.891841 -0.694775 -8.97389
v -15.444923 -0.709286 -8.584452
v -14.91334 -0.729673 -8.37698
v -14.465673 -0.769472 -7.954341
v -13.827348 -0.831507 -7.520848
v -13.055779 -0.891216 -7.528349
v -12.431037 -0.929605 -7.974549
v -12.154877 -0.934697 -8.678607
v -12.116926 -0.925864 -9.341461
v -11.949082 -0.947084 -9.884997
v -11.666098 -0.996619 -10.52601
v -11.802193 -1.005668 -11.198852
v -12.409028 -0.955839 -11.573161
v -12.971505 -0.918115 -11.856257
v -13.547785 -0.885693 -12.06362
v -14.155246 -0.837985 -11.975182
v -14.754825 -0.805897 -11.924282
v -15.476881 -0.781886 -11.875012
v -16.135573 -0.750018 -11.508143
v -16.465652 -0.717962 -10.849456
v -16.428844 -0.69679 -10.130387
v -16.178539 -0.689574 -9.509005
v -16.238263 -0.533097 -9.495545
v -15.871605 -0.548694 -8.981989
v -15.519153 -0.563917 -8.504835
v -14.959979 -0.595537 -8.280871
v -14.431658 -0.625391 -8.067716
v -13.823627 -0.656917 -7.620297
v -13.023206 -0.704661 -7.476874
v -12.347393 -0.752377 -7.884354
v -12.042311 -0.781476 -8.607787
v -11.943419 -0.797126 -9.286153
v -11.709941 -0.819879 -9.874337
v -11.521223 -0.841196 -10.558662
v -11.840184 -0.830001 -11.174776
v -12.401704 -0.800677 -11.573059
v -12.91532 -0.773926 -11.942442
v -13.55699 -0.734611 -11.983103
v -14.137403 -0.696723 -11.853908
v -14.760386 -0.659543 -11.96413
v -15.544687 -0.610979 -11.977488
v -16.220276 -0.563402 -11.578952
v -16.566518 -0.532241 -10.890848
v -16.559932 -0.522138 -10.140472
v -16.238263 -0.533097 -9.495545
v -16.300869 -0.366456 -9.481435
v -15.827981 -0.407835 -9.00288
v -15.459931 -0.425523 -8.556413
v -14.982714 -0.451099 -8.226371
v -14.407352 -0.493367 -8.141106
v -13.834194 -0.509804 -7.890463
v -13.088384 -0.526388 -7.676008
v -12.38119 -0.566838 -7.944797
v -11.999495 -0.613039 -8.587242
v -11.829463 -0.64525 -9.252215
v -11.653189 -0.662385 -9.874016
v -11.662845 -0.668261 -10.526743
v -12.007942 -0.662989 -11.080467
v -12.414079 -0.646371 -11.553679
v -12.952381 -0.621504 -11.861636
v -13.591944 -0.60027 -11.792551
v -14.126593 -0.567684 -11.81777
v -14.773621 -0.505658 -12.025077
v -15.537987 -0.43392 -11.985462
v -16.157435 -0.380656 -11.545057
v -16.49789 -0.352215 -10.873549
v -16.572206 -0.343434 -10.144233
v -16.300869 -0.366456 -9.481435
v -16.237479 -0.197998 -9.495722
v -15.779313 -0.257987 -9.02633
v -15.347969 -0.296665 -8.660159
v -14.942183 -0.306024 -8.284571
v -14.400261 -0.342807 -8.133139
v -13.840442 -0.375296 -8.091044
v -13.214905 -0.383046 -8.027231
v -12.57943 -0.403996 -8.212961
v -12.157176 -0.445696 -8.708609
v -11.955035 -0.483147 -9.301295
v -11.872682 -0.50345 -9.888585
v -11.94761 -0.511518 -10.462563
v -12.159249 -0.506556 -10.995291
v -12.51055 -0.490509 -11.451758
v -13.082939 -0.486421 -11.615863
v -13.6287 -0.481445 -11.598064
v -14.11462 -0.431546 -11.771934
v -14.736833 -0.347323 -11.957814
v -15.420008 -0.26823 -11.850378
v -15.962885 -0.217602 -11.416753
v -16.282883 -0.19196 -10.805039
v -16.40545 -0.178825 -10.138117
v -16.237479 -0.197998 -9.495722
v -16.016198 -0.04443 -9.545594
v -15.657956 -0.101968 -9.089097
v -15.233493 -0.157321 -8.765877
v -14.851228 -0.164035 -8.432944
v -14.379783 -0.168272 -8.178373
v -13.832623 -0.198717 -8.136464
v -13.28622 -0.228818 -8.237999
v -12.780402 -0.257133 -8.48312
v -12.40685 -0.293735 -8.894226
v -12.199727 -0.328511 -9.391215
v -12.118193 -0.348539 -9.904484
v -12.147217 -0.351779 -10.417576
v -12.329539 -0.346234 -10.89974
v -12.733246 -0.353776 -11.226953
v -13.241485 -0.376167 -11.322606
v -13.663412 -0.364225 -11.41308
v -14.095057 -0.293751 -11.624281
v -14.64465 -0.201348 -11.745557
v -15.222269 -0.123833 -11.611527
v -15.689776 -0.075141 -11.231625
v -15.985681 -0.048698 -10.707563
v -16.114543 -0.032835 -10.124998
v -16.016198 -0.04443 -9.545594
v -15.659655 0.086202 -9.62595
v -15.41353 0.044376 -9.218824
v -15.074021 -0.004039 -8.915067
v -14.723566 -0.015729 -8.64613
v -14.319206 0.000856 -8.403212
v -13.831376 0.004558 -8.294206
v -13.326718 -0.017006 -8.379342
v -12.884398 -0.0532 -8.634857
v -12.556164 -0.093614 -9.011571
v -12.360546 -0.12898 -9.453784
v -12.296004 -0.15377 -9.917431
v -12.37785 -0.173013 -10.365597
v -12.630798 -0.200818 -10.733426
v -13.008334 -0.241536 -10.951921
v -13.380033 -0.266791 -11.06508
v -13.703332 -0.239299 -11.202928
v -14.067769 -0.163508 -11.36506
v -14.511373 -0.075739 -11.423789
v -14.967933 -0.002904 -11.298266
v -15.350549 0.046721 -10.998481
v -15.608552 0.07732 -10.581895
v -15.722051 0.093795 -10.106076
v -15.659655 0.086202 -9.62595
v -15.171732 0.178021 -9.735918
v -15.02512 0.15659 -9.427344
v -14.800149 0.130715 -9.177312
v -14.529903 0.120475 -8.978124
v -14.216572 0.130674 -8.825247
v -13.855983 0.145657 -8.750171
v -13.476555 0.147727 -8.794415
v -13.132441 0.131248 -8.968588
v -12.873428 0.100428 -9.247492
v -12.729633 0.061604 -9.587903
v -12.713212 0.018042 -9.942862
v -12.82058 -0.030322 -10.265815
v -13.023774 -0.081021 -10.517855
v -13.269167 -0.121518 -10.690502
v -13.512332 -0.132063 -10.816237
v -13.757124 -0.102399 -10.928
v -14.034112 -0.042711 -11.011093
v -14.347168 0.026045 -11.01812
v -14.662213 0.087429 -10.916579
v -14.932913 0.134333 -10.707827
v -15.122239 0.165762 -10.417217
v -15.206287 0.181292 -10.079842
v -15.171732 0.178021 -9.735918
v -14.572474 0.201582 -9.870977
v -14.508299 0.199 -9.706908
v -14.399018 0.193512 -9.56773
v -14.2545 0.189068 -9.462351
v -14.084455 0.187289 -9.397488
v -13.899722 0.186326 -9.380037
v -13.715189 0.182239 -9.415758
v -13.549854 0.171532 -9.504992
v -13.422886 0.152776 -9.639613
v -13.348431 0.126784 -9.803744
v -13.332017 0.096142 -9.977514
v -13.369701 0.06494 -10.142055
v -13.450289 0.038619 -10.284091
v -13.560485 0.023108 -10.398032
v -13.690565 0.02279 -10.483576
v -13.836134 0.038322 -10.540008
v -13.994242 0.066116 -10.56233
v -14.157881 0.100042 -10.542931
v -14.314127 0.133909 -10.476739
v -14.446739 0.163067 -10.365224
v -14.540355 0.184692 -10.217097
v -14.583872 0.19748 -10.046632
v -14.572474 0.201582 -9.870977
v -13.948453 0.149994 -10.011618
v -13.948453 0.149994 -10.011618
v -13.948453 0.149994 -10.011618
v -13.948453 0.149994 -10.011618
v -13.948453 0.149994 -10.011618
v -13.948453 0.149994 -10.011618
v -13.948453 0.149994 -10.011618
v -13.948453 0.149994 -10.011618
v -13.948453 0.149994 -10.011618
v -13.948453 0.149994 -10.011618
v -13.948453 0.149994 -10.011618
v -13.948453 0.149994 -10.011618
v -13.948453 0.149994 -10.011618
v -13.948453 0.149994 -10.011618
v -13.948453 0.149994 -10.011618
v -13.948453 0.149994 -10.011618
v -13.948453 0.149994 -10.011618
v -13.948453 0.149994 -10.011618
v -13.948453 0.149994 -10.011618
v -13.948453 0.149994 -10.011618
v -13.948453 0.149994 -10.011618
v -13.948453 0.149994 -10.011618
v -13.948453 0.149994 -10.011618
v -6.990535 -0.741862 18.005314
v -6.990535 -0.741862 18.005314
v -6.990535 -0.741862 18.005314
v -6.990535 -0.741862 18.005314
v -6.990535 -0.741862 18.005314
v -6.990535 -0.741862 18.005314
v -6.990535 -0.741862 18.005314
v -6.990535 -0.741862 18.005314
v -6.990535 -0.741862 18.005314
v -6.990535 -0.741862 18.005314
v -6.990535 -0.741862 18.005314
v -6.990535 -0.741862 18.005314
v -6.990535 -0.741862 18.005314
v -6.990535 -0.741862 18.005314
v -6.990535 -0.741862 18.005314
v -6.990535 -0.741862 18.005314
v -6.990535 -0.741862 18.005314
v -6.990535 -0.741862 18.005314
v -6.990535 -0.741862 18.005314
v -6.990535 -0.741862 18.005314
v -6.990535 -0.741862 18.005314
v -6.990535 -0.741862 18.005314
v -6.990535 -0.741862 18.005314
v -6.618156 -0.684062 18.214383
v -6.58712 -0.687978 18.134173
v -6.582147 -0.697209 18.041957
v -6.608468 -0.709511 17.94091
v -6.669748 -0.722184 17.838215
v -6.764134 -0.733251 17.744293
v -6.883677 -0.741871 17.669794
v -7.016517 -0.747977 17.623027
v -7.14945 -0.751854 17.608793
v -7.269982 -0.754023 17.628103
v -7.367772 -0.75513 17.678633
v -7.434974 -0.75556 17.755788
v -7.465758 -0.755053 17.853366
v -7.456615 -0.752862 17.963259
v -7.407922 -0.748454 18.075409
v -7.324856 -0.74197 18.179186
v -7.216279 -0.733929 18.265222
v -7.093009 -0.724662 18.326271
v -6.966854 -0.714308 18.357643
v -6.849411 -0.703392 18.35816
v -6.749745 -0.693309 18.330721
v -6.672422 -0.686177 18.280965
v -6.618156 -0.684062 18.214383
v -6.357103 -0.62384 18.360949
v -6.317151 -0.622397 18.220317
v -6.288207 -0.640773 18.068187
v -6.298229 -0.670941 17.888502
v -6.385155 -0.69999 17.689905
v -6.555201 -0.720807 17.503314
v -6.783909 -0.734458 17.35619
v -7.040938 -0.743004 17.265602
v -7.295917 -0.745735 17.243704
v -7.519314 -0.74295 17.291758
v -7.69451 -0.739203 17.395788
v -7.819712 -0.739832 17.539781
v -7.888638 -0.744339 17.718086
v -7.882483 -0.746403 17.924734
v -7.794185 -0.742876 18.14017
v -7.641092 -0.738477 18.343604
v -7.440469 -0.737468 18.523587
v -7.200092 -0.735803 18.663017
v -6.941058 -0.725533 18.734125
v -6.704249 -0.70333 18.720146
v -6.526425 -0.673114 18.632273
v -6.417113 -0.643386 18.502187
v -6.357103 -0.62384 18.360949
v -6.093042 -0.567088 18.509203
v -6.09465 -0.54353 18.29124
v -6.081474 -0.555611 18.086367
v -6.067766 -0.601833 17.8492
v -6.156077 -0.651192 17.570106
v -6.385819 -0.680891 17.307313
v -6.703153 -0.699306 17.100994
v -7.061633 -0.714281 16.967056
v -7.417833 -0.716252 16.940401
v -7.710764 -0.699779 17.03384
v -7.919693 -0.680293 17.201038
v -8.080999 -0.679442 17.393083
v -8.197441 -0.695182 17.619174
v -8.201961 -0.702679 17.895604
v -8.083273 -0.698568 18.188272
v -7.90654 -0.71015 18.481272
v -7.66729 -0.742892 18.785023
v -7.321658 -0.767677 19.046198
v -6.910546 -0.760596 19.175599
v -6.536183 -0.721967 19.138791
v -6.273553 -0.666926 18.973563
v -6.135433 -0.611709 18.746201
v -6.093042 -0.567088 18.509203
v -5.836164 -0.461237 18.653425
v -5.824625 -0.438151 18.377282
v -5.879796 -0.427353 18.103836
v -5.907319 -0.462201 17.821002
v -5.994865 -0.523865 17.484538
v -6.263622 -0.561125 17.163958
v -6.645373 -0.582729 16.914162
v -7.078508 -0.606266 16.738566
v -7.512346 -0.608365 16.707332
v -7.844487 -0.574396 16.854629
v -8.057919 -0.537206 17.081901
v -8.251667 -0.5399 17.297263
v -8.416932 -0.568219 17.54859
v -8.405033 -0.569618 17.876466
v -8.261231 -0.562625 18.216889
v -8.109702 -0.602101 18.585466
v -7.845182 -0.658647 18.988162
v -7.404668 -0.679472 19.302746
v -6.894319 -0.656783 19.432041
v -6.446362 -0.603979 19.365632
v -6.13278 -0.541831 19.164761
v -5.941927 -0.491846 18.914205
v -5.836164 -0.461237 18.653425
v -5.693917 -0.295453 18.733288
v -5.565889 -0.304535 18.459627
v -5.619296 -0.300122 18.126626
v -5.764993 -0.301036 17.795647
v -5.8879 -0.340844 17.426428
v -6.168042 -0.378723 17.049921
v -6.597599 -0.40098 16.755726
v -7.093809 -0.42383 16.54635
v -7.590221 -0.425531 16.517568
v -7.949216 -0.392115 16.715107
v -8.17591 -0.361245 16.98041
v -8.421606 -0.371918 17.201853
v -8.607238 -0.392681 17.487194
v -8.539696 -0.378994 17.863171
v -8.404613 -0.378584 18.239265
v -8.257381 -0.412808 18.659703
v -7.909855 -0.428688 19.057732
v -7.422002 -0.424374 19.345337
v -6.892956 -0.411014 19.495511
v -6.412914 -0.380516 19.454453
v -6.069208 -0.339442 19.252546
v -5.857782 -0.305404 18.987773
v -5.693917 -0.295453 18.733288
v -5.620467 -0.12965 18.774526
v -5.465742 -0.136267 18.491147
v -5.406562 -0.14745 18.14495
v -5.634074 -0.143688 17.772241
v -5.860008 -0.153895 17.409387
v -6.125627 -0.180632 16.9968
v -6.564277 -0.202999 16.64191
v -7.10601 -0.220733 16.403261
v -7.645774 -0.223535 16.383931
v -8.028599 -0.206388 16.60982
v -8.291296 -0.194001 16.881141
v -8.57627 -0.202563 17.115018
v -8.713622 -0.204954 17.452601
v -8.613972 -0.192563 17.855357
v -8.523857 -0.197037 18.257614
v -8.284655 -0.198675 18.670984
v -7.866546 -0.187685 19.002659
v -7.418903 -0.189163 19.324692
v -6.890608 -0.191457 19.568799
v -6.364632 -0.179695 19.579716
v -5.965657 -0.161085 19.394041
v -5.73299 -0.142259 19.096448
v -5.620467 -0.12965 18.774526
v -5.51118 0.037696 18.835884
v -5.487729 0.035511 18.483595
v -5.37857 0.034506 18.146405
v -5.550571 0.029606 17.756646
v -5.894455 0.02296 17.424905
v -6.168716 0.016829 17.042201
v -6.563306 0.008974 16.629027
v -7.112857 0.000064 16.341858
v -7.67591 -0.00719 16.314023
v -8.086378 -0.010789 16.533784
v -8.382707 -0.012612 16.802685
v -8.637251 -0.013845 17.080781
v -8.703654 -0.012042 17.455205
v -8.665622 -0.00879 17.849605
v -8.563377 -0.004602 18.262486
v -8.195855 0.002536 18.622074
v -7.818223 0.009527 18.94275
v -7.430175 0.017262 19.350505
v -6.888723 0.026051 19.634928
v -6.340412 0.032997 19.645265
v -5.896241 0.03747 19.489673
v -5.591642 0.039388 19.219527
v -5.51118 0.037696 18.835884
v -5.433046 0.227586 18.879752
v -5.523263 0.201102 18.471729
v -5.520115 0.201771 18.132626
v -5.589712 0.207671 17.761586
v -5.942959 0.187442 17.4479
v -6.272128 0.181844 17.157797
v -6.610909 0.201063 16.769581
v -7.108943 0.216915 16.437646
v -7.658881 0.21313 16.361824
v -8.083639 0.195687 16.53952
v -8.375333 0.181844 16.809812
v -8.567744 0.17543 17.119805
v -8.656158 0.174436 17.46983
v -8.691514 0.183633 17.846128
v -8.476386 0.18267 18.246177
v -8.084588 0.172074 18.561908
v -7.805434 0.191652 18.924104
v -7.434423 0.228652 19.354036
v -6.8942 0.246567 19.593569
v -6.37063 0.243821 19.575019
v -5.929836 0.241557 19.446356
v -5.566328 0.24314 19.242222
v -5.433046 0.227586 18.879752
v -5.484105 0.423756 18.851085
v -5.578769 0.372012 18.453459
v -5.709241 0.341891 18.114707
v -5.766872 0.357056 17.789946
v -6.010883 0.348228 17.481045
v -6.356147 0.325812 17.251502
v -6.680737 0.344154 16.982195
v -7.093143 0.382229 16.698698
v -7.571719 0.39651 16.583617
v -7.975351 0.38262 16.687492
v -8.261903 0.365081 16.908725
v -8.474601 0.361569 17.172099
v -8.634494 0.375222 17.476151
v -8.614546 0.379477 17.851928
v -8.307486 0.345773 18.216346
v -8.005166 0.333104 18.518421
v -7.785518 0.383147 18.897046
v -7.412199 0.437362 19.274571
v -6.906163 0.450257 19.454079
v -6.432645 0.434835 19.425001
v -6.029259 0.427603 19.314031
v -5.670163 0.436551 19.153054
v -5.484105 0.423756 18.851085
v -5.661015 0.600449 18.751761
v -5.707994 0.541846 18.411615
v -5.876112 0.47834 18.098821
v -5.986287 0.474756 17.825686
v -6.13311 0.495704 17.542613
v -6.401966 0.49422 17.300673
v -6.719967 0.499899 17.098144
v -7.080355 0.528947 16.912279
v -7.482052 0.554731 16.811047
v -7.860623 0.563577 16.844096
v -8.178381 0.57035 16.981826
v -8.429843 0.586832 17.197228
v -8.544462 0.593514 17.504284
v -8.412634 0.555012 17.869138
v -8.137161 0.499588 18.186361
v -7.932219 0.508605 18.478103
v -7.722288 0.576417 18.820046
v -7.365559 0.628723 19.119248
v -6.921707 0.633945 19.258513
v -6.507827 0.612626 19.24183
v -6.153691 0.601161 19.147834
v -5.845206 0.609305 19.002153
v -5.661015 0.600449 18.751761
v -5.914621 0.753666 18.609376
v -5.921105 0.700123 18.342977
v -6.041907 0.631234 18.082934
v -6.169406 0.604325 17.855228
v -6.29158 0.632028 17.62318
v -6.478174 0.675667 17.384574
v -6.747423 0.71368 17.174434
v -7.075951 0.749877 17.015976
v -7.435507 0.783533 16.932658
v -7.786151 0.809809 16.947023
v -8.081956 0.826207 17.066291
v -8.268154 0.82269 17.288007
v -8.286477 0.78197 17.586223
v -8.149612 0.713173 17.891974
v -7.972582 0.671546 18.157173
v -7.816434 0.696918 18.415334
v -7.60898 0.75724 18.68562
v -7.300589 0.798018 18.907397
v -6.93995 0.801622 19.020525
v -6.596948 0.784618 19.023759
v -6.300851 0.771743 18.950939
v -6.059423 0.769269 18.817283
v -5.914621 0.753666 18.609376
v -6.222687 0.887676 18.436415
v -6.206851 0.845967 18.251147
v -6.262838 0.798319 18.061982
v -6.355708 0.772067 17.884955
v -6.467889 0.785294 17.712795
v -6.61468 0.83063 17.538514
v -6.814196 0.88775 17.376016
v -7.062138 0.940653 17.252388
v -7.332887 0.980395 17.193325
v -7.588675 1.000998 17.215389
v -7.788137 0.997226 17.321347
v -7.897584 0.966488 17.49606
v -7.908366 0.916298 17.706746
v -7.846825 0.869929 17.918411
v -7.749658 0.854307 18.118098
v -7.623213 0.875067 18.31243
v -7.447684 0.911204 18.496484
v -7.218662 0.937518 18.643682
v -6.961592 0.944391 18.728251
v -6.71107 0.937428 18.742879
v -6.492235 0.926026 18.694206
v -6.322766 0.912142 18.589814
v -6.222687 0.887676 18.436415
v -6.592578 0.987756 18.228743
v -6.572153 0.967653 18.133945
v -6.586806 0.94931 18.031813
v -6.631668 0.938874 17.929734
v -6.702078 0.940921 17.832481
v -6.795436 0.955572 17.744078
v -6.909298 0.978332 17.670424
v -7.037849 1.002361 17.619669
v -7.17024 1.021145 17.599897
v -7.292099 1.0303 17.615884
v -7.389224 1.028568 17.666865
v -7.451623 1.018297 17.74644
v -7.475791 1.005048 17.844826
v -7.463638 0.995569 17.952299
v -7.418836 0.99445 18.061307
v -7.344152 1.001596 18.165582
v -7.242493 1.012702 18.257904
v -7.11992 1.02233 18.329709
v -6.986784 1.026844 18.373209
v -6.855926 1.025186 18.383784
v -6.739987 1.017764 18.36079
v -6.649651 1.005103 18.307135
v -6.592578 0.987756 18.228743
v -7.012732 1.028806 17.992852
v -7.012732 1.028806 17.992852
v -7.012732 1.028806 17.992852
v -7.012732 1.028806 17.992852
v -7.012732 1.028806 17.992852
v -7.012732 1.028806 17.992852
v -7.012732 1.028806 17.992852
v -7.012732 1.028806 17.992852
v -7.012732 1.028806 17.992852
v -7.012732 1.028806 17.992852
v -7.012732 1.028806 17.992852
v -7.012732 1.028806 17.992852
v -7.012732 1.028806 17.992852
v -7.012732 1.028806 17.992852
v -7.012732 1.028806 17.992852
v -7.012732 1.028806 17.992852
v -7.012732 1.028806 17.992852
v -7.012732 1.028806 17.992852
v -7.012732 1.028806 17.992852
v -7.012732 1.028806 17.992852
v -7.012732 1.028806 17.992852
v -7.012732 1.028806 17.992852
v -7.012732 1.028806 17.992852
v 8.021984 0.69329 12.02452
v 8.021984 0.69329 12.02452
v 8.021984 0.69329 12.02452
v 8.021984 0.69329 12.02452
v 8.021984 0.69329 12.02452
v 8.021984 0.69329 12.02452
v 8.021984 0.69329 12.02452
v 8.021984 0.69329 12.02452
v 8.021984 0.69329 12.02452
v 8.021984 0.69329 12.02452
v 8.021984 0.69329 12.02452
v 8.021984 0.69329 12.02452
v 8.021984 0.69329 12.02452
v 8.021984 0.69329 12.02452
v 8.021984 0.69329 12.02452
v 8.021984 0.69329 12.02452
v 8.021984 0.69329 12.02452
v 8.021984 0.69329 12.02452
v 8.021984 0.69329 12.02452
v 8.021984 0.69329 12.02452
v 8.021984 0.69329 12.02452
v 8.021984 0.69329 12.02452
v 8.021984 0.69329 12.02452
v 7.728842 0.754901 11.697565
v 7.656998 0.742599 11.768522
v 7.606436 0.725798 11.863739
v 7.585912 0.708015 11.98123
v 7.603311 0.69268 12.113268
v 7.66126 0.681534 12.246964
v 7.755773 0.67428 12.367986
v 7.878152 0.669645 12.463803
v 8.017188 0.666646 12.524647
v 8.160053 0.66505 12.543659
v 8.292873 0.665141 12.517694
v 8.401982 0.667445 12.448348
v 8.475766 0.672567 12.342452
v 8.506827 0.680857 12.211729
v 8.493826 0.691937 12.071055
v 8.4415 0.704689 11.935298
v 8.358456 0.717895 11.816544
v 8.254717 0.730791 11.723212
v 8.140445 0.74282 11.660148
v 8.024977 0.752972 11.628536
v 7.915436 0.759544 11.626336
v 7.815974 0.760613 11.650131
v 7.728842 0.754901 11.697565
v 7.483929 0.795407 11.424402
v 7.351309 0.781997 11.55413
v 7.239112 0.752804 11.721642
v 7.172034 0.71746 11.940239
v 7.189185 0.691748 12.201061
v 7.304654 0.682723 12.466412
v 7.496619 0.682907 12.701004
v 7.738019 0.682082 12.888749
v 8.011695 0.678073 13.015654
v 8.297267 0.674495 13.061634
v 8.565712 0.673393 13.014952
v 8.788827 0.67388 12.879815
v 8.941954 0.676718 12.668858
v 9.004689 0.684783 12.403713
v 8.976194 0.696278 12.118508
v 8.876579 0.704095 11.843106
v 8.720267 0.706568 11.594255
v 8.51182 0.711787 11.393348
v 8.27006 0.727447 11.267428
v 8.029313 0.751854 11.225539
v 7.815858 0.776347 11.251727
v 7.636075 0.792535 11.322805
v 7.483929 0.795407 11.424402
v 7.188365 0.81591 11.094747
v 7.007073 0.812722 11.31282
v 6.876255 0.795959 11.581025
v 6.7874 0.756016 11.901519
v 6.810549 0.723036 12.280451
v 6.997863 0.726511 12.653678
v 7.288923 0.744885 12.96517
v 7.62551 0.746093 13.225299
v 8.006211 0.732944 13.421092
v 8.410533 0.726857 13.49165
v 8.783273 0.73284 13.412236
v 9.090985 0.737058 13.216825
v 9.313176 0.735792 12.928295
v 9.411262 0.740159 12.559711
v 9.400369 0.738747 12.159426
v 9.331714 0.705974 11.746596
v 9.163323 0.660149 11.323212
v 8.84164 0.64849 10.972115
v 8.429425 0.685274 10.786564
v 8.034418 0.744415 10.762962
v 7.703978 0.792312 10.83068
v 7.425597 0.813512 10.939599
v 7.188365 0.81591 11.094747
v 6.924646 0.936832 10.800609
v 6.627358 0.899172 11.04619
v 6.497635 0.904439 11.433346
v 6.463513 0.899333 11.866591
v 6.509609 0.871308 12.340173
v 6.757276 0.885754 12.796075
v 7.135292 0.925052 13.153918
v 7.540533 0.927199 13.468116
v 7.999378 0.901797 13.730393
v 8.493004 0.897954 13.812033
v 8.928433 0.921536 13.67948
v 9.282349 0.934596 13.430262
v 9.550109 0.930583 13.092537
v 9.672401 0.932078 12.657554
v 9.72797 0.898236 12.188372
v 9.757421 0.801808 11.653751
v 9.556451 0.730595 11.078729
v 9.081649 0.750936 10.658229
v 8.522609 0.834565 10.490487
v 8.033373 0.925082 10.508417
v 7.639024 0.980644 10.59604
v 7.284553 0.98158 10.685053
v 6.924646 0.936832 10.800609
v 6.785837 1.184716 10.645789
v 6.340002 1.113175 10.843141
v 6.107382 1.092973 11.279974
v 6.165808 1.127648 11.832462
v 6.282572 1.133277 12.38112
v 6.556352 1.145934 12.910458
v 6.997245 1.18445 13.318691
v 7.464033 1.19293 13.677912
v 7.990856 1.175928 13.992204
v 8.557419 1.18223 14.070523
v 9.038216 1.212462 13.883754
v 9.426429 1.226768 13.590961
v 9.713333 1.226875 13.204297
v 9.855327 1.223353 12.723734
v 10.01955 1.164688 12.211525
v 10.071415 1.079643 11.579601
v 9.732576 1.057824 10.958646
v 9.162546 1.087866 10.537455
v 8.565196 1.133726 10.335387
v 8.03021 1.179158 10.308597
v 7.579706 1.210173 10.384908
v 7.189908 1.219445 10.516068
v 6.785837 1.184716 10.645789
v 6.689947 1.434891 10.538839
v 6.261868 1.40628 10.785921
v 5.861062 1.370445 11.180785
v 5.91155 1.394486 11.801807
v 6.162615 1.427897 12.39848
v 6.448915 1.443169 12.965977
v 6.892641 1.465653 13.439354
v 7.400879 1.478556 13.845434
v 7.982415 1.480885 14.18634
v 8.601142 1.494342 14.252503
v 9.116701 1.515358 14.031174
v 9.521091 1.525886 13.696542
v 9.79446 1.52864 13.258521
v 9.997185 1.515882 12.774053
v 10.236759 1.473012 12.22647
v 10.139008 1.443157 11.555327
v 9.706527 1.436236 10.961174
v 9.199169 1.42348 10.47371
v 8.616047 1.416687 10.156554
v 8.028071 1.418683 10.041443
v 7.489623 1.418196 10.056581
v 7.038101 1.425709 10.242467
v 6.689947 1.434891 10.538839
v 6.559761 1.692842 10.393636
v 6.298842 1.697022 10.809323
v 5.882001 1.697043 11.183949
v 5.781542 1.708735 11.782404
v 6.131386 1.730078 12.396829
v 6.485483 1.749699 12.93253
v 6.877229 1.769543 13.444133
v 7.371286 1.790413 13.908678
v 7.974675 1.811068 14.265833
v 8.615073 1.825592 14.323181
v 9.142369 1.83093 14.082543
v 9.528864 1.830222 13.705211
v 9.810095 1.825941 13.266925
v 10.12446 1.822111 12.818541
v 10.285818 1.81177 12.224203
v 10.005753 1.791043 11.574047
v 9.651644 1.77015 10.983037
v 9.235852 1.748408 10.410419
v 8.638487 1.72807 10.061655
v 8.02315 1.712325 9.928732
v 7.433778 1.698622 9.861334
v 6.895231 1.690385 9.986002
v 6.559761 1.692842 10.393636
v 6.482511 1.992524 10.307476
v 6.340703 1.972936 10.836273
v 6.101851 1.991002 11.264331
v 5.888839 2.029866 11.786247
v 6.171321 2.029914 12.380159
v 6.623215 2.020269 12.8381
v 6.992212 2.041859 13.282701
v 7.412934 2.08615 13.756724
v 7.969561 2.129037 14.123823
v 8.57578 2.144502 14.192462
v 9.078548 2.133731 13.970668
v 9.461461 2.121587 13.630034
v 9.835829 2.132536 13.28232
v 10.187352 2.157324 12.837757
v 10.147229 2.13475 12.203772
v 9.842227 2.091941 11.600469
v 9.615858 2.089004 10.993684
v 9.211664 2.080987 10.425068
v 8.605092 2.043207 10.136176
v 8.015842 2.010464 10.030371
v 7.444505 2.004489 9.918536
v 6.868323 2.00688 9.941585
v 6.482511 1.992524 10.307476
v 6.544561 2.303029 10.376683
v 6.419771 2.250711 10.889262
v 6.375237 2.228985 11.366206
v 6.231552 2.280321 11.814775
v 6.350344 2.300899 12.334802
v 6.770304 2.257483 12.739101
v 7.162795 2.243144 13.053249
v 7.519812 2.291121 13.414246
v 7.968946 2.35603 13.738693
v 8.482972 2.390708 13.855947
v 8.961426 2.400404 13.761146
v 9.412327 2.428055 13.575233
v 9.861283 2.484157 13.297135
v 10.082713 2.492935 12.792345
v 9.914113 2.418846 12.174839
v 9.710301 2.383087 11.620461
v 9.529162 2.409372 11.035612
v 9.107594 2.394634 10.543438
v 8.538277 2.328477 10.314853
v 8.008133 2.278501 10.228111
v 7.494931 2.282521 10.12393
v 6.955281 2.309927 10.104447
v 6.544561 2.303029 10.376683
v 6.737648 2.573534 10.592042
v 6.600785 2.509696 11.013798
v 6.64108 2.432961 11.465683
v 6.647705 2.436268 11.852524
v 6.69192 2.480463 12.257496
v 6.938152 2.472089 12.628132
v 7.273836 2.444693 12.900394
v 7.600354 2.46941 13.154119
v 7.968607 2.541955 13.407816
v 8.406609 2.624122 13.580749
v 8.885349 2.70781 13.627008
v 9.367781 2.795801 13.525548
v 9.732543 2.839637 13.203944
v 9.802193 2.779835 12.679822
v 9.665364 2.688357 12.144671
v 9.547442 2.682086 11.646794
v 9.350778 2.709744 11.134687
v 8.949035 2.673552 10.733637
v 8.458229 2.589151 10.535871
v 8.000496 2.529046 10.453207
v 7.560458 2.531599 10.384682
v 7.106982 2.568396 10.384627
v 6.737648 2.573534 10.592042
v 7.008933 2.781969 10.894618
v 6.882749 2.71814 11.209455
v 6.914745 2.618006 11.568461
v 6.992231 2.560654 11.883874
v 7.058368 2.578476 12.177151
v 7.177137 2.623895 12.47562
v 7.38006 2.666188 12.752749
v 7.643276 2.726473 13.001608
v 7.964746 2.821002 13.224576
v 8.350385 2.936599 13.385832
v 8.771181 3.045464 13.423903
v 9.148809 3.108576 13.281318
v 9.376355 3.088678 12.952397
v 9.419625 3.006994 12.528834
v 9.370901 2.951178 12.110137
v 9.282791 2.95861 11.695315
v 9.084944 2.96548 11.289179
v 8.753451 2.917807 10.973191
v 8.366589 2.837577 10.793174
v 7.99255 2.777919 10.710485
v 7.635124 2.766806 10.679143
v 7.289178 2.785158 10.719764
v 7.008933 2.781969 10.894618
v 7.312671 2.93701 11.23339
v 7.217714 2.876028 11.442659
v 7.214081 2.792523 11.681301
v 7.267061 2.72453 11.907526
v 7.338689 2.707321 12.114215
v 7.426806 2.744894 12.317631
v 7.552587 2.819703 12.52316
v 7.731337 2.915635 12.717691
v 7.964297 3.020859 12.876835
v 8.236911 3.119331 12.967906
v 8.514548 3.189559 12.958395
v 8.748652 3.214292 12.835005
v 8.901213 3.196654 12.618761
v 8.968575 3.166045 12.352455
v 8.967606 3.153531 12.066144
v 8.89805 3.157565 11.77141
v 8.745696 3.149659 11.491412
v 8.519201 3.112732 11.264938
v 8.254137 3.058425 11.116114
v 7.984141 3.010784 11.042253
v 7.725997 2.982957 11.03368
v 7.493079 2.966365 11.09393
v 7.312671 2.93701 11.23339
v 7.63291 3.05255 11.590568
v 7.576117 3.010844 11.692471
v 7.555774 2.968448 11.810458
v 7.567847 2.934701 11.932766
v 7.605875 2.919567 12.05178
v 7.665631 2.928486 12.164083
v 7.746404 2.960136 12.266828
v 7.848289 3.007759 12.354255
v 7.968358 3.061965 12.417208
v 8.098495 3.113343 12.445582
v 8.225994 3.154801 12.432116
v 8.336641 3.183534 12.375471
v 8.418523 3.20146 12.280723
v 8.464023 3.212923 12.157125
v 8.469119 3.220641 12.015605
v 8.432328 3.223379 11.868311
v 8.355647 3.217745 11.729057
v 8.246154 3.202099 11.611833
v 8.115373 3.178407 11.527682
v 7.97651 3.150519 11.482866
v 7.842211 3.120934 11.479502
v 7.724156 3.089066 11.516762
v 7.63291 3.05255 11.590568
v 7.971747 3.129683 11.968489
v 7.971747 3.129683 11.968489
v 7.971747 3.129683 11.968489
v 7.971747 3.129683 11.968489
v 7.971747 3.129683 11.968489
v 7.971747 3.129683 11.968489
v 7.971747 3.129683 11.968489
v 7.971747 3.129683 11.968489
v 7.971747 3.129683 11.968489
v 7.971747 3.129683 11.968489
v 7.971747 3.129683 11.968489
v 7.971747 3.129683 11.968489
v 7.971747 3.129683 11.968489
v 7.971747 3.129683 11.968489
v 7.971747 3.129683 11.968489
v 7.971747 3.129683 11.968489
v 7.971747 3.129683 11.968489
v 7.971747 3.129683 11.968489
v 7.971747 3.129683 11.968489
v 7.971747 3.129683 11.968489
v 7.971747 3.129683 11.968489
v 7.971747 3.129683 11.968489
v 7.971747 3.129683 11.968489
v 15.998879 1.415584 -7.01294
v 15.998879 1.415584 -7.01294
v 15.998879 1.415584 -7.01294
v 15.998879 1.415584 -7.01294
v 15.998879 1.415584 -7.01294
v 15.998879 1.415584 -7.01294
v 15.998879 1.415584 -7.01294
v 15.998879 1.415584 -7.01294
v 15.998879 1.415584 -7.01294
v 15.998879 1.415584 -7.01294
v 15.998879 1.415584 -7.01294
v 15.998879 1.415584 -7.01294
v 15.998879 1.415584 -7.01294
v 15.998879 1.415584 -7.01294
v 15.998879 1.415584 -7.01294
v 15.998879 1.415584 -7.01294
v 15.998879 1.415584 -7.01294
v 15.998879 1.415584 -7.01294
v 15.998879 1.415584 -7.01294
v 15.998879 1.415584 -7.01294
v 15.998879 1.415584 -7.01294
v 15.998879 1.415584 -7.01294
v 15.998879 1.415584 -7.01294
v 15.975482 1.441992 -7.283048
v 15.890264 1.430004 -7.275976
v 15.807066 1.417166 -7.245502
v 15.734625 1.405032 -7.19137
v 15.682368 1.395228 -7.116911
v 15.657671 1.388643 -7.029455
v 15.663473 1.384963 -6.938595
v 15.698308 1.38312 -6.853557
v 15.758127 1.382267 -6.781897
v 15.837574 1.382467 -6.729812
v 15.929761 1.384648 -6.702463
v 16.025715 1.390017 -6.703127
v 16.115052 1.399288 -6.731613
v 16.188247 1.412046 -6.783374
v 16.23934 1.426614 -6.85055
v 16.267004 1.440652 -6.924724
v 16.2731 1.452134 -6.999396
v 16.260295 1.459924 -7.070504
v 16.230723 1.463661 -7.135439
v 16.185887 1.463387 -7.191972
v 16.127069 1.459362 -7.237576
v 16.055972 1.452031 -7.26912
v 15.975482 1.441992 -7.283048
v 15.950344 1.443036 -7.573255
v 15.773616 1.428368 -7.558711
v 15.599847 1.411343 -7.496866
v 15.44443 1.392623 -7.38733
v 15.333542 1.378771 -7.231392
v 15.292779 1.375607 -7.04683
v 15.322908 1.380252 -6.862617
v 15.404393 1.384107 -6.697081
v 15.522415 1.381723 -6.555058
v 15.674444 1.374671 -6.44294
v 15.857099 1.368792 -6.375647
v 16.054646 1.370061 -6.369134
v 16.239789 1.382352 -6.429541
v 16.384795 1.40495 -6.54516
v 16.478673 1.43054 -6.689044
v 16.530164 1.450204 -6.838408
v 16.547052 1.461844 -6.986353
v 16.526192 1.469281 -7.129718
v 16.46702 1.474398 -7.26102
v 16.376592 1.474912 -7.37528
v 16.259733 1.468668 -7.47081
v 16.116375 1.456933 -7.541009
v 15.950344 1.443036 -7.573255
v 15.921458 1.439966 -7.90674
v 15.642583 1.423193 -7.87636
v 15.390053 1.417008 -7.751165
v 15.172157 1.403054 -7.570809
v 15.011336 1.386677 -7.336728
v 14.970126 1.391563 -7.061695
v 15.048876 1.414917 -6.800768
v 15.182163 1.430087 -6.577907
v 15.338212 1.422299 -6.376979
v 15.537461 1.400662 -6.201366
v 15.793165 1.38263 -6.087385
v 16.080722 1.378665 -6.068095
v 16.353165 1.393482 -6.154598
v 16.566401 1.423207 -6.324651
v 16.723223 1.445031 -6.523837
v 16.852772 1.443822 -6.732914
v 16.919644 1.440879 -6.969233
v 16.871859 1.458954 -7.207115
v 16.73593 1.488356 -7.403901
v 16.570847 1.505323 -7.561631
v 16.393344 1.497846 -7.705292
v 16.181534 1.470544 -7.834095
v 15.921458 1.439966 -7.90674
v 15.901528 1.54166 -8.136828
v 15.526827 1.493146 -8.155905
v 15.19966 1.490891 -7.980827
v 14.960886 1.500034 -7.711657
v 14.770925 1.48647 -7.413662
v 14.720199 1.491818 -7.071615
v 14.845465 1.531041 -6.75318
v 15.025299 1.557203 -6.491983
v 15.201045 1.541356 -6.242621
v 15.429591 1.504762 -6.009379
v 15.743767 1.480759 -5.862449
v 16.100128 1.479025 -5.844059
v 16.434584 1.498669 -5.955756
v 16.7065 1.524923 -6.153112
v 16.966517 1.512551 -6.358568
v 17.218326 1.472282 -6.612744
v 17.290823 1.479553 -6.951097
v 17.136662 1.544301 -7.264674
v 16.897854 1.611984 -7.487741
v 16.67562 1.644753 -7.659713
v 16.46309 1.639322 -7.825042
v 16.217565 1.602075 -7.993022
v 15.901528 1.54166 -8.136828
v 15.894283 1.753486 -8.220468
v 15.462862 1.697408 -8.307992
v 15.035476 1.668266 -8.17702
v 14.778048 1.684653 -7.831821
v 14.597697 1.685632 -7.466844
v 14.519452 1.681129 -7.07761
v 14.661102 1.707571 -6.708724
v 14.880584 1.72938 -6.411666
v 15.076269 1.712723 -6.119154
v 15.334592 1.678999 -5.838566
v 15.703554 1.662754 -5.676748
v 16.114564 1.668672 -5.677401
v 16.490374 1.688776 -5.817804
v 16.825653 1.694443 -6.005866
v 17.21792 1.651805 -6.186599
v 17.525565 1.623431 -6.509493
v 17.507347 1.665307 -6.937557
v 17.28488 1.730458 -7.294322
v 17.042197 1.773257 -7.561505
v 16.814876 1.786927 -7.790928
v 16.554944 1.786281 -7.983579
v 16.244651 1.781323 -8.11046
v 15.894283 1.753486 -8.220468
v 15.888953 1.952274 -8.281997
v 15.461498 1.935112 -8.307878
v 14.956441 1.904129 -8.269011
v 14.624 1.900375 -7.932032
v 14.489309 1.907048 -7.498406
v 14.409324 1.901411 -7.078786
v 14.522684 1.905156 -6.674139
v 14.754364 1.911413 -6.341008
v 14.972986 1.8995 -6.016068
v 15.264635 1.879931 -5.711256
v 15.678083 1.873647 -5.556706
v 16.121984 1.88226 -5.591736
v 16.519871 1.89392 -5.743364
v 16.934364 1.88296 -5.870973
v 17.411585 1.855269 -6.052475
v 17.640808 1.863337 -6.467521
v 17.571858 1.896317 -6.930336
v 17.418775 1.920873 -7.320692
v 17.221402 1.935309 -7.653812
v 16.993201 1.938501 -7.959558
v 16.687482 1.937633 -8.213609
v 16.289572 1.945114 -8.308602
v 15.888953 1.952274 -8.281997
v 15.880731 2.151196 -8.376915
v 15.480849 2.149659 -8.257889
v 14.991584 2.149784 -8.222393
v 14.54988 2.146026 -7.977816
v 14.421544 2.137825 -7.516505
v 14.414217 2.129784 -7.074413
v 14.500675 2.122193 -6.665193
v 14.700181 2.115377 -6.308279
v 14.928003 2.10883 -5.968645
v 15.245537 2.102943 -5.672969
v 15.677654 2.100004 -5.549042
v 16.120651 2.100363 -5.607126
v 16.535723 2.101436 -5.701957
v 17.027415 2.101618 -5.754576
v 17.467275 2.105588 -6.010617
v 17.591592 2.113928 -6.479197
v 17.593898 2.122049 -6.925206
v 17.510725 2.129687 -7.337352
v 17.297271 2.136455 -7.690366
v 17.060817 2.142843 -8.020598
v 16.757045 2.148987 -8.331572
v 16.32623 2.15216 -8.46844
v 15.880731 2.151196 -8.376915
v 15.87706 2.371502 -8.4193
v 15.494612 2.351469 -8.221628
v 15.094049 2.361503 -8.094695
v 14.621991 2.390145 -7.924987
v 14.412457 2.379991 -7.515193
v 14.487934 2.346801 -7.067014
v 14.627528 2.324287 -6.689774
v 14.79773 2.313557 -6.35643
v 15.00697 2.313319 -6.040607
v 15.311695 2.314445 -5.784939
v 15.707889 2.308323 -5.679925
v 16.114414 2.304843 -5.679134
v 16.555545 2.322779 -5.650731
v 17.061954 2.351633 -5.70862
v 17.383529 2.352712 -6.062868
v 17.495348 2.342581 -6.506656
v 17.57785 2.348631 -6.921849
v 17.479659 2.347046 -7.326378
v 17.233565 2.33836 -7.652606
v 17.006215 2.347767 -7.964006
v 16.735562 2.371987 -8.28909
v 16.329415 2.384082 -8.476912
v 15.87706 2.371502 -8.4193
v 15.883284 2.591771 -8.347447
v 15.518864 2.55484 -8.159924
v 15.209995 2.538779 -7.951212
v 14.834613 2.579596 -7.778316
v 14.557489 2.601064 -7.463803
v 14.602809 2.552883 -7.057879
v 14.813043 2.491254 -6.728108
v 15.01342 2.459775 -6.46846
v 15.20132 2.458187 -6.224792
v 15.441493 2.467751 -6.010106
v 15.748067 2.480785 -5.85649
v 16.110483 2.515157 -5.72451
v 16.559199 2.572045 -5.638286
v 16.991115 2.596203 -5.79053
v 17.22751 2.569206 -6.164395
v 17.383044 2.560173 -6.539568
v 17.471523 2.568012 -6.922863
v 17.341523 2.545101 -7.291847
v 17.10413 2.517057 -7.580299
v 16.898932 2.528036 -7.857199
v 16.660705 2.569694 -8.153225
v 16.303031 2.599385 -8.352642
v 15.883284 2.591771 -8.347447
v 15.899017 2.781809 -8.165811
v 15.574216 2.742238 -8.023075
v 15.332589 2.693432 -7.800035
v 15.10174 2.697038 -7.596115
v 14.879632 2.731688 -7.356036
v 14.834665 2.713951 -7.044067
v 14.984433 2.645371 -6.763527
v 15.181858 2.588908 -6.555662
v 15.354121 2.577839 -6.369486
v 15.534263 2.607592 -6.170403
v 15.773212 2.667737 -5.964993
v 16.104182 2.745718 -5.797257
v 16.498814 2.79926 -5.781369
v 16.827704 2.788786 -5.985539
v 17.042473 2.758559 -6.285962
v 17.213369 2.762591 -6.591529
v 17.270356 2.759754 -6.928833
v 17.148225 2.717985 -7.245464
v 16.953941 2.68025 -7.497241
v 16.772243 2.689639 -7.732084
v 16.559223 2.736352 -7.971164
v 16.257555 2.777748 -8.143338
v 15.899017 2.781809 -8.165811
v 15.921922 2.91826 -7.901387
v 15.664378 2.881967 -7.802543
v 15.478308 2.816891 -7.621327
v 15.350514 2.770446 -7.427048
v 15.243204 2.766376 -7.236405
v 15.187824 2.769496 -7.026472
v 15.226132 2.749713 -6.815573
v 15.329172 2.726273 -6.631463
v 15.453909 2.732117 -6.462478
v 15.604043 2.777372 -6.28962
v 15.810899 2.84665 -6.130177
v 16.08292 2.907216 -6.042717
v 16.373672 2.927813 -6.082816
v 16.62096 2.915685 -6.234162
v 16.817581 2.912129 -6.435026
v 16.961502 2.922985 -6.67114
v 16.999697 2.911261 -6.938797
v 16.919855 2.870076 -7.191633
v 16.781584 2.836074 -7.402522
v 16.627033 2.839466 -7.589376
v 16.441039 2.874525 -7.760314
v 16.199973 2.910807 -7.88066
v 15.921922 2.91826 -7.901387
v 15.948774 2.98839 -7.59138
v 15.776781 2.953782 -7.529087
v 15.647652 2.894279 -7.414722
v 15.568408 2.83195 -7.279015
v 15.524889 2.789966 -7.143777
v 15.506363 2.773415 -7.011439
v 15.51554 2.773927 -6.879763
v 15.555963 2.786969 -6.751032
v 15.627859 2.814705 -6.628258
v 15.734397 2.856142 -6.517331
v 15.87862 2.901573 -6.433753
v 16.052116 2.938115 -6.398345
v 16.233669 2.961392 -6.421649
v 16.402941 2.979663 -6.497485
v 16.546423 3.000136 -6.616423
v 16.645658 3.014676 -6.77291
v 16.679612 3.010385 -6.952033
v 16.646392 2.990094 -7.128326
v 16.56447 2.971448 -7.284368
v 16.450297 2.968798 -7.416733
v 16.306926 2.981031 -7.5221
v 16.135122 2.993627 -7.586522
v 15.948774 2.98839 -7.59138
v 15.976061 2.995888 -7.276372
v 15.89228 2.968755 -7.248945
v 15.824108 2.933626 -7.200115
v 15.776466 2.8962 -7.137571
v 15.749687 2.863777 -7.068882
v 15.741559 2.842108 -6.999146
v 15.750043 2.833701 -6.93103
v 15.774485 2.838185 -6.866381
v 15.815157 2.853427 -6.80775
v 15.872014 2.876338 -6.759051
v 15.943359 2.903528 -6.725241
v 16.025022 2.932129 -6.711133
v 16.110562 2.960279 -6.72003
v 16.192119 2.986578 -6.75301
v 16.261162 3.00902 -6.80869
v 16.309437 3.02503 -6.882791
v 16.330817 3.03313 -6.968003
v 16.323138 3.034409 -7.055304
v 16.288215 3.031862 -7.13616
v 16.230174 3.027974 -7.203718
v 16.154172 3.022676 -7.252448
v 16.066649 3.013207 -7.277671
v 15.976061 2.995888 -7.276372
v 16.001319 2.962113 -6.984768
v 16.001319 2.962113 -6.984768
v 16.001319 2.962113 -6.984768
v 16.001319 2.962113 -6.984768
v 16.001319 2.962113 -6.984768
v 16.001319 2.962113 -6.984768
v 16.001319 2.962113 -6.984768
v 16.001319 2.962113 -6.984768
v 16.001319 2.962113 -6.984768
v 16.001319 2.962113 -6.984768
v 16.001319 2.962113 -6.984768
v 16.001319 2.962113 -6.984768
v 16.001319 2.962113 -6.984768
v 16.001319 2.962113 -6.984768
v 16.001319 2.962113 -6.984768
v 16.001319 2.962113 -6.984768
v 16.001319 2.962113 -6.984768
v 16.001319 2.962113 -6.984768
v 16.001319 2.962113 -6.984768
v 16.001319 2.962113 -6.984768
v 16.001319 2.962113 -6.984768
v 16.001319 2.962113 -6.984768
v 16.001319 2.962113 -6.984768
v 22.945179 1.231661 3.041054
v 22.945179 1.231661 3.041054
v 22.945179 1.231661 3.041054
v 22.945179 1.231661 3.041054
v 22.945179 1.231661 3.041054
v 22.945179 1.231661 3.041054
v 22.945179 1.231661 3.041054
v 22.945179 1.231661 3.041054
v 22.945179 1.231661 3.041054
v 22.945179 1.231661 3.041054
v 22.945179 1.231661 3.041054
v 22.945179 1.231661 3.041054
v 22.945179 1.231661 3.041054
v 22.945179 1.231661 3.041054
v 22.945179 1.231661 3.041054
v 22.945179 1.231661 3.041054
v 22.945179 1.231661 3.041054
v 22.945179 1.231661 3.041054
v 22.945179 1.231661 3.041054
v 22.945179 1.231661 3.041054
v 22.945179 1.231661 3.041054
v 22.945179 1.231661 3.041054
v 22.945179 1.231661 3.041054
v 23.393596 1.193547 2.705248
v 23.297136 1.176058 2.589965
v 23.164398 1.163691 2.508441
v 23.006609 1.156758 2.470426
v 22.838593 1.156472 2.482368
v 22.67813 1.163793 2.545135
v 22.542774 1.177953 2.652107
v 22.445671 1.196382 2.790513
v 22.393876 1.216146 2.945185
v 22.389614 1.235537 3.101334
v 22.431756 1.254619 3.244972
v 22.515362 1.27444 3.362931
v 22.63042 1.295447 3.444769
v 22.762772 1.316097 3.486102
v 22.898421 1.332736 3.489909
v 23.028168 1.341097 3.463344
v 23.148255 1.338399 3.412295
v 23.256709 1.324494 3.338585
v 23.349269 1.301592 3.241634
v 23.418063 1.2733 3.122226
v 23.453257 1.243672 2.985523
v 23.446378 1.216318 2.84189
v 23.393596 1.193547 2.705248
v 23.895802 1.113894 2.329161
v 23.681589 1.104436 2.096994
v 23.397392 1.105334 1.943294
v 23.072327 1.104819 1.869252
v 22.726965 1.107787 1.889758
v 22.39974 1.128222 2.024406
v 22.13941 1.168362 2.259146
v 21.969513 1.215036 2.54903
v 21.883415 1.253064 2.854501
v 21.871606 1.276977 3.156558
v 21.940109 1.292831 3.440011
v 22.09901 1.312626 3.674725
v 22.335815 1.345342 3.822424
v 22.605926 1.387685 3.868718
v 22.861994 1.422423 3.843204
v 23.09231 1.431837 3.788195
v 23.312096 1.412819 3.713061
v 23.527536 1.373685 3.599442
v 23.727867 1.321745 3.431863
v 23.893787 1.261126 3.205907
v 23.99721 1.198592 2.927573
v 24.004737 1.145744 2.620772
v 23.895802 1.113894 2.329161
v 24.381427 1.064087 1.965491
v 24.055036 1.054781 1.618562
v 23.604218 1.0969 1.444532
v 23.127943 1.127459 1.382428
v 22.638199 1.12851 1.403673
v 22.16948 1.15205 1.58803
v 21.819863 1.223812 1.943438
v 21.621051 1.309373 2.368212
v 21.518701 1.36556 2.786489
v 21.474552 1.380673 3.197024
v 21.52301 1.375789 3.604758
v 21.721979 1.384274 3.957072
v 22.068078 1.428351 4.166444
v 22.466337 1.493103 4.212037
v 22.82654 1.525872 4.192376
v 23.166217 1.502407 4.170987
v 23.50859 1.461042 4.078137
v 23.812076 1.431421 3.873086
v 24.063311 1.395122 3.597591
v 24.280612 1.329252 3.271033
v 24.446556 1.236303 2.877759
v 24.503418 1.136545 2.422523
v 24.381427 1.064087 1.965491
v 24.632706 1.290106 1.777315
v 24.323958 1.210114 1.278135
v 23.771469 1.252147 1.052096
v 23.172423 1.337294 1.056245
v 22.590704 1.346642 1.091912
v 22.013695 1.349986 1.273415
v 21.591889 1.434089 1.706285
v 21.384524 1.551133 2.236456
v 21.272525 1.6189 2.733948
v 21.180121 1.617058 3.222898
v 21.191972 1.58912 3.733417
v 21.424827 1.591304 4.1796
v 21.865512 1.64783 4.430083
v 22.348435 1.707859 4.510464
v 22.785169 1.680674 4.611052
v 23.26138 1.607424 4.660336
v 23.707969 1.606209 4.43832
v 24.01307 1.654153 4.05368
v 24.252484 1.65705 3.679858
v 24.48454 1.597242 3.296688
v 24.650778 1.511881 2.848422
v 24.707871 1.411448 2.337283
v 24.632706 1.290106 1.777315
v 24.690534 1.735542 1.73401
v 24.438845 1.639093 1.140471
v 23.910621 1.605818 0.740674
v 23.217991 1.688261 0.766888
v 22.56901 1.733209 0.877891
v 21.907898 1.727265 1.033872
v 21.397313 1.784744 1.491922
v 21.165597 1.886652 2.108832
v 21.041836 1.947356 2.681307
v 20.907985 1.944515 3.243989
v 20.908802 1.924815 3.841294
v 21.205579 1.937098 4.343788
v 21.725357 1.982177 4.616404
v 22.229373 1.985188 4.81589
v 22.736565 1.899834 5.11522
v 23.356394 1.850726 5.11436
v 23.851849 1.900818 4.678008
v 24.187779 1.940176 4.204205
v 24.532137 1.90373 3.808606
v 24.856053 1.830058 3.352977
v 24.978867 1.785898 2.805664
v 24.870591 1.776922 2.267358
v 24.690534 1.735542 1.73401
v 24.755859 2.112362 1.68509
v 24.420739 2.088319 1.173243
v 23.974526 2.03941 0.615875
v 23.262328 2.065813 0.497223
v 22.556355 2.12513 0.711498
v 21.860523 2.144457 0.900147
v 21.263887 2.179922 1.334126
v 20.975456 2.24353 1.994664
v 20.83558 2.288551 2.632465
v 20.697323 2.301447 3.257635
v 20.742774 2.306976 3.901911
v 21.12404 2.323369 4.404851
v 21.653677 2.335663 4.715606
v 22.108794 2.302708 5.12767
v 22.703307 2.241757 5.523435
v 23.412885 2.228052 5.326227
v 23.94876 2.238917 4.824564
v 24.409464 2.218696 4.401095
v 24.889107 2.165645 3.975638
v 25.302419 2.102174 3.420891
v 25.415292 2.07071 2.750851
v 25.154807 2.087838 2.149876
v 24.755859 2.112362 1.68509
v 24.866432 2.468046 1.602285
v 24.387852 2.475938 1.223587
v 23.950491 2.477868 0.70323
v 23.2949 2.493659 0.348698
v 22.543236 2.529866 0.539396
v 21.863486 2.567121 0.860683
v 21.252121 2.604972 1.292969
v 20.901965 2.638683 1.937481
v 20.746495 2.665145 2.602797
v 20.660575 2.68829 3.251604
v 20.797397 2.701636 3.874573
v 21.2047 2.699392 4.344446
v 21.614519 2.695806 4.773378
v 22.016831 2.69778 5.375732
v 22.706188 2.677933 5.641524
v 23.430559 2.638847 5.319438
v 24.027124 2.602997 4.933408
v 24.561657 2.568985 4.525161
v 25.043672 2.534615 4.034988
v 25.474766 2.499013 3.436203
v 25.622302 2.471269 2.717973
v 25.355774 2.462252 2.064608
v 24.866432 2.468046 1.602285
v 24.905943 2.85276 1.572696
v 24.377544 2.842073 1.24461
v 23.885812 2.867509 0.885207
v 23.301354 2.935582 0.436921
v 22.543034 2.982092 0.425418
v 21.877981 2.996392 0.842241
v 21.359933 3.013325 1.36967
v 21.041178 3.021799 1.988358
v 20.913533 3.024381 2.618586
v 20.910553 3.031709 3.215536
v 21.083642 3.028972 3.75605
v 21.35302 3.030202 4.233375
v 21.579368 3.083576 4.826621
v 22.012581 3.139753 5.415665
v 22.740784 3.099947 5.473078
v 23.430841 3.033502 5.222456
v 24.0525 2.993774 4.93957
v 24.549743 2.948421 4.487044
v 24.965968 2.918494 3.976248
v 25.381868 2.913261 3.40446
v 25.564216 2.9028 2.713103
v 25.354648 2.876997 2.059163
v 24.905943 2.85276 1.572696
v 24.828719 3.247236 1.630527
v 24.336745 3.219172 1.304842
v 23.817033 3.222922 1.074759
v 23.281033 3.317932 0.74348
v 22.589407 3.433019 0.564097
v 21.924155 3.451275 0.880757
v 21.50127 3.400819 1.480544
v 21.313142 3.337097 2.109738
v 21.279553 3.286647 2.672812
v 21.321057 3.264772 3.164882
v 21.39605 3.279685 3.628209
v 21.459624 3.360853 4.153541
v 21.629548 3.487831 4.77114
v 22.128321 3.524198 5.162707
v 22.789471 3.452944 5.156674
v 23.415833 3.408734 5.04748
v 23.995 3.368318 4.791315
v 24.420832 3.296274 4.336958
v 24.783617 3.26592 3.866496
v 25.161539 3.290902 3.351792
v 25.35137 3.30694 2.725763
v 25.203613 3.282658 2.113481
v 24.828719 3.247236 1.630527
v 24.646611 3.627319 1.766902
v 24.223432 3.593115 1.457702
v 23.735406 3.565135 1.294373
v 23.2466 3.615534 1.147544
v 22.687246 3.749737 1.015101
v 22.097439 3.825269 1.167383
v 21.695354 3.767803 1.644323
v 21.552977 3.640464 2.215494
v 21.561499 3.531801 2.71297
v 21.590304 3.49746 3.129589
v 21.588421 3.557373 3.547736
v 21.625574 3.685753 4.029266
v 21.86281 3.783048 4.479294
v 22.321617 3.772743 4.713802
v 22.842581 3.737086 4.778271
v 23.376481 3.734583 4.752945
v 23.870801 3.688086 4.523227
v 24.239789 3.607152 4.138579
v 24.557655 3.583798 3.736213
v 24.866168 3.626221 3.287579
v 25.030677 3.664469 2.751352
v 24.940624 3.657369 2.212776
v 24.646611 3.627319 1.766902
v 24.355877 3.959863 1.984624
v 24.020783 3.924052 1.723834
v 23.616181 3.87096 1.602106
v 23.207011 3.846016 1.575321
v 22.799566 3.891905 1.588125
v 22.389259 3.954835 1.703397
v 22.059376 3.947957 1.986985
v 21.886206 3.866618 2.372348
v 21.84083 3.777678 2.752643
v 21.846952 3.744865 3.095285
v 21.879108 3.781889 3.428907
v 21.984748 3.847042 3.760292
v 22.209566 3.886271 4.038257
v 22.526836 3.904464 4.22833
v 22.898907 3.942415 4.345322
v 23.312856 3.972899 4.34876
v 23.705372 3.944048 4.184259
v 24.021142 3.889459 3.905499
v 24.284266 3.877662 3.583191
v 24.505027 3.916439 3.213546
v 24.620019 3.96022 2.788319
v 24.5684 3.974114 2.356349
v 24.355877 3.959863 1.984624
v 23.957593 4.185156 2.282887
v 23.729568 4.147992 2.100886
v 23.450118 4.083932 2.016422
v 23.162795 4.012393 2.023098
v 22.896164 3.960416 2.094364
v 22.66016 3.932098 2.216231
v 22.468681 3.906306 2.389322
v 22.340364 3.868853 2.601657
v 22.278144 3.830353 2.82718
v 22.269411 3.811388 3.047647
v 22.305514 3.821297 3.258718
v 22.389262 3.855333 3.457364
v 22.525032 3.908396 3.635478
v 22.7141 3.980101 3.782337
v 22.9559 4.057777 3.876801
v 23.233807 4.111381 3.885926
v 23.50885 4.125166 3.794685
v 23.74766 4.119081 3.622584
v 23.939702 4.123876 3.396633
v 24.076926 4.148311 3.12998
v 24.13749 4.177681 2.835127
v 24.099139 4.19342 2.539909
v 23.957593 4.185156 2.282887
v 23.497425 4.242463 2.627493
v 23.388227 4.209412 2.53853
v 23.254868 4.160868 2.491902
v 23.113684 4.102323 2.489191
v 22.979471 4.041834 2.525373
v 22.862727 3.986643 2.592078
v 22.769675 3.941117 2.680622
v 22.703495 3.907627 2.783128
v 22.665196 3.888459 2.892721
v 22.654445 3.886258 3.00386
v 22.670791 3.902901 3.112248
v 22.714559 3.93818 3.213759
v 22.786567 3.988912 3.302891
v 22.886469 4.048455 3.371733
v 23.010204 4.107522 3.410575
v 23.148242 4.157442 3.410865
v 23.286807 4.194273 3.368965
v 23.411556 4.219856 3.287555
v 23.510423 4.238521 3.173959
v 23.573919 4.252636 3.03808
v 23.594753 4.260744 2.89196
v 23.568856 4.258782 2.749932
v 23.497425 4.242463 2.627493
v 23.062268 4.124256 2.953369
v 23.062268 4.124256 2.953369
v 23.062268 4.124256 2.953369
v 23.062268 4.124256 2.953369
v 23.062268 4.124256 2.953369
v 23.062268 4.124256 2.953369
v 23.062268 4.124256 2.953369
v 23.062268 4.124256 2.953369
v 23.062268 4.124256 2.953369
v 23.062268 4.124256 2.953369
v 23.062268 4.124256 2.953369
v 23.062268 4.124256 2.953369
v 23.062268 4.124256 2.953369
v 23.062268 4.124256 2.953369
v 23.062268 4.124256 2.953369
v 23.062268 4.124256 2.953369
v 23.062268 4.124256 2.953369
v 23.062268 4.124256 2.953369
v 23.062268 4.124256 2.953369
v 23.062268 4.124256 2.953369
v 23.062268 4.124256 2.953369
v 23.062268 4.124256 2.953369
v 23.062268 4.124256 2.953369
v -26.043065 -0.822741 -8.027272
v -26.043065 -0.822741 -8.027272
v -26.043065 -0.822741 -8.027272
v -26.043065 -0.822741 -8.027272
v -26.043065 -0.822741 -8.027272
v -26.043065 -0.822741 -8.027272
v -26.043065 -0.822741 -8.027272
v -26.043065 -0.822741 -8.027272
v -26.043065 -0.822741 -8.027272
v -26.043065 -0.822741 -8.027272
v -26.043065 -0.822741 -8.027272
v -26.043065 -0.822741 -8.027272
v -26.043065 -0.822741 -8.027272
v -26.043065 -0.822741 -8.027272
v -26.043065 -0.822741 -8.027272
v -26.043065 -0.822741 -8.027272
v -26.043065 -0.822741 -8.027272
v -26.043065 -0.822741 -8.027272
v -26.043065 -0.822741 -8.027272
v -26.043065 -0.822741 -8.027272
v -26.043065 -0.822741 -8.027272
v -26.043065 -0.822741 -8.027272
v -26.043065 -0.822741 -8.027272
v -26.492425 -0.799779 -8.311843
v -26.535479 -0.802243 -8.206561
v -26.538742 -0.806814 -8.086092
v -26.503147 -0.814637 -7.960017
v -26.4305 -0.824987 -7.837642
v -26.324597 -0.835573 -7.729372
v -26.193578 -0.84386 -7.646127
v -26.05007 -0.848233 -7.596695
v -25.908673 -0.848183 -7.585501
v -25.783143 -0.843713 -7.612327
v -25.684847 -0.834782 -7.673105
v -25.621807 -0.821469 -7.760498
v -25.597317 -0.804819 -7.864548
v -25.609042 -0.787531 -7.974669
v -25.650766 -0.773408 -8.082712
v -25.716563 -0.765605 -8.184377
v -25.803667 -0.765024 -8.277135
v -25.911121 -0.770165 -8.356673
v -26.035805 -0.778249 -8.415481
v -26.169613 -0.786534 -8.44466
v -26.299705 -0.793124 -8.43735
v -26.411444 -0.797327 -8.391687
v -26.492425 -0.799779 -8.311843
v -26.953938 -0.791225 -8.604109
v -27.010197 -0.779285 -8.379368
v -26.984198 -0.770514 -8.13846
v -26.905485 -0.776964 -7.900165
v -26.778203 -0.799801 -7.666127
v -26.586653 -0.827113 -7.450572
v -26.334936 -0.845952 -7.285703
v -26.055725 -0.852381 -7.196296
v -25.78615 -0.850343 -7.185158
v -25.551104 -0.844543 -7.242642
v -25.368626 -0.83426 -7.360632
v -25.26008 -0.813096 -7.531424
v -25.241057 -0.776885 -7.734333
v -25.297775 -0.73371 -7.936304
v -25.390128 -0.702208 -8.118241
v -25.49373 -0.695279 -8.290068
v -25.622207 -0.709457 -8.465655
v -25.799366 -0.732877 -8.636674
v -26.029906 -0.756649 -8.777646
v -26.296667 -0.776632 -8.860688
v -26.56716 -0.79049 -8.86353
v -26.799726 -0.795903 -8.775398
v -26.953938 -0.791225 -8.604109
v -27.32363 -0.745608 -8.838227
v -27.405876 -0.732644 -8.523082
v -27.317101 -0.699405 -8.176612
v -27.165613 -0.686385 -7.859221
v -27.009453 -0.72074 -7.549009
v -26.779839 -0.774751 -7.241639
v -26.44216 -0.807303 -7.00673
v -26.057916 -0.809163 -6.897031
v -25.696981 -0.797376 -6.900052
v -25.383799 -0.790894 -6.978359
v -25.127567 -0.789249 -7.123119
v -24.972839 -0.768844 -7.349521
v -24.972285 -0.709832 -7.635558
v -25.088254 -0.63489 -7.909079
v -25.207929 -0.596967 -8.141197
v -25.31047 -0.608682 -8.375581
v -25.470375 -0.634242 -8.621275
v -25.714578 -0.653166 -8.841978
v -26.022896 -0.671309 -9.016323
v -26.374527 -0.691964 -9.124643
v -26.739357 -0.713163 -9.14108
v -27.07588 -0.733804 -9.049247
v -27.32363 -0.745608 -8.838227
v -27.440442 -0.528305 -8.912201
v -27.633623 -0.557464 -8.604066
v -27.558481 -0.534664 -8.201742
v -27.31353 -0.492489 -7.83111
v -27.118081 -0.520024 -7.485994
v -26.892756 -0.603067 -7.109104
v -26.512097 -0.658012 -6.80756
v -26.054205 -0.658193 -6.683348
v -25.63188 -0.63592 -6.705975
v -25.264805 -0.631254 -6.795468
v -24.945658 -0.643851 -6.945609
v -24.753684 -0.625959 -7.210735
v -24.780702 -0.545378 -7.563784
v -24.920142 -0.461597 -7.885131
v -24.995721 -0.455678 -8.167299
v -25.105083 -0.480292 -8.469887
v -25.357234 -0.466148 -8.728969
v -25.668873 -0.448992 -8.930284
v -26.012321 -0.461483 -9.11565
v -26.399827 -0.479163 -9.231653
v -26.78196 -0.484142 -9.218523
v -27.127178 -0.494768 -9.103632
v -27.440442 -0.528305 -8.912201
v -27.430627 -0.22266 -8.905985
v -27.68846 -0.258168 -8.620557
v -27.746986 -0.282646 -8.218606
v -27.47065 -0.259192 -7.800323
v -27.184748 -0.263145 -7.440782
v -26.959506 -0.338166 -7.018697
v -26.564448 -0.408042 -6.639299
v -26.046597 -0.422974 -6.484036
v -25.56728 -0.40899 -6.521038
v -25.150019 -0.411195 -6.621806
v -24.781237 -0.427322 -6.786479
v -24.584168 -0.40544 -7.103384
v -24.639597 -0.33282 -7.509852
v -24.712181 -0.295873 -7.856595
v -24.700776 -0.324813 -8.205799
v -24.904933 -0.311542 -8.559654
v -25.269818 -0.257877 -8.806389
v -25.607484 -0.248926 -9.059186
v -26.000977 -0.274795 -9.345653
v -26.471331 -0.281136 -9.487846
v -26.883288 -0.253573 -9.389581
v -27.175629 -0.222713 -9.155715
v -27.430627 -0.22266 -8.905985
v -27.47291 0.02191 -8.932762
v -27.653328 0.014146 -8.604562
v -27.808091 -0.011303 -8.219828
v -27.63788 -0.026277 -7.768076
v -27.260965 -0.032638 -7.392182
v -26.984078 -0.074781 -6.973174
v -26.592499 -0.134321 -6.52975
v -26.037559 -0.165827 -6.318802
v -25.50766 -0.171331 -6.353596
v -25.053056 -0.178803 -6.477052
v -24.67907 -0.185486 -6.689258
v -24.525201 -0.161527 -7.066041
v -24.557108 -0.123842 -7.477332
v -24.464964 -0.131068 -7.823392
v -24.441931 -0.143367 -8.237329
v -24.787336 -0.101567 -8.606977
v -25.167515 -0.066363 -8.900849
v -25.513341 -0.064861 -9.273885
v -25.98785 -0.06608 -9.635284
v -26.549483 -0.049393 -9.769616
v -27.007353 -0.017813 -9.597077
v -27.287768 0.009972 -9.270125
v -27.47291 0.02191 -8.932762
v -27.526576 0.259271 -8.966748
v -27.636857 0.253842 -8.595752
v -27.739668 0.247567 -8.205866
v -27.722365 0.234157 -7.746943
v -27.370702 0.207252 -7.326707
v -26.993034 0.180273 -6.944842
v -26.58491 0.150495 -6.509608
v -26.025973 0.119023 -6.251054
v -25.472686 0.095449 -6.26997
v -25.020684 0.080352 -6.436313
v -24.70644 0.074499 -6.720323
v -24.595505 0.080431 -7.110563
v -24.49411 0.085429 -7.451915
v -24.264879 0.084899 -7.794672
v -24.357151 0.101237 -8.241374
v -24.737633 0.128252 -8.620078
v -25.059971 0.152736 -8.998837
v -25.447203 0.1809 -9.408564
v -25.974154 0.213001 -9.740416
v -26.563637 0.241673 -9.849199
v -27.034225 0.256711 -9.65136
v -27.324968 0.259979 -9.310749
v -27.526576 0.259271 -8.966748
v -27.488248 0.496768 -8.942476
v -27.61439 0.49056 -8.58479
v -27.628295 0.481377 -8.187337
v -27.658673 0.495604 -7.747347
v -27.454494 0.487204 -7.27198
v -27.028217 0.453279 -6.887344
v -26.557568 0.43077 -6.540503
v -26.012477 0.404587 -6.320673
v -25.488107 0.366903 -6.351445
v -25.094546 0.331459 -6.564476
v -24.857156 0.304708 -6.872814
v -24.701806 0.293236 -7.177882
v -24.439051 0.309615 -7.429218
v -24.248322 0.33802 -7.787031
v -24.442482 0.34909 -8.220545
v -24.723009 0.367418 -8.615543
v -25.015612 0.40711 -9.02715
v -25.44231 0.448923 -9.383872
v -25.962818 0.494749 -9.664329
v -26.529159 0.528821 -9.769529
v -26.985313 0.525032 -9.584656
v -27.26522 0.50291 -9.255462
v -27.488248 0.496768 -8.942476
v -27.368871 0.718735 -8.866877
v -27.515757 0.722051 -8.546121
v -27.50574 0.706304 -8.167672
v -27.483368 0.726649 -7.765032
v -27.39558 0.774879 -7.286763
v -27.044493 0.772645 -6.846496
v -26.535157 0.732009 -6.555907
v -25.99887 0.676364 -6.442805
v -25.535528 0.60688 -6.533805
v -25.213502 0.539836 -6.762689
v -24.996579 0.498009 -7.013576
v -24.76369 0.502105 -7.217071
v -24.503763 0.542117 -7.450091
v -24.454618 0.56311 -7.806621
v -24.606578 0.56911 -8.189192
v -24.769916 0.611825 -8.580618
v -25.060252 0.660035 -8.961096
v -25.478126 0.696988 -9.25807
v -25.953826 0.749883 -9.502213
v -26.470355 0.791262 -9.607592
v -26.899543 0.777111 -9.458556
v -27.163923 0.732872 -9.158917
v -27.368871 0.718735 -8.866877
v -27.211054 0.934032 -8.766935
v -27.339528 0.938857 -8.479333
v -27.338802 0.926565 -8.142813
v -27.262773 0.930476 -7.790233
v -27.170767 0.998004 -7.385949
v -26.921984 1.058299 -6.955457
v -26.480169 1.042928 -6.653095
v -25.984579 0.962321 -6.569357
v -25.571567 0.854112 -6.679829
v -25.285979 0.758485 -6.887287
v -25.076835 0.707709 -7.096124
v -24.886769 0.705903 -7.295015
v -24.764455 0.718332 -7.543074
v -24.763428 0.72479 -7.83987
v -24.801082 0.765308 -8.15422
v -24.902607 0.838279 -8.504559
v -25.168132 0.886619 -8.829857
v -25.534106 0.921701 -9.084052
v -25.946787 0.976943 -9.287457
v -26.391436 1.02044 -9.376155
v -26.776154 1.007545 -9.271623
v -27.031366 0.958355 -9.031412
v -27.211054 0.934032 -8.766935
v -27.006607 1.147706 -8.637463
v -27.101237 1.143201 -8.390064
v -27.098905 1.129975 -8.109621
v -27.007043 1.114631 -7.821217
v -26.870474 1.139781 -7.52608
v -26.662327 1.192665 -7.221168
v -26.344475 1.209133 -6.976302
v -25.971827 1.15697 -6.876778
v -25.641851 1.057431 -6.932647
v -25.404769 0.953324 -7.08467
v -25.249336 0.876551 -7.269194
v -25.149771 0.834284 -7.461568
v -25.091075 0.823972 -7.660919
v -25.048696 0.858279 -7.870939
v -25.028181 0.940884 -8.115202
v -25.105958 1.028316 -8.395677
v -25.316127 1.082745 -8.658283
v -25.60772 1.122813 -8.868309
v -25.941938 1.170368 -9.020609
v -26.294748 1.205811 -9.081671
v -26.611537 1.202231 -9.017518
v -26.846354 1.170425 -8.851866
v -27.006607 1.147706 -8.637463
v -26.71914 1.32772 -8.455416
v -26.782186 1.314149 -8.271742
v -26.773742 1.291981 -8.067176
v -26.696111 1.261298 -7.861509
v -26.566026 1.236115 -7.670467
v -26.394973 1.222222 -7.502785
v -26.188158 1.20395 -7.375907
v -25.965603 1.162345 -7.314905
v -25.762032 1.096096 -7.329527
v -25.603397 1.021756 -7.403955
v -25.492258 0.961374 -7.510554
v -25.413624 0.933305 -7.62866
v -25.3503 0.949521 -7.75396
v -25.300981 1.010447 -7.897652
v -25.291582 1.096844 -8.071565
v -25.355931 1.178105 -8.26593
v -25.500451 1.237851 -8.451174
v -25.70354 1.281781 -8.601748
v -25.939805 1.317911 -8.702458
v -26.185175 1.342474 -8.739531
v -26.411242 1.348726 -8.70456
v -26.593215 1.340207 -8.604346
v -26.71914 1.32772 -8.455416
v -26.343875 1.40612 -8.217769
v -26.376278 1.391151 -8.122852
v -26.371621 1.368207 -8.017463
v -26.331608 1.338123 -7.911969
v -26.261867 1.303278 -7.816139
v -26.170487 1.266278 -7.737827
v -26.066597 1.228573 -7.682689
v -25.959706 1.191061 -7.654037
v -25.858727 1.156043 -7.652153
v -25.770213 1.128256 -7.674152
v -25.697279 1.113853 -7.715507
v -25.640719 1.117966 -7.772475
v -25.601874 1.142107 -7.843428
v -25.584963 1.182708 -7.9277
v -25.596378 1.232017 -8.022607
v -25.640941 1.281381 -8.1213
v -25.718223 1.324771 -8.213591
v -25.821924 1.359807 -8.288834
v -25.941783 1.386167 -8.338318
v -26.065671 1.403823 -8.356326
v -26.18113 1.412749 -8.340656
v -26.276845 1.413331 -8.292847
v -26.343875 1.40612 -8.217769
v -25.949566 1.324205 -7.968061
v -25.949566 1.324205 -7.968061
v -25.949566 1.324205 -7.968061
v -25.949566 1.324205 -7.968061
v -25.949566 1.324205 -7.968061
v -25.949566 1.324205 -7.968061
v -25.949566 1.324205 -7.968061
v -25.949566 1.324205 -7.968061
v -25.949566 1.324205 -7.968061
v -25.949566 1.324205 -7.968061
v -25.949566 1.324205 -7.968061
v -25.949566 1.324205 -7.968061
v -25.949566 1.324205 -7.968061
v -25.949566 1.324205 -7.968061
v -25.949566 1.324205 -7.968061
v -25.949566 1.324205 -7.968061
v -25.949566 1.324205 -7.968061
v -25.949566 1.324205 -7.968061
v -25.949566 1.324205 -7.968061
v -25.949566 1.324205 -7.968061
v -25.949566 1.324205 -7.968061
v -25.949566 1.324205 -7.968061
v -25.949566 1.324205 -7.968061
v 28.002327 0.304653 -16.006216
v 28.002327 0.304653 -16.006216
v 28.002327 0.304653 -16.006216
v 28.002327 0.304653 -16.006216
v 28.002327 0.304653 -16.006216
v 28.002327 0.304653 -16.006216
v 28.002327 0.304653 -16.006216
v 28.002327 0.304653 -16.006216
v 28.002327 0.304653 -16.006216
v 28.002327 0.304653 -16.006216
v 28.002327 0.304653 -16.006216
v 28.002327 0.304653 -16.006216
v 28.002327 0.304653 -16.006216
v 28.002327 0.304653 -16.006216
v 28.002327 0.304653 -16.006216
v 28.002327 0.304653 -16.006216
v 28.002327 0.304653 -16.006216
v 28.002327 0.304653 -16.006216
v 28.002327 0.304653 -16.006216
v 28.002327 0.304653 -16.006216
v 28.002327 0.304653 -16.006216
v 28.002327 0.304653 -16.006216
v 28.002327 0.304653 -16.006216
v 27.748693 0.342363 -15.328739
v 27.989175 0.363485 -15.287587
v 28.220909 0.378341 -15.300649
v 28.433075 0.382015 -15.361186
v 28.617561 0.373798 -15.465715
v 28.762746 0.357339 -15.613017
v 28.852873 0.33832 -15.798444
v 28.873444 0.321738 -16.009721
v 28.817288 0.31063 -16.2276
v 28.687362 0.306289 -16.429709
v 28.496357 0.308918 -16.594825
v 28.264546 0.317661 -16.706623
v 28.015961 0.329932 -16.75682
v 27.772849 0.341139 -16.746116
v 27.551334 0.346151 -16.680925
v 27.362469 0.342136 -16.567865
v 27.217575 0.330485 -16.411678
v 27.131083 0.31608 -16.218877
v 27.116937 0.304743 -16.002596
v 27.181876 0.300936 -15.783334
v 27.320993 0.306724 -15.585001
v 27.517857 0.321586 -15.428958
v 27.748693 0.342363 -15.328739
v 27.511787 0.353316 -14.695943
v 27.977955 0.418175 -14.674796
v 28.387574 0.478869 -14.762339
v 28.74259 0.504592 -14.897347
v 29.076461 0.483263 -15.0623
v 29.381639 0.432703 -15.292868
v 29.598646 0.38071 -15.616219
v 29.669399 0.343773 -16.012902
v 29.573282 0.324506 -16.432941
v 29.323525 0.319497 -16.82296
v 28.950448 0.327748 -17.135822
v 28.497722 0.353315 -17.329455
v 28.027258 0.396135 -17.381738
v 27.595576 0.438972 -17.317176
v 27.211552 0.453448 -17.188858
v 26.853107 0.426955 -17.014723
v 26.534044 0.375189 -16.764753
v 26.314946 0.324096 -16.418097
v 26.252935 0.289738 -15.999113
v 26.367694 0.275916 -15.562219
v 26.643714 0.281317 -15.166364
v 27.043537 0.306245 -14.863853
v 27.511787 0.353316 -14.695943
v 27.336173 0.45321 -14.226864
v 27.968635 0.513187 -14.169052
v 28.514532 0.625903 -14.351755
v 28.933065 0.710373 -14.611221
v 29.350218 0.688693 -14.82102
v 29.806538 0.589591 -15.072651
v 30.16095 0.491723 -15.478534
v 30.281134 0.434641 -16.0151
v 30.142004 0.41598 -16.587172
v 29.792228 0.416693 -17.112468
v 29.28538 0.428004 -17.534694
v 28.666062 0.470386 -17.779103
v 28.034364 0.561656 -17.78291
v 27.499002 0.654933 -17.627076
v 27.021629 0.668259 -17.471962
v 26.52212 0.599884 -17.30457
v 26.078473 0.521441 -16.999611
v 25.810835 0.472405 -16.540628
v 25.762348 0.44987 -15.996572
v 25.929254 0.445632 -15.442597
v 26.272981 0.447172 -14.936746
v 26.749743 0.444227 -14.513554
v 27.336173 0.45321 -14.226864
v 27.274826 0.848217 -14.063003
v 27.962363 0.819705 -13.844533
v 28.627913 0.898747 -13.984038
v 29.08358 1.045677 -14.38422
v 29.495216 1.070601 -14.692009
v 30.052267 0.941764 -14.94425
v 30.541371 0.796867 -15.384545
v 30.715897 0.718948 -16.015927
v 30.534595 0.706933 -16.692953
v 30.101158 0.720151 -17.302672
v 29.503904 0.734913 -17.794488
v 28.769383 0.796197 -18.055082
v 28.037433 0.94012 -17.976299
v 27.456335 1.058829 -17.761711
v 26.89734 1.033607 -17.656057
v 26.326613 0.957289 -17.474643
v 25.919595 0.926847 -17.080101
v 25.666145 0.89577 -16.574406
v 25.582859 0.857882 -15.994475
v 25.774958 0.85988 -15.399434
v 26.187182 0.888884 -14.882567
v 26.692256 0.890242 -14.444234
v 27.274826 0.848217 -14.063003
v 27.23566 1.326249 -13.958387
v 27.958839 1.288995 -13.681674
v 28.728688 1.279182 -13.656182
v 29.280569 1.378389 -14.087683
v 29.631559 1.457072 -14.570578
v 30.201263 1.378827 -14.865503
v 30.828207 1.244198 -15.312884
v 31.093351 1.165207 -16.01598
v 30.887458 1.156772 -16.787464
v 30.372485 1.176014 -17.469238
v 29.680344 1.197396 -18.003851
v 28.835174 1.268235 -18.230815
v 28.038621 1.39785 -18.071548
v 27.406495 1.452197 -17.919563
v 26.742573 1.400832 -17.885754
v 26.204118 1.391254 -17.580267
v 25.816092 1.386395 -17.131757
v 25.355485 1.300828 -16.64877
v 25.111199 1.223071 -15.991327
v 25.375713 1.236271 -15.289839
v 25.957242 1.29863 -14.739362
v 26.584647 1.333551 -14.315199
v 27.23566 1.326249 -13.958387
v 27.158678 1.721981 -13.752763
v 27.95622 1.723805 -13.56628
v 28.775851 1.712451 -13.500861
v 29.474666 1.731404 -13.795368
v 29.807685 1.790306 -14.414453
v 30.259824 1.78048 -14.833634
v 30.964548 1.70681 -15.277909
v 31.361414 1.650943 -16.015453
v 31.176049 1.641626 -16.864408
v 30.587114 1.656978 -17.600687
v 29.779263 1.682819 -18.12081
v 28.844294 1.73819 -18.255176
v 28.038804 1.797195 -18.107724
v 27.337249 1.790144 -18.140417
v 26.621185 1.769484 -18.065489
v 26.135553 1.784712 -17.63872
v 25.544797 1.749627 -17.270513
v 24.819999 1.67074 -16.778151
v 24.569695 1.631571 -15.987748
v 25.012203 1.659367 -15.189811
v 25.757272 1.709135 -14.614682
v 26.443464 1.726245 -14.146258
v 27.158678 1.721981 -13.752763
v 27.114381 2.153359 -13.634442
v 27.953291 2.153737 -13.433572
v 28.774138 2.154998 -13.503116
v 29.559877 2.156527 -13.665627
v 30.01998 2.158979 -14.226412
v 30.321317 2.161277 -14.800333
v 30.932889 2.163662 -15.283969
v 31.416343 2.16671 -16.013954
v 31.288673 2.169493 -16.893419
v 30.643605 2.171164 -17.634288
v 29.735917 2.171479 -18.068259
v 28.799013 2.170526 -18.134226
v 28.039184 2.169637 -18.152986
v 27.285796 2.169197 -18.303573
v 26.611736 2.167596 -18.077552
v 26.047633 2.165674 -17.714222
v 25.21624 2.16371 -17.43866
v 24.501091 2.160859 -16.854218
v 24.397147 2.157821 -15.985284
v 24.96315 2.155819 -15.174993
v 25.787537 2.155035 -14.632245
v 26.451974 2.154273 -14.155605
v 27.114381 2.153359 -13.634442
v 27.159285 2.58478 -13.754383
v 27.952505 2.609365 -13.420202
v 28.755132 2.58651 -13.561231
v 29.504202 2.591013 -13.746678
v 30.155467 2.599005 -14.105494
v 30.501439 2.582914 -14.705561
v 30.901923 2.611035 -15.289895
v 31.277356 2.669529 -16.011706
v 31.150768 2.692837 -16.854381
v 30.486496 2.664897 -17.535892
v 29.585359 2.606599 -17.888068
v 28.754062 2.557109 -18.01416
v 28.039474 2.557825 -18.194343
v 27.304402 2.565776 -18.240632
v 26.682804 2.547342 -17.969214
v 25.954593 2.583392 -17.794058
v 25.092305 2.653776 -17.500753
v 24.555778 2.69167 -16.838928
v 24.535596 2.689494 -15.984074
v 25.087495 2.63993 -15.207319
v 25.913904 2.569913 -14.7093
v 26.576825 2.545972 -14.303633
v 27.159285 2.58478 -13.754383
v 27.260905 2.953669 -14.025819
v 27.955883 3.03571 -13.633671
v 28.713267 3.015878 -13.693092
v 29.371035 2.992742 -13.943869
v 30.076888 3.054174 -14.172465
v 30.651858 3.104646 -14.62574
v 31.008657 3.142573 -15.261896
v 31.169697 3.193032 -16.009517
v 30.933924 3.197767 -16.793953
v 30.281509 3.12709 -17.407978
v 29.473938 3.025524 -17.754539
v 28.731105 2.962161 -17.952839
v 28.036663 2.940317 -18.064948
v 27.390123 2.901581 -17.961663
v 26.7685 2.916337 -17.83904
v 25.967225 3.041138 -17.780931
v 25.237374 3.145761 -17.423815
v 24.847114 3.185977 -16.765997
v 24.839072 3.181344 -15.983671
v 25.306615 3.100406 -15.265463
v 26.059816 2.969023 -14.798478
v 26.718698 2.898209 -14.472016
v 27.260905 2.953669 -14.025819
v 27.371671 3.279554 -14.321684
v 27.962152 3.387451 -14.001082
v 28.628536 3.413027 -13.963454
v 29.20864 3.378149 -14.184887
v 29.80456 3.447974 -14.409826
v 30.450289 3.605326 -14.727913
v 30.915366 3.734805 -15.282509
v 31.029616 3.791595 -16.006944
v 30.734861 3.757197 -16.738191
v 30.113369 3.638078 -17.302717
v 29.36853 3.485424 -17.628096
v 28.655904 3.347229 -17.751971
v 28.030041 3.232691 -17.720322
v 27.485405 3.191001 -17.6522
v 26.868853 3.305813 -17.686826
v 26.143021 3.489208 -17.624584
v 25.57222 3.592275 -17.248982
v 25.277632 3.626359 -16.659284
v 25.281743 3.615316 -15.984031
v 25.651302 3.51987 -15.357844
v 26.264774 3.360411 -14.92418
v 26.86034 3.249586 -14.640125
v 27.371671 3.279554 -14.321684
v 27.479376 3.619086 -14.609372
v 27.969146 3.699972 -14.405761
v 28.507188 3.754305 -14.352336
v 29.0006 3.748322 -14.494291
v 29.446596 3.7851 -14.72263
v 29.902441 3.925261 -15.009766
v 30.27648 4.093228 -15.437176
v 30.392913 4.184839 -16.003027
v 30.171382 4.151556 -16.583924
v 29.681041 4.005828 -17.0345
v 29.078723 3.800095 -17.28222
v 28.50707 3.601586 -17.354424
v 28.023098 3.487485 -17.355585
v 27.563576 3.529772 -17.39756
v 27.025997 3.707345 -17.449559
v 26.464478 3.885187 -17.340575
v 26.041941 3.974458 -17.004701
v 25.831047 3.996238 -16.522824
v 25.852814 3.967892 -15.985188
v 26.120401 3.872207 -15.484226
v 26.558113 3.729686 -15.104576
v 27.028948 3.620904 -14.840327
v 27.479376 3.619086 -14.609372
v 27.604868 3.991595 -14.944572
v 27.97655 4.02379 -14.83366
v 28.363643 4.05966 -14.813075
v 28.726001 4.072197 -14.903547
v 29.032279 4.082842 -15.08509
v 29.276715 4.12338 -15.332354
v 29.438009 4.18313 -15.641549
v 29.466541 4.215161 -15.999138
v 29.33081 4.180864 -16.355476
v 29.056174 4.079765 -16.64801
v 28.711288 3.950396 -16.844157
v 28.35942 3.853208 -16.960038
v 28.016881 3.842879 -17.037356
v 27.657542 3.932521 -17.091501
v 27.27028 4.074855 -17.082063
v 26.903079 4.197314 -16.954082
v 26.629174 4.261163 -16.70007
v 26.494138 4.269746 -16.35994
v 26.512017 4.23414 -15.986994
v 26.673118 4.161572 -15.633514
v 26.939167 4.072488 -15.339267
v 27.259143 4.005352 -15.113883
v 27.604868 3.991595 -14.944572
v 27.778259 4.316856 -15.407711
v 27.985746 4.314257 -15.357863
v 28.193969 4.315366 -15.358461
v 28.385952 4.314042 -15.411177
v 28.545074 4.308543 -15.511866
v 28.658143 4.300189 -15.65133
v 28.715973 4.289004 -15.817438
v 28.713407 4.272414 -15.995867
v 28.651098 4.248839 -16.170613
v 28.536942 4.222265 -16.326647
v 28.383829 4.20303 -16.453535
v 28.204517 4.203357 -16.546281
v 28.008493 4.229999 -16.601946
v 27.804353 4.278867 -16.615414
v 27.605188 4.33604 -16.5795
v 27.43042 4.385023 -16.490226
v 27.301211 4.414554 -16.352144
v 27.233567 4.421403 -16.178864
v 27.23428 4.408554 -15.989364
v 27.300587 4.382815 -15.803315
v 27.422394 4.353366 -15.637282
v 27.586133 4.329522 -15.502877
v 27.778259 4.316856 -15.407711
v 27.997172 4.419584 -15.992447
v 27.997172 4.419584 -15.992447
v 27.997172 4.419584 -15.992447
v 27.997172 4.419584 -15.992447
v 27.997172 4.419584 -15.992447
v 27.997172 4.419584 -15.992447
v 27.997172 4.419584 -15.992447
v 27.997172 4.419584 -15.992447
v 27.997172 4.419584 -15.992447
v 27.997172 4.419584 -15.992447
v 27.997172 4.419584 -15.992447
v 27.997172 4.419584 -15.992447
v 27.997172 4.419584 -15.992447
v 27.997172 4.419584 -15.992447
v 27.997172 4.419584 -15.992447
v 27.997172 4.419584 -15.992447
v 27.997172 4.419584 -15.992447
v 27.997172 4.419584 -15.992447
v 27.997172 4.419584 -15.992447
v 27.997172 4.419584 -15.992447
v 27.997172 4.419584 -15.992447
v 27.997172 4.419584 -15.992447
v 27.997172 4.419584 -15.992447
v -30.955315 1.103059 25.039029
v -30.955315 1.103059 25.039029
v -30.955315 1.103059 25.039029
v -30.955315 1.103059 25.039029
v -30.955315 1.103059 25.039029
v -30.955315 1.103059 25.039029
v -30.955315 1.103059 25.039029
v -30.955315 1.103059 25.039029
v -30.955315 1.103059 25.039029
v -30.955315 1.103059 25.039029
v -30.955315 1.103059 25.039029
v -30.955315 1.103059 25.039029
v -30.955315 1.103059 25.039029
v -30.955315 1.103059 25.039029
v -30.955315 1.103059 25.039029
v -30.955315 1.103059 25.039029
v -30.955315 1.103059 25.039029
v -30.955315 1.103059 25.039029
v -30.955315 1.103059 25.039029
v -30.955315 1.103059 25.039029
v -30.955315 1.103059 25.039029
v -30.955315 1.103059 25.039029
v -30.955315 1.103059 25.039029
v -31.535094 1.121031 24.532637
v -31.642195 1.151587 24.750206
v -31.693077 1.176713 24.971237
v -31.695961 1.191372 25.185704
v -31.6554 1.193545 25.390143
v -31.5689 1.184936 25.57984
v -31.431409 1.169527 25.742967
v -31.242871 1.151476 25.861452
v -31.012837 1.133895 25.916519
v -30.760584 1.118699 25.894684
v -30.511986 1.10679 25.792074
v -30.294332 1.098029 25.616347
v -30.130315 1.091027 25.38529
v -30.033981 1.083419 25.121963
v -30.011461 1.073187 24.849406
v -30.064777 1.060409 24.589353
v -30.192797 1.047829 24.364455
v -30.38739 1.039538 24.198179
v -30.630001 1.038938 24.109681
v -30.893538 1.047603 24.10777
v -31.14831 1.065373 24.188632
v -31.36816 1.090787 24.337543
v -31.535094 1.121031 24.532637
v -32.090434 1.105766 24.04759
v -32.251192 1.170219 24.494469
v -32.273735 1.238143 24.917799
v -32.226078 1.283263 25.289749
v -32.158721 1.289131 25.641292
v -32.049196 1.263274 26.002406
v -31.842157 1.224643 26.350446
v -31.510722 1.186504 26.628671
v -31.069191 1.153947 26.781256
v -30.56157 1.128658 26.768517
v -30.052038 1.112359 26.573391
v -29.61487 1.107077 26.209804
v -29.308764 1.110195 25.729673
v -29.142575 1.109062 25.201138
v -29.090505 1.088604 24.662925
v -29.157724 1.049124 24.129987
v -29.385584 1.008961 23.64929
v -29.781445 0.986481 23.299981
v -30.289581 0.986194 23.135539
v -30.830811 1.001631 23.15703
v -31.341718 1.025727 23.336212
v -31.776237 1.058376 23.643651
v -32.090434 1.105766 24.04759
v -32.54423 1.16143 23.651235
v -32.843451 1.204563 24.245537
v -32.853026 1.304308 24.86437
v -32.684454 1.407017 25.378263
v -32.543831 1.438108 25.830271
v -32.423763 1.397367 26.328039
v -32.175624 1.334081 26.83898
v -31.732688 1.276308 27.257519
v -31.117603 1.229826 27.494865
v -30.398634 1.195514 27.490209
v -29.674422 1.175423 27.216318
v -29.074077 1.179658 26.682145
v -28.711136 1.210539 25.978998
v -28.545649 1.230719 25.251666
v -28.451633 1.195409 24.530417
v -28.494123 1.12632 23.790326
v -28.825091 1.083553 23.147266
v -29.412854 1.086574 22.744102
v -30.110809 1.116722 22.605902
v -30.804427 1.149082 22.673937
v -31.449865 1.164172 22.876735
v -32.042888 1.160502 23.193335
v -32.54423 1.16143 23.651235
v -32.805224 1.422887 23.423277
v -33.295506 1.402316 24.053164
v -33.445474 1.459849 24.807632
v -33.179618 1.603681 25.471821
v -32.870773 1.695732 25.985197
v -32.695532 1.667097 26.555059
v -32.417847 1.590872 27.1811
v -31.899399 1.519255 27.709786
v -31.158433 1.464775 28.011446
v -30.288463 1.431044 27.998526
v -29.422868 1.417093 27.649624
v -28.745795 1.44262 26.968874
v -28.421242 1.514133 26.096419
v -28.285583 1.551684 25.267288
v -28.134129 1.497993 24.456401
v -28.224984 1.44021 23.6407
v -28.681583 1.433774 23.000976
v -29.321575 1.440385 22.582796
v -30.05455 1.455906 22.405187
v -30.802047 1.48312 22.470352
v -31.504723 1.488835 22.670847
v -32.178735 1.461162 22.970157
v -32.805224 1.422887 23.423277
v -33.108718 1.726827 23.158197
v -33.619583 1.730502 23.912679
v -33.94054 1.736501 24.756722
v -33.744441 1.826746 25.578582
v -33.214772 1.952179 26.14882
v -32.890929 1.975497 26.712146
v -32.592084 1.926335 27.416361
v -32.037369 1.87084 28.066898
v -31.198342 1.833864 28.446798
v -30.202156 1.82139 28.418732
v -29.238598 1.829045 27.972929
v -28.557074 1.87249 27.133708
v -28.302741 1.942347 26.140217
v -28.127118 1.954944 25.271853
v -27.967948 1.911536 24.409312
v -28.210957 1.897535 23.614381
v -28.615473 1.865864 22.919071
v -29.117982 1.79369 22.254337
v -29.905761 1.765111 21.941478
v -30.785378 1.788553 22.059256
v -31.597655 1.787614 22.295227
v -32.403091 1.746224 22.596267
v -33.108718 1.726827 23.158197
v -33.486749 2.031577 22.828017
v -33.939495 2.061794 23.773897
v -34.189702 2.088826 24.726017
v -34.186679 2.121223 25.658252
v -33.56325 2.21038 26.31464
v -32.991841 2.268351 26.786111
v -32.651935 2.264391 27.481159
v -32.118715 2.244895 28.258406
v -31.230763 2.23849 28.748197
v -30.145076 2.249158 28.714764
v -29.141245 2.270689 28.149359
v -28.517176 2.302767 27.168555
v -28.265881 2.327542 26.15036
v -27.98817 2.315788 25.275683
v -27.966526 2.297262 24.396404
v -28.239847 2.278671 23.61302
v -28.354415 2.208163 22.668758
v -28.801118 2.12759 21.758657
v -29.771326 2.108241 21.515225
v -30.782132 2.132796 21.837135
v -31.644893 2.127194 22.124353
v -32.588284 2.068786 22.289831
v -33.486749 2.031577 22.828017
v -33.660631 2.428994 22.676144
v -34.246906 2.436764 23.639757
v -34.278497 2.46422 24.709115
v -34.310839 2.488806 25.671298
v -33.842676 2.523562 26.443144
v -33.07204 2.557605 26.841865
v -32.606632 2.586348 27.390583
v -32.115289 2.62295 28.205377
v -31.247772 2.66513 28.799381
v -30.142009 2.698158 28.776191
v -29.164976 2.71045 28.120093
v -28.58208 2.701391 27.111866
v -28.223654 2.687084 26.163109
v -27.960058 2.671363 25.269719
v -28.109627 2.64407 24.413955
v -28.133161 2.620251 23.544589
v -28.056657 2.591726 22.383622
v -28.656015 2.550335 21.512274
v -29.765189 2.514962 21.451114
v -30.799976 2.496278 21.932796
v -31.614727 2.481099 22.294464
v -32.560285 2.453727 22.347046
v -33.660631 2.428994 22.676144
v -33.505584 2.843102 22.811566
v -34.317435 2.867952 23.604214
v -34.317439 2.853583 24.696343
v -34.155224 2.857157 25.627821
v -33.902287 2.879822 26.458402
v -33.212508 2.87573 26.949623
v -32.597219 2.894295 27.354439
v -32.069367 2.975071 28.032948
v -31.249113 3.073552 28.616456
v -30.190436 3.129713 28.609932
v -29.253696 3.124653 27.979807
v -28.626629 3.087201 27.072956
v -28.217706 3.054341 26.160532
v -28.151074 3.002989 25.244712
v -28.24844 2.960671 24.431627
v -27.977955 2.997697 23.450053
v -27.99114 3.029941 22.301915
v -28.740481 2.992042 21.606267
v -29.835355 2.911927 21.607815
v -30.821073 2.830065 22.09375
v -31.569015 2.786379 22.527549
v -32.399172 2.798288 22.62933
v -33.505584 2.843102 22.811566
v -33.145058 3.185659 23.126457
v -34.022683 3.276988 23.722216
v -34.199789 3.25864 24.697212
v -33.900398 3.203202 25.56504
v -33.675756 3.218485 26.329336
v -33.278908 3.246275 26.988758
v -32.704829 3.276465 27.487164
v -32.083748 3.37056 28.029198
v -31.2535 3.496718 28.473458
v -30.238417 3.570854 28.446655
v -29.315499 3.562741 27.885837
v -28.682662 3.500162 27.024016
v -28.423213 3.399159 26.069558
v -28.472485 3.289591 25.209107
v -28.32208 3.298601 24.435442
v -27.995439 3.412147 23.44151
v -28.199688 3.454633 22.464452
v -28.966444 3.396024 21.913602
v -29.947953 3.28248 21.889709
v -30.84408 3.151729 22.290411
v -31.527621 3.067889 22.739162
v -32.213792 3.083471 22.951338
v -33.145058 3.185659 23.126457
v -32.726976 3.444462 23.49162
v -33.466925 3.586028 23.951094
v -33.792633 3.618942 24.725062
v -33.588866 3.542629 25.491024
v -33.307048 3.515725 26.129933
v -33.073444 3.59107 26.787709
v -32.692523 3.711152 27.437605
v -32.091393 3.854001 27.996011
v -31.259553 3.988729 28.321963
v -30.303008 4.050395 28.214637
v -29.468311 4.001401 27.637312
v -28.971581 3.85426 26.771667
v -28.832764 3.670702 25.893997
v -28.753454 3.584747 25.176919
v -28.457767 3.677803 24.450435
v -28.282324 3.806609 23.570382
v -28.601273 3.821018 22.801638
v -29.287959 3.740975 22.367421
v -30.110895 3.608777 22.321606
v -30.874415 3.453242 22.610867
v -31.474981 3.339216 22.999008
v -32.029523 3.333271 23.270571
v -32.726976 3.444462 23.49162
v -32.331564 3.659445 23.836982
v -32.841841 3.79608 24.210421
v -33.158173 3.875036 24.775742
v -33.128962 3.848442 25.388146
v -32.906253 3.807294 25.9145
v -32.670699 3.858472 26.415514
v -32.373981 4.002606 26.942477
v -31.896615 4.173847 27.398672
v -31.224084 4.299831 27.616216
v -30.478967 4.323198 27.472124
v -29.854069 4.227392 26.987812
v -29.470042 4.060008 26.3363
v -29.258509 3.92929 25.711822
v -29.039369 3.934554 25.142984
v -28.813322 4.046497 24.510172
v -28.809421 4.127205 23.824134
v -29.135805 4.104738 23.261386
v -29.686003 4.007129 22.940822
v -30.318242 3.868126 22.889004
v -30.911992 3.715456 23.063353
v -31.404178 3.599511 23.337323
v -31.844382 3.575278 23.59109
v -32.331564 3.659445 23.836982
v -31.968138 3.891617 24.154406
v -32.264773 3.977929 24.449995
v -32.468726 4.052677 24.833216
v -32.513541 4.080369 25.25628
v -32.408976 4.079378 25.650973
v -32.211931 4.09903 25.99498
v -31.945174 4.163448 26.292594
v -31.592882 4.25071 26.515365
v -31.159237 4.316414 26.601372
v -30.698927 4.327897 26.508003
v -30.28704 4.287493 26.253961
v -29.963175 4.234873 25.905587
v -29.713541 4.220821 25.516906
v -29.52297 4.261799 25.091893
v -29.432524 4.31873 24.626306
v -29.506895 4.334864 24.169004
v -29.755948 4.288096 23.802584
v -30.126431 4.193046 23.583082
v -30.54612 4.073924 23.521631
v -30.953785 3.956273 23.591942
v -31.318318 3.870972 23.742869
v -31.64844 3.846777 23.930693
v -31.968138 3.891617 24.154406
v -31.568804 4.164224 24.503194
v -31.703816 4.191109 24.682378
v -31.790716 4.223793 24.889821
v -31.816402 4.252715 25.109862
v -31.776033 4.275365 25.321865
v -31.674158 4.295448 25.506613
v -31.520436 4.31719 25.649279
v -31.32649 4.340634 25.73808
v -31.10674 4.362082 25.763717
v -30.879388 4.378338 25.721991
v -30.664047 4.390188 25.616229
v -30.477971 4.401636 25.455952
v -30.335159 4.415203 25.253447
v -30.248431 4.427516 25.023007
v -30.22949 4.42983 24.783609
v -30.284169 4.413653 24.559741
v -30.407166 4.37644 24.376486
v -30.582116 4.32294 24.252081
v -30.787019 4.262894 24.19367
v -31.000929 4.208052 24.198126
v -31.208459 4.169511 24.256548
v -31.4002 4.154679 24.360033
v -31.568804 4.164224 24.503194
v -31.05517 4.38495 24.951814
v -31.05517 4.38495 24.951814
v -31.05517 4.38495 24.951814
v -31.05517 4.38495 24.951814
v -31.05517 4.38495 24.951814
v -31.05517 4.38495 24.951814
v -31.05517 4.38495 24.951814
v -31.05517 4.38495 24.951814
v -31.05517 4.38495 24.951814
v -31.05517 4.38495 24.951814
v -31.05517 4.38495 24.951814
v -31.05517 4.38495 24.951814
v -31.05517 4.38495 24.951814
v -31.05517 4.38495 24.951814
v -31.05517 4.38495 24.951814
v -31.05517 4.38495 24.951814
v -31.05517 4.38495 24.951814
v -31.05517 4.38495 24.951814
v -31.05517 4.38495 24.951814
v -31.05517 4.38495 24.951814
v -31.05517 4.38495 24.951814
v -31.05517 4.38495 24.951814
v -31.05517 4.38495 24.951814
v 2.995568 0.547556 -20.010101
v 2.995568 0.547556 -20.010101
v 2.995568 0.547556 -20.010101
v 2.995568 0.547556 -20.010101
v 2.995568 0.547556 -20.010101
v 2.995568 0.547556 -20.010101
v 2.995568 0.547556 -20.010101
v 2.995568 0.547556 -20.010101
v 2.995568 0.547556 -20.010101
v 2.995568 0.547556 -20.010101
v 2.995568 0.547556 -20.010101
v 2.995568 0.547556 -20.010101
v 2.995568 0.547556 -20.010101
v 2.995568 0.547556 -20.010101
v 2.995568 0.547556 -20.010101
v 2.995568 0.547556 -20.010101
v 2.995568 0.547556 -20.010101
v 2.995568 0.547556 -20.010101
v 2.995568 0.547556 -20.010101
v 2.995568 0.547556 -20.010101
v 2.995568 0.547556 -20.010101
v 2.995568 0.547556 -20.010101
v 2.995568 0.547556 -20.010101
v 3.192245 0.539127 -19.561804
v 3.259722 0.549057 -19.635405
v 3.301742 0.558453 -19.73121
v 3.320232 0.565704 -19.839548
v 3.317867 0.569751 -19.954534
v 3.295384 0.570513 -20.073109
v 3.251689 0.568637 -20.191658
v 3.186019 0.564955 -20.30375
v 3.099911 0.560158 -20.400231
v 2.998104 0.554779 -20.470667
v 2.888561 0.549225 -20.505392
v 2.78155 0.543701 -20.497925
v 2.687755 0.538117 -20.446787
v 2.616448 0.532225 -20.355461
v 2.574964 0.526026 -20.231024
v 2.568863 0.520137 -20.083632
v 2.600865 0.515648 -19.92719
v 2.668705 0.513523 -19.778586
v 2.764486 0.51413 -19.654222
v 2.876646 0.517293 -19.56631
v 2.992724 0.522687 -19.52148
v 3.101137 0.530073 -19.52114
v 3.192245 0.539127 -19.561804
v 3.412978 0.517169 -19.058675
v 3.550664 0.532842 -19.222846
v 3.617999 0.553841 -19.443327
v 3.630524 0.572913 -19.676702
v 3.614688 0.583271 -19.903489
v 3.575723 0.584676 -20.132185
v 3.500077 0.581037 -20.367947
v 3.378226 0.574835 -20.600368
v 3.209935 0.566449 -20.811976
v 3.000849 0.556405 -20.979503
v 2.765862 0.546238 -21.073215
v 2.531606 0.537487 -21.067637
v 2.327031 0.529739 -20.958515
v 2.16857 0.519979 -20.763384
v 2.065435 0.506226 -20.498557
v 2.039708 0.492068 -20.174706
v 2.114942 0.484226 -19.824943
v 2.283099 0.485368 -19.505146
v 2.506411 0.492022 -19.256254
v 2.748471 0.498953 -19.087228
v 2.989726 0.503851 -18.994293
v 3.21764 0.508543 -18.981483
v 3.412978 0.517169 -19.058675
v 3.610722 0.522771 -18.607946
v 3.855788 0.525719 -18.790101
v 3.978949 0.548697 -19.114759
v 3.974119 0.583886 -19.496331
v 3.920098 0.60786 -19.850768
v 3.852523 0.613588 -20.190185
v 3.735581 0.61171 -20.53459
v 3.553371 0.606418 -20.86989
v 3.309767 0.595035 -21.184357
v 3.003576 0.578275 -21.451256
v 2.649302 0.561006 -21.612993
v 2.294605 0.54896 -21.607847
v 1.996414 0.542299 -21.427378
v 1.764522 0.530386 -21.131127
v 1.596266 0.507503 -20.744594
v 1.567339 0.490265 -20.255572
v 1.735777 0.495956 -19.744359
v 2.034509 0.518389 -19.327509
v 2.362164 0.539655 -19.031782
v 2.676857 0.547828 -18.816395
v 2.988256 0.542399 -18.655656
v 3.306013 0.5312 -18.572941
v 3.610722 0.522771 -18.607946
v 3.750042 0.597411 -18.290385
v 4.074361 0.591458 -18.479568
v 4.303624 0.594483 -18.818601
v 4.32261 0.631043 -19.31283
v 4.206214 0.673913 -19.800572
v 4.085529 0.691141 -20.237833
v 3.920738 0.69531 -20.664029
v 3.685258 0.693704 -21.07069
v 3.385772 0.680373 -21.464462
v 3.006242 0.658338 -21.814239
v 2.560038 0.637035 -22.027712
v 2.120891 0.626721 -22.003804
v 1.773377 0.62679 -21.743097
v 1.496426 0.614803 -21.374193
v 1.295696 0.589579 -20.900951
v 1.334834 0.588307 -20.293525
v 1.60683 0.615032 -19.71441
v 1.950044 0.641685 -19.264178
v 2.292645 0.655052 -18.920464
v 2.628239 0.648933 -18.628897
v 2.987472 0.62537 -18.370676
v 3.379142 0.604454 -18.236008
v 3.750042 0.597411 -18.290385
v 3.921857 0.694681 -17.898757
v 4.230057 0.714525 -18.257782
v 4.519426 0.712693 -18.620686
v 4.642293 0.724803 -19.143712
v 4.4769 0.768342 -19.752486
v 4.264239 0.799107 -20.273306
v 4.050208 0.811331 -20.753011
v 3.781913 0.814184 -21.21593
v 3.446466 0.80534 -21.685107
v 3.009007 0.790234 -22.108881
v 2.491317 0.778198 -22.348713
v 2.001311 0.776964 -22.276371
v 1.63078 0.78102 -21.944184
v 1.320241 0.770129 -21.532716
v 1.160884 0.758799 -20.96902
v 1.299178 0.768936 -20.296248
v 1.531235 0.773403 -19.694896
v 1.808229 0.767541 -19.160002
v 2.180164 0.767719 -18.742863
v 2.567208 0.75775 -18.394497
v 2.986413 0.722854 -18.010281
v 3.481574 0.690373 -17.763717
v 3.921857 0.694681 -17.898757
v 4.104436 0.815338 -17.482594
v 4.397662 0.84058 -18.019082
v 4.604303 0.856889 -18.541658
v 4.828288 0.858468 -19.044085
v 4.699529 0.884182 -19.712224
v 4.368253 0.916724 -20.292742
v 4.089131 0.934517 -20.77742
v 3.818916 0.94132 -21.268786
v 3.480573 0.941061 -21.805595
v 3.011327 0.938867 -22.292548
v 2.451705 0.938827 -22.535395
v 1.940487 0.941674 -22.415009
v 1.543421 0.94156 -22.066871
v 1.230927 0.934106 -21.612041
v 1.191362 0.931144 -20.950353
v 1.308336 0.926848 -20.291728
v 1.366754 0.906681 -19.657106
v 1.644304 0.892314 -19.040131
v 2.124529 0.895231 -18.652583
v 2.560197 0.891957 -18.361067
v 2.987103 0.863198 -17.903862
v 3.549261 0.825162 -17.453253
v 4.104436 0.815338 -17.482594
v 4.179025 0.982344 -17.312579
v 4.55888 0.988613 -17.789275
v 4.648024 1.002195 -18.500087
v 4.824447 1.011622 -19.043715
v 4.811509 1.024813 -19.690432
v 4.424045 1.040612 -20.301824
v 4.048911 1.052914 -20.745681
v 3.781935 1.064619 -21.207468
v 3.474969 1.078863 -21.77724
v 3.012816 1.093752 -22.310837
v 2.44555 1.10397 -22.56732
v 1.917497 1.106634 -22.467413
v 1.488485 1.103891 -22.143554
v 1.258268 1.094644 -21.585199
v 1.304467 1.080151 -20.888715
v 1.248091 1.068735 -20.299383
v 1.222527 1.055291 -19.623268
v 1.604965 1.039464 -19.008256
v 2.157918 1.028319 -18.699653
v 2.595321 1.020114 -18.485772
v 2.989216 1.007921 -18.055517
v 3.539064 0.99189 -17.503922
v 4.179025 0.982344 -17.312579
v 4.117996 1.15843 -17.451686
v 4.60783 1.163686 -17.718505
v 4.700796 1.155814 -18.450175
v 4.710294 1.156831 -19.101323
v 4.744493 1.171191 -19.699162
v 4.447363 1.171616 -20.303869
v 4.021228 1.163771 -20.723056
v 3.72663 1.173225 -21.11834
v 3.446625 1.204733 -21.664354
v 3.013691 1.24241 -22.225198
v 2.452086 1.268576 -22.540499
v 1.900691 1.277868 -22.505719
v 1.500575 1.268743 -22.125147
v 1.401294 1.23673 -21.453254
v 1.38572 1.21373 -20.844022
v 1.185697 1.221106 -20.307211
v 1.234085 1.215463 -19.622177
v 1.68317 1.183312 -19.060049
v 2.213755 1.148741 -18.781833
v 2.626363 1.129617 -18.596183
v 2.991333 1.129989 -18.245833
v 3.485952 1.14314 -17.752889
v 4.117996 1.15843 -17.451686
v 3.971354 1.309923 -17.785936
v 4.490638 1.336861 -17.883412
v 4.680947 1.32435 -18.4662
v 4.590918 1.29657 -19.161754
v 4.528087 1.297092 -19.733839
v 4.365641 1.30166 -20.283682
v 4.039131 1.290931 -20.732413
v 3.736929 1.298307 -21.130008
v 3.442441 1.342984 -21.641294
v 3.014939 1.403718 -22.187835
v 2.458978 1.44795 -22.512338
v 1.935754 1.454042 -22.425797
v 1.644694 1.413626 -21.919617
v 1.583338 1.35897 -21.286026
v 1.434183 1.354469 -20.816414
v 1.24864 1.377752 -20.29351
v 1.400857 1.360882 -19.654293
v 1.825743 1.310806 -19.158044
v 2.28192 1.261081 -18.883334
v 2.65642 1.23322 -18.703221
v 2.993324 1.237557 -18.436931
v 3.41868 1.2685 -18.066854
v 3.971354 1.309923 -17.785936
v 3.781358 1.424557 -18.219005
v 4.236515 1.474932 -18.242815
v 4.494476 1.481472 -18.634067
v 4.446374 1.4407 -19.235317
v 4.291191 1.40694 -19.772322
v 4.154079 1.406389 -20.236549
v 3.971728 1.420664 -20.681044
v 3.737717 1.451972 -21.126012
v 3.436886 1.510237 -21.611551
v 3.015765 1.575377 -22.054508
v 2.517635 1.608378 -22.244204
v 2.102841 1.583753 -22.044947
v 1.884731 1.51966 -21.57833
v 1.748043 1.481536 -21.134581
v 1.552486 1.499566 -20.752111
v 1.473657 1.512398 -20.252487
v 1.667735 1.476445 -19.708277
v 2.018043 1.416306 -19.291981
v 2.38323 1.36109 -19.036462
v 2.701554 1.328948 -18.867147
v 2.995435 1.331906 -18.672561
v 3.342063 1.368316 -18.423537
v 3.781358 1.424557 -18.219005
v 3.576113 1.501506 -18.686832
v 3.910338 1.560864 -18.704819
v 4.148522 1.589 -18.947738
v 4.185323 1.566694 -19.370265
v 4.06705 1.521492 -19.808535
v 3.918154 1.49823 -20.18454
v 3.775153 1.512332 -20.538836
v 3.59992 1.555802 -20.909599
v 3.349183 1.613054 -21.277575
v 3.013838 1.659323 -21.554697
v 2.650407 1.669375 -21.630971
v 2.348217 1.641176 -21.485646
v 2.132675 1.60735 -21.225968
v 1.95158 1.603633 -20.947786
v 1.813934 1.617647 -20.613155
v 1.819406 1.605479 -20.191582
v 1.990588 1.556765 -19.774897
v 2.247661 1.49513 -19.453161
v 2.515866 1.441927 -19.238638
v 2.762448 1.410877 -19.090841
v 2.997653 1.411436 -18.952768
v 3.26041 1.444646 -18.803039
v 3.576113 1.501506 -18.686832
v 3.380776 1.555572 -19.132075
v 3.581862 1.603197 -19.170419
v 3.739258 1.636156 -19.319783
v 3.805405 1.640406 -19.568367
v 3.773388 1.621175 -19.856922
v 3.678991 1.599991 -20.131625
v 3.556032 1.595827 -20.380814
v 3.408796 1.612451 -20.612398
v 3.226636 1.64023 -20.817141
v 3.010708 1.664779 -20.96219
v 2.783382 1.676969 -21.015688
v 2.57289 1.679393 -20.973537
v 2.394824 1.681697 -20.853557
v 2.260201 1.685983 -20.665799
v 2.194148 1.680396 -20.412774
v 2.220337 1.653034 -20.122085
v 2.329979 1.606919 -19.845688
v 2.487701 1.555941 -19.62223
v 2.65997 1.513601 -19.458841
v 2.830197 1.489352 -19.340391
v 2.999925 1.488848 -19.246652
v 3.181236 1.512862 -19.170899
v 3.380776 1.555572 -19.132075
v 3.199332 1.61298 -19.54565
v 3.288063 1.634134 -19.586918
v 3.356866 1.652882 -19.667733
v 3.395128 1.665119 -19.783154
v 3.3974 1.67026 -19.920343
v 3.365127 1.671223 -20.06356
v 3.304005 1.672211 -20.199583
v 3.220285 1.676049 -20.318998
v 3.119624 1.683001 -20.414054
v 3.008345 1.69144 -20.477068
v 2.894627 1.699282 -20.501283
v 2.788202 1.704795 -20.482764
v 2.699291 1.706331 -20.421503
v 2.637543 1.701869 -20.322052
v 2.610309 1.689622 -20.194373
v 2.620045 1.669591 -20.053377
v 2.662923 1.644485 -19.915391
v 2.73057 1.619015 -19.79325
v 2.813822 1.598262 -19.693665
v 2.905765 1.58628 -19.618241
v 3.002508 1.585264 -19.566836
v 3.101633 1.595066 -19.541033
v 3.199332 1.61298 -19.54565
v 3.005581 1.676316 -19.987278
v 3.005581 1.676316 -19.987278
v 3.005581 1.676316 -19.987278
v 3.005581 1.676316 -19.987278
v 3.005581 1.676316 -19.987278
v 3.005581 1.676316 -19.987278
v 3.005581 1.676316 -19.987278
v 3.005581 1.676316 -19.987278
v 3.005581 1.676316 -19.987278
v 3.005581 1.676316 -19.987278
v 3.005581 1.676316 -19.987278
v 3.005581 1.676316 -19.987278
v 3.005581 1.676316 -19.987278
v 3.005581 1.676316 -19.987278
v 3.005581 1.676316 -19.987278
v 3.005581 1.676316 -19.987278
v 3.005581 1.676316 -19.987278
v 3.005581 1.676316 -19.987278
v 3.005581 1.676316 -19.987278
v 3.005581 1.676316 -19.987278
v 3.005581 1.676316 -19.987278
v 3.005581 1.676316 -19.987278
v 3.005581 1.676316 -19.987278
v 17.975234 0.496996 25.051047
v 17.975234 0.496996 25.051047
v 17.975234 0.496996 25.051047
v 17.975234 0.496996 25.051047
v 17.975234 0.496996 25.051047
v 17.975234 0.496996 25.051047
v 17.975234 0.496996 25.051047
v 17.975234 0.496996 25.051047
v 17.975234 0.496996 25.051047
v 17.975234 0.496996 25.051047
v 17.975234 0.496996 25.051047
v 17.975234 0.496996 25.051047
v 17.975234 0.496996 25.051047
v 17.975234 0.496996 25.051047
v 17.975234 0.496996 25.051047
v 17.975234 0.496996 25.051047
v 17.975234 0.496996 25.051047
v 17.975234 0.496996 25.051047
v 17.975234 0.496996 25.051047
v 17.975234 0.496996 25.051047
v 17.975234 0.496996 25.051047
v 17.975234 0.496996 25.051047
v 17.975234 0.496996 25.051047
v 18.23938 0.41797 24.506601
v 18.050455 0.430003 24.455847
v 17.864256 0.446588 24.457827
v 17.696953 0.46507 24.507401
v 17.559419 0.482981 24.596035
v 17.458813 0.499091 24.714975
v 17.400518 0.51322 24.855396
v 17.387713 0.525273 25.007306
v 17.420127 0.53468 25.159908
v 17.494264 0.540563 25.303001
v 17.604613 0.54211 25.427756
v 17.744454 0.538677 25.526718
v 17.906177 0.529797 25.593568
v 18.081143 0.515499 25.622427
v 18.258345 0.49691 25.607236
v 18.422641 0.476409 25.5433
v 18.555815 0.456796 25.431305
v 18.64145 0.440049 25.280017
v 18.669604 0.426892 25.104598
v 18.637682 0.417454 24.922662
v 18.548918 0.412171 24.751719
v 18.411604 0.412025 24.608295
v 18.23938 0.41797 24.506601
v 18.557908 0.332011 23.85007
v 18.142645 0.342889 23.725704
v 17.729396 0.372747 23.739179
v 17.369746 0.412641 23.869593
v 17.081914 0.449146 24.074843
v 16.86958 0.478451 24.332997
v 16.750185 0.505604 24.63548
v 16.736364 0.532443 24.960035
v 16.816734 0.554426 25.279173
v 16.97292 0.566782 25.576869
v 17.196985 0.568544 25.842651
v 17.484759 0.560692 26.061987
v 17.825734 0.542193 26.222036
v 18.208442 0.510355 26.314062
v 18.61627 0.468279 26.313121
v 18.998966 0.428949 26.178959
v 19.28179 0.404653 25.906911
v 19.425791 0.394192 25.548379
v 19.446034 0.386226 25.16257
v 19.367141 0.372506 24.779408
v 19.192808 0.354179 24.414408
v 18.919407 0.338109 24.092451
v 18.557908 0.332011 23.85007
v 18.821343 0.336429 23.307091
v 18.228302 0.318803 23.055023
v 17.592889 0.330437 23.006002
v 17.027444 0.38388 23.199875
v 16.587771 0.443532 23.533291
v 16.257424 0.486833 23.934244
v 16.083591 0.531436 24.408152
v 16.09996 0.583265 24.911634
v 16.246868 0.623419 25.389591
v 16.469714 0.637821 25.839546
v 16.781023 0.629544 26.26519
v 17.207955 0.608352 26.632523
v 17.738177 0.574172 26.9086
v 18.352025 0.516216 27.092095
v 19.020441 0.447447 27.109115
v 19.589598 0.414658 26.827829
v 19.890108 0.435466 26.30065
v 19.961857 0.469758 25.725716
v 19.947107 0.472799 25.194281
v 19.880479 0.438283 24.6743
v 19.68771 0.392353 24.152139
v 19.322223 0.359218 23.681287
v 18.821343 0.336429 23.307091
v 19.002041 0.500424 22.934645
v 18.279558 0.501969 22.680518
v 17.502108 0.462789 22.489951
v 16.742285 0.484205 22.630103
v 16.174113 0.561267 23.070786
v 15.75972 0.621703 23.601817
v 15.551766 0.682876 24.219345
v 15.617507 0.759895 24.867962
v 15.824845 0.815165 25.465158
v 16.077372 0.824894 26.039566
v 16.434037 0.801015 26.614686
v 16.969671 0.765275 27.123659
v 17.663363 0.716648 27.510865
v 18.48368 0.635922 27.785218
v 19.351676 0.56882 27.748259
v 19.948321 0.594055 27.207851
v 20.157013 0.672345 26.459057
v 20.227932 0.709124 25.802259
v 20.326861 0.670379 25.211645
v 20.397231 0.574573 24.565402
v 20.232476 0.483586 23.861657
v 19.713544 0.464079 23.279775
v 19.002041 0.500424 22.934645
v 19.232163 0.713674 22.46033
v 18.315881 0.800181 22.437982
v 17.467864 0.780725 22.247751
v 16.535798 0.748328 22.199263
v 15.827644 0.807793 22.672338
v 15.388433 0.884178 23.343429
v 15.180342 0.952754 24.078153
v 15.285663 1.028878 24.83047
v 15.525284 1.080486 25.513097
v 15.77712 1.088939 26.188244
v 16.157527 1.069742 26.889937
v 16.778549 1.041525 27.517591
v 17.603724 0.99806 28.013761
v 18.594673 0.932983 28.334776
v 19.54367 0.910631 28.09284
v 20.07519 0.954655 27.320023
v 20.355065 0.980016 26.568128
v 20.569846 0.962619 25.903696
v 20.726506 0.911125 25.228261
v 20.880696 0.805947 24.458936
v 20.808339 0.683726 23.550824
v 20.208432 0.640197 22.770925
v 19.232163 0.713674 22.46033
v 19.461535 0.98349 21.98756
v 18.361019 1.070883 22.123034
v 17.471139 1.112557 22.206661
v 16.465804 1.088015 22.029362
v 15.581528 1.115571 22.379375
v 15.160455 1.190184 23.175468
v 15.041637 1.259467 24.013717
v 15.187309 1.319251 24.808713
v 15.41743 1.358497 25.522307
v 15.630273 1.373901 26.255297
v 15.997212 1.374919 27.045835
v 16.650197 1.366072 27.782144
v 17.561082 1.34227 28.392747
v 18.660133 1.311006 28.622907
v 19.561864 1.300653 28.091386
v 20.127075 1.291403 27.351736
v 20.625976 1.257263 26.726548
v 20.804212 1.232835 25.967742
v 20.772281 1.209572 25.216475
v 20.905702 1.140218 24.439212
v 20.974568 1.035289 23.450423
v 20.497605 0.964052 22.468141
v 19.461535 0.98349 21.98756
v 19.553441 1.349269 21.798129
v 18.408452 1.376237 21.794904
v 17.470761 1.41583 22.15082
v 16.536037 1.437155 22.13404
v 15.519301 1.468599 22.284714
v 15.052346 1.518692 23.084039
v 15.103811 1.563054 24.017522
v 15.349712 1.595751 24.806436
v 15.550566 1.624082 25.484084
v 15.673852 1.657195 26.222029
v 15.953494 1.69259 27.082563
v 16.567702 1.720502 27.952179
v 17.540464 1.72938 28.605945
v 18.660987 1.700515 28.558452
v 19.485551 1.64923 27.908223
v 20.212358 1.608249 27.42157
v 20.773889 1.564742 26.803015
v 20.73498 1.522927 25.927791
v 20.552437 1.491051 25.186418
v 20.678694 1.453107 24.470607
v 20.819594 1.40329 23.518742
v 20.473058 1.360943 22.48337
v 19.553441 1.349269 21.798129
v 19.505009 1.739038 21.897953
v 18.43244 1.739608 21.65733
v 17.455454 1.733307 22.01145
v 16.650109 1.751368 22.32817
v 15.703326 1.813443 22.460752
v 15.103133 1.856985 23.095344
v 15.204135 1.851076 24.035139
v 15.566525 1.834583 24.809981
v 15.758392 1.852693 25.432621
v 15.772735 1.922138 26.160276
v 15.931304 2.021459 27.097068
v 16.522151 2.107582 28.046066
v 17.557491 2.120385 28.526359
v 18.607705 2.03636 28.209774
v 19.415545 1.961675 27.740897
v 20.235953 1.937048 27.42285
v 20.656671 1.871964 26.707027
v 20.5062 1.782119 25.835537
v 20.354535 1.729231 25.160129
v 20.486081 1.719464 24.497207
v 20.605353 1.727687 23.619887
v 20.30146 1.734892 22.649074
v 19.505009 1.739038 21.897953
v 19.371884 2.104997 22.172345
v 18.422242 2.122442 21.788763
v 17.456248 2.099665 21.950777
v 16.726491 2.063631 22.448446
v 16.037193 2.098347 22.80562
v 15.434638 2.155037 23.291845
v 15.350293 2.140232 24.068221
v 15.616408 2.09431 24.800448
v 15.770051 2.112518 25.418838
v 15.757935 2.22796 26.156963
v 15.933866 2.386502 27.085447
v 16.603502 2.481689 27.878389
v 17.621635 2.431472 28.068807
v 18.53651 2.310368 27.774871
v 19.341557 2.269989 27.56614
v 20.075935 2.244433 27.224348
v 20.338228 2.131761 26.483186
v 20.229418 2.008645 25.728877
v 20.169001 1.95278 25.13547
v 20.280758 1.968142 24.527118
v 20.341756 2.020145 23.74821
v 20.057939 2.070367 22.889047
v 19.371884 2.104997 22.172345
v 19.171048 2.42465 22.586296
v 18.379576 2.477316 22.169376
v 17.505293 2.480458 22.149351
v 16.807032 2.414388 22.573218
v 16.335119 2.360005 23.112807
v 15.951302 2.366623 23.614349
v 15.750879 2.374976 24.190603
v 15.765553 2.372232 24.797144
v 15.814701 2.422579 25.39627
v 15.882546 2.549617 26.079587
v 16.197425 2.680356 26.809515
v 16.878425 2.708865 27.311732
v 17.708832 2.626546 27.415877
v 18.465973 2.556988 27.348397
v 19.18781 2.546427 27.237736
v 19.73973 2.478461 26.838092
v 19.920138 2.330781 26.198429
v 19.894032 2.204913 25.60408
v 19.896904 2.159628 25.105421
v 19.971459 2.192472 24.578804
v 19.976828 2.270975 23.931462
v 19.728019 2.354899 23.218355
v 19.171048 2.42465 22.586296
v 18.906813 2.6665 23.130924
v 18.30744 2.753198 22.768899
v 17.610911 2.79496 22.66665
v 16.994473 2.753469 22.909114
v 16.600297 2.655242 23.381565
v 16.390771 2.573633 23.886931
v 16.281035 2.540805 24.360805
v 16.241734 2.553555 24.822274
v 16.26589 2.612626 25.298054
v 16.397759 2.701789 25.802469
v 16.716233 2.771387 26.27838
v 17.214947 2.784532 26.61811
v 17.791139 2.767372 26.793679
v 18.379882 2.761175 26.845051
v 18.932665 2.731848 26.718812
v 19.315333 2.625613 26.361608
v 19.469145 2.479075 25.895526
v 19.503018 2.371147 25.462143
v 19.529986 2.338953 25.069933
v 19.562763 2.378133 24.651986
v 19.525683 2.464019 24.162263
v 19.321259 2.5665 23.627796
v 18.906813 2.6665 23.130924
v 18.608302 2.812278 23.7462
v 18.215153 2.905945 23.508706
v 17.755062 2.966724 23.418343
v 17.315436 2.969357 23.519066
v 16.987459 2.913231 23.786899
v 16.803853 2.83114 24.139103
v 16.734991 2.763999 24.501927
v 16.740504 2.735286 24.849011
v 16.806423 2.746687 25.184519
v 16.945924 2.783794 25.51053
v 17.175788 2.826129 25.808545
v 17.492145 2.859954 26.046763
v 17.869876 2.879344 26.195388
v 18.269222 2.871793 26.224993
v 18.628974 2.81801 26.113984
v 18.886291 2.719562 25.884011
v 19.02746 2.611375 25.599705
v 19.091274 2.535239 25.313304
v 19.118217 2.512883 25.031489
v 19.113817 2.543966 24.734056
v 19.050061 2.615376 24.407481
v 18.888981 2.709999 24.064932
v 18.608302 2.812278 23.7462
v 18.314343 2.889933 24.352092
v 18.119951 2.945497 24.255861
v 17.903439 2.98788 24.219678
v 17.691271 3.009435 24.253582
v 17.511274 3.008498 24.354288
v 17.383522 2.990797 24.505929
v 17.315814 2.966794 24.687195
v 17.306521 2.946576 24.879097
v 17.350721 2.935748 25.067809
v 17.443899 2.93421 25.242562
v 17.581305 2.937377 25.392404
v 17.754966 2.938287 25.505051
v 17.9512 2.929631 25.568558
v 18.15055 2.905997 25.575019
v 18.331336 2.866763 25.524617
v 18.476206 2.818074 25.426862
v 18.577357 2.771395 25.296628
v 18.635751 2.73886 25.147383
v 18.655124 2.728674 24.987233
v 18.636271 2.743184 24.820348
v 18.575708 2.77953 24.651564
v 18.468715 2.831303 24.49037
v 18.314343 2.889933 24.352092
v 18.033105 2.939801 24.931766
v 18.033105 2.939801 24.931766
v 18.033105 2.939801 24.931766
v 18.033105 2.939801 24.931766
v 18.033105 2.939801 24.931766
v 18.033105 2.939801 24.931766
v 18.033105 2.939801 24.931766
v 18.033105 2.939801 24.931766
v 18.033105 2.939801 24.931766
v 18.033105 2.939801 24.931766
v 18.033105 2.939801 24.931766
v 18.033105 2.939801 24.931766
v 18.033105 2.939801 24.931766
v 18.033105 2.939801 24.931766
v 18.033105 2.939801 24.931766
v 18.033105 2.939801 24.931766
v 18.033105 2.939801 24.931766
v 18.033105 2.939801 24.931766
v 18.033105 2.939801 24.931766
v 18.033105 2.939801 24.931766
v 18.033105 2.939801 24.931766
v 18.033105 2.939801 24.931766
v 18.033105 2.939801 24.931766
v -1.960259 -0.134366 -12.005613
v -1.960259 -0.134366 -12.005613
v -1.960259 -0.134366 -12.005613
v -1.960259 -0.134366 -12.005613
v -1.960259 -0.134366 -12.005613
v -1.960259 -0.134366 -12.005613
v -1.960259 -0.134366 -12.005613
v -1.960259 -0.134366 -12.005613
v -1.960259 -0.134366 -12.005613
v -1.960259 -0.134366 -12.005613
v -1.960259 -0.134366 -12.005613
v -1.960259 -0.134366 -12.005613
v -1.960259 -0.134366 -12.005613
v -1.960259 -0.134366 -12.005613
v -1.960259 -0.134366 -12.005613
v -1.960259 -0.134366 -12.005613
v -1.960259 -0.134366 -12.005613
v -1.960259 -0.134366 -12.005613
v -1.960259 -0.134366 -12.005613
v -1.960259 -0.134366 -12.005613
v -1.960259 -0.134366 -12.005613
v -1.960259 -0.134366 -12.005613
v -1.960259 -0.134366 -12.005613
v -2.244666 -0.186204 -11.965443
v -2.221144 -0.184443 -11.888636
v -2.175046 -0.178968 -11.823139
v -2.111767 -0.170651 -11.774981
v -2.038062 -0.160551 -11.747724
v -1.960963 -0.149331 -11.742902
v -1.887584 -0.137173 -11.760326
v -1.82479 -0.124281 -11.797596
v -1.777929 -0.111355 -11.849822
v -1.74948 -0.099636 -11.910646
v -1.738854 -0.090622 -11.974123
v -1.743606 -0.085742 -12.036213
v -1.761353 -0.08604 -12.095014
v -1.791334 -0.091809 -12.149489
v -1.83438 -0.102298 -12.197413
v -1.890956 -0.115853 -12.234283
v -1.958868 -0.130564 -12.25445
v -2.032725 -0.144933 -12.253488
v -2.105236 -0.158054 -12.229733
v -2.168801 -0.169331 -12.184398
v -2.216529 -0.178191 -12.121141
v -2.242942 -0.184012 -12.045698
v -2.244666 -0.186204 -11.965443
v -2.548248 -0.219367 -11.922566
v -2.508882 -0.222984 -11.759972
v -2.416051 -0.217472 -11.618955
v -2.281554 -0.203482 -11.517269
v -2.125254 -0.18683 -11.459379
v -1.961462 -0.170572 -11.445162
v -1.80376 -0.15195 -11.480252
v -1.672296 -0.128333 -11.565233
v -1.584077 -0.101609 -11.6852
v -1.542099 -0.076421 -11.817659
v -1.537232 -0.057056 -11.945568
v -1.555886 -0.046801 -12.062727
v -1.587036 -0.04862 -12.173259
v -1.631068 -0.063782 -12.285388
v -1.702865 -0.088381 -12.395941
v -1.814537 -0.113929 -12.482428
v -1.956811 -0.134518 -12.52205
v -2.108423 -0.151227 -12.511248
v -2.253616 -0.167649 -12.457407
v -2.381197 -0.18423 -12.365058
v -2.478782 -0.198865 -12.238378
v -2.536329 -0.210556 -12.086813
v -2.548248 -0.219367 -11.922566
v -2.746209 -0.186118 -11.894606
v -2.71493 -0.203476 -11.668834
v -2.617037 -0.217979 -11.450218
v -2.433562 -0.208881 -11.288819
v -2.205296 -0.187826 -11.199691
v -1.963266 -0.171384 -11.165615
v -1.722868 -0.150864 -11.206195
v -1.525239 -0.115239 -11.339171
v -1.404619 -0.070798 -11.531299
v -1.355568 -0.031005 -11.733017
v -1.352707 -0.00407 -11.919
v -1.373523 0.00658 -12.088483
v -1.400792 -0.003924 -12.256958
v -1.442152 -0.037776 -12.445236
v -1.547493 -0.078574 -12.629854
v -1.737416 -0.10016 -12.735415
v -1.957589 -0.10258 -12.740117
v -2.166139 -0.110517 -12.69657
v -2.368806 -0.136258 -12.629627
v -2.556989 -0.166856 -12.512536
v -2.68951 -0.183152 -12.33126
v -2.744133 -0.183405 -12.115036
v -2.746209 -0.186118 -11.894606
v -2.86426 -0.073044 -11.877932
v -2.791181 -0.069262 -11.637796
v -2.725473 -0.111769 -11.364375
v -2.545375 -0.131233 -11.128524
v -2.269006 -0.111091 -11.009786
v -1.97002 -0.094183 -10.960498
v -1.666458 -0.075675 -10.996743
v -1.419218 -0.031226 -11.1675
v -1.280378 0.027877 -11.419418
v -1.225819 0.076215 -11.671049
v -1.209714 0.102146 -11.897139
v -1.20796 0.104177 -12.111868
v -1.205234 0.076369 -12.345548
v -1.235639 0.021336 -12.621473
v -1.404651 -0.017212 -12.84987
v -1.692118 -0.005425 -12.902783
v -1.964973 0.014176 -12.855221
v -2.213408 -0.008646 -12.83146
v -2.489713 -0.070352 -12.806552
v -2.768044 -0.133048 -12.688703
v -2.946651 -0.154391 -12.444208
v -2.957601 -0.121572 -12.143366
v -2.86426 -0.073044 -11.877932
v -3.037991 0.043431 -11.853394
v -2.842608 0.091742 -11.618355
v -2.758309 0.070951 -11.345726
v -2.622664 0.02989 -11.027919
v -2.32621 0.037974 -10.856639
v -1.981913 0.061772 -10.809223
v -1.634231 0.083458 -10.848463
v -1.352153 0.125295 -11.046858
v -1.203271 0.178073 -11.343847
v -1.142838 0.216939 -11.628468
v -1.102377 0.232541 -11.87974
v -1.055324 0.224978 -12.133426
v -1.000019 0.190965 -12.439157
v -1.040695 0.144953 -12.791144
v -1.316604 0.134362 -12.996281
v -1.678044 0.156827 -12.983556
v -1.974157 0.155662 -12.959305
v -2.264872 0.118476 -12.974331
v -2.598426 0.057907 -12.957593
v -2.949964 -0.008548 -12.833975
v -3.197118 -0.043804 -12.550849
v -3.217244 -0.021276 -12.177333
v -3.037991 0.043431 -11.853394
v -3.203515 0.17636 -11.830016
v -2.93775 0.2188 -11.578773
v -2.754342 0.234093 -11.357015
v -2.643473 0.211077 -11.013912
v -2.370152 0.208956 -10.751233
v -1.994738 0.235437 -10.703777
v -1.626223 0.264902 -10.776658
v -1.335602 0.299967 -11.001229
v -1.189876 0.334985 -11.321698
v -1.126006 0.357851 -11.615238
v -1.050107 0.365955 -11.8699
v -0.930157 0.360496 -12.151104
v -0.818513 0.342156 -12.523005
v -0.926919 0.322369 -12.895305
v -1.306107 0.317591 -13.029412
v -1.672748 0.312803 -13.034513
v -1.98317 0.294189 -13.058023
v -2.289057 0.271912 -13.018389
v -2.612256 0.237645 -12.957761
v -2.98112 0.1886 -12.846729
v -3.27775 0.150933 -12.578673
v -3.354361 0.147482 -12.193009
v -3.203515 0.17636 -11.830016
v -3.260737 0.344563 -11.821934
v -3.03376 0.357631 -11.539054
v -2.769785 0.374218 -11.350887
v -2.611889 0.382553 -11.077545
v -2.385706 0.395037 -10.741122
v -2.008061 0.42045 -10.642501
v -1.636729 0.447626 -10.767203
v -1.370486 0.46887 -11.034806
v -1.246551 0.480735 -11.359579
v -1.175558 0.488383 -11.631894
v -1.039731 0.500182 -11.865842
v -0.828667 0.517886 -12.165439
v -0.715276 0.529829 -12.572849
v -0.941366 0.517188 -12.892682
v -1.340846 0.490273 -12.993708
v -1.67009 0.468088 -13.076769
v -1.993652 0.445404 -13.069091
v -2.278458 0.42428 -12.944978
v -2.572781 0.403056 -12.878208
v -2.941323 0.376535 -12.800111
v -3.253258 0.352365 -12.559569
v -3.356043 0.341531 -12.189451
v -3.260737 0.344563 -11.821934
v -3.238624 0.519986 -11.825057
v -3.069081 0.517887 -11.526753
v -2.807954 0.51877 -11.325899
v -2.572023 0.530712 -11.151386
v -2.362875 0.569255 -10.852875
v -2.021141 0.610547 -10.670982
v -1.65637 0.627588 -10.789343
v -1.419411 0.620999 -11.091777
v -1.316654 0.605617 -11.410256
v -1.220806 0.60728 -11.647115
v -1.015504 0.64298 -11.8597
v -0.772307 0.697644 -12.173399
v -0.756519 0.720316 -12.558558
v -1.054474 0.685497 -12.805947
v -1.382497 0.64873 -12.94629
v -1.686179 0.625554 -13.058727
v -2.003987 0.585162 -12.982083
v -2.259233 0.551973 -12.848449
v -2.541254 0.543935 -12.813652
v -2.901654 0.545069 -12.754939
v -3.207757 0.540206 -12.531696
v -3.314274 0.529126 -12.180006
v -3.238624 0.519986 -11.825057
v -3.181614 0.696371 -11.833109
v -3.044728 0.688749 -11.541192
v -2.828567 0.684419 -11.316676
v -2.557286 0.679089 -11.187566
v -2.320494 0.710733 -11.020911
v -2.031107 0.769934 -10.845303
v -1.697261 0.795511 -10.886377
v -1.46144 0.773248 -11.138204
v -1.340479 0.741938 -11.421005
v -1.211758 0.74929 -11.637294
v -1.006341 0.806395 -11.85524
v -0.856753 0.865037 -12.161472
v -0.947255 0.862536 -12.476822
v -1.194717 0.820384 -12.694804
v -1.439043 0.798841 -12.875746
v -1.729059 0.763679 -12.949644
v -2.012932 0.700845 -12.851401
v -2.242533 0.667119 -12.763559
v -2.510805 0.678137 -12.751519
v -2.841403 0.705121 -12.692944
v -3.124817 0.719789 -12.487545
v -3.238805 0.713009 -12.165971
v -3.181614 0.696371 -11.833109
v -3.078225 0.873762 -11.847712
v -2.97361 0.867035 -11.576567
v -2.801707 0.86753 -11.348156
v -2.550848 0.854396 -11.213858
v -2.290571 0.849222 -11.147916
v -2.037105 0.878923 -11.087164
v -1.770105 0.907587 -11.105317
v -1.547425 0.901275 -11.254569
v -1.397287 0.883098 -11.459316
v -1.26714 0.894008 -11.655957
v -1.141258 0.93434 -11.871409
v -1.099288 0.960561 -12.127216
v -1.184154 0.950999 -12.373436
v -1.331883 0.938698 -12.585435
v -1.530956 0.924532 -12.74985
v -1.787695 0.868335 -12.782235
v -2.020774 0.800037 -12.713483
v -2.223028 0.778084 -12.670204
v -2.46063 0.805291 -12.660089
v -2.73877 0.849754 -12.596168
v -2.981191 0.881338 -12.417198
v -3.099935 0.886406 -12.143368
v -3.078225 0.873762 -11.847712
v -2.902033 1.036465 -11.872597
v -2.838248 1.041916 -11.640414
v -2.708427 1.051383 -11.435427
v -2.507792 1.045775 -11.296583
v -2.270715 1.020627 -11.249413
v -2.044242 0.99832 -11.267077
v -1.841806 0.987221 -11.328379
v -1.671653 0.977145 -11.435405
v -1.540792 0.969577 -11.57472
v -1.440777 0.976205 -11.72966
v -1.371324 0.995855 -11.902041
v -1.350041 1.015823 -12.0918
v -1.386037 1.031869 -12.285448
v -1.483883 1.039046 -12.462738
v -1.649997 1.013489 -12.57979
v -1.848369 0.951552 -12.603576
v -2.028429 0.896615 -12.576207
v -2.196991 0.886899 -12.55527
v -2.387239 0.919462 -12.534725
v -2.596849 0.968861 -12.467925
v -2.781514 1.010429 -12.323301
v -2.889446 1.031444 -12.111409
v -2.902033 1.036465 -11.872597
v -2.652152 1.159697 -11.90789
v -2.620775 1.180797 -11.739983
v -2.535083 1.198673 -11.588121
v -2.39853 1.203959 -11.475434
v -2.228517 1.188886 -11.42266
v -2.054305 1.158198 -11.43204
v -1.899151 1.124044 -11.488765
v -1.772575 1.096132 -11.575629
v -1.674936 1.080163 -11.680546
v -1.603611 1.07883 -11.797733
v -1.558958 1.090379 -11.926157
v -1.547173 1.108109 -12.063957
v -1.577809 1.12104 -12.202128
v -1.656639 1.115521 -12.321452
v -1.774621 1.084505 -12.399655
v -1.907597 1.039823 -12.430698
v -2.037081 1.006688 -12.43082
v -2.164422 1.002517 -12.416553
v -2.297668 1.026238 -12.385518
v -2.432726 1.064834 -12.322501
v -2.550473 1.104086 -12.216933
v -2.628095 1.135679 -12.073209
v -2.652152 1.159697 -11.90789
v -2.358546 1.229195 -11.949359
v -2.342886 1.249715 -11.864914
v -2.300156 1.265694 -11.788594
v -2.233636 1.274615 -11.7294
v -2.150372 1.274703 -11.694574
v -2.060161 1.266442 -11.687512
v -1.973012 1.252782 -11.707044
v -1.896767 1.237848 -11.748736
v -1.836363 1.22517 -11.807073
v -1.794662 1.216403 -11.876901
v -1.773659 1.210811 -11.953513
v -1.774945 1.205615 -12.031787
v -1.798957 1.197269 -12.105482
v -1.843653 1.183507 -12.167785
v -1.904056 1.1653 -12.213234
v -1.973736 1.147159 -12.239547
v -2.047261 1.13503 -12.247392
v -2.121228 1.133158 -12.238172
v -2.192968 1.142244 -12.212135
v -2.258548 1.159873 -12.168636
v -2.312157 1.182299 -12.107967
v -2.347287 1.206164 -12.032977
v -2.358546 1.229195 -11.949359
v -2.056744 1.246531 -11.991985
v -2.056744 1.246531 -11.991985
v -2.056744 1.246531 -11.991985
v -2.056744 1.246531 -11.991985
v -2.056744 1.246531 -11.991985
v -2.056744 1.246531 -11.991985
v -2.056744 1.246531 -11.991985
v -2.056744 1.246531 -11.991985
v -2.056744 1.246531 -11.991985
v -2.056744 1.246531 -11.991985
v -2.056744 1.246531 -11.991985
v -2.056744 1.246531 -11.991985
v -2.056744 1.246531 -11.991985
v -2.056744 1.246531 -11.991985
v -2.056744 1.246531 -11.991985
v -2.056744 1.246531 -11.991985
v -2.056744 1.246531 -11.991985
v -2.056744 1.246531 -11.991985
v -2.056744 1.246531 -11.991985
v -2.056744 1.246531 -11.991985
v -2.056744 1.246531 -11.991985
v -2.056744 1.246531 -11.991985
v -2.056744 1.246531 -11.991985
v -34.000002 -0.640655 -18.000102
v -34.000002 -0.640655 -18.000102
v -34.000002 -0.640655 -18.000102
v -34.000002 -0.640655 -18.000102
v -34.000002 -0.640655 -18.000102
v -34.000002 -0.640655 -18.000102
v -34.000002 -0.640655 -18.000102
v -34.000002 -0.640655 -18.000102
v -34.000002 -0.640655 -18.000102
v -34.000002 -0.640655 -18.000102
v -34.000002 -0.640655 -18.000102
v -34.000002 -0.640655 -18.000102
v -34.000002 -0.640655 -18.000102
v -34.000002 -0.640655 -18.000102
v -34.000002 -0.640655 -18.000102
v -34.000002 -0.640655 -18.000102
v -34.000002 -0.640655 -18.000102
v -34.000002 -0.640655 -18.000102
v -34.000002 -0.640655 -18.000102
v -34.000002 -0.640655 -18.000102
v -34.000002 -0.640655 -18.000102
v -34.000002 -0.640655 -18.000102
v -34.000002 -0.640655 -18.000102
v -33.988354 -0.67065 -17.210125
v -33.836598 -0.672934 -17.242101
v -33.698541 -0.671845 -17.338785
v -33.586825 -0.667877 -17.490624
v -33.510562 -0.662401 -17.682612
v -33.475472 -0.655978 -17.897541
v -33.484768 -0.647278 -18.116717
v -33.538172 -0.633963 -18.319415
v -33.629772 -0.61476 -18.485187
v -33.747917 -0.591026 -18.59931
v -33.878514 -0.566909 -18.657143
v -34.009782 -0.548149 -18.66346
v -34.135055 -0.539943 -18.626588
v -34.251349 -0.544609 -18.551481
v -34.354823 -0.560341 -18.437621
v -34.437502 -0.582187 -18.283898
v -34.488632 -0.604696 -18.095643
v -34.499161 -0.624193 -17.887125
v -34.465237 -0.639366 -17.678434
v -34.388947 -0.65061 -17.490495
v -34.277128 -0.659074 -17.341368
v -34.139662 -0.665738 -17.244774
v -33.988354 -0.67065 -17.210125
v -33.978443 -0.619812 -16.537994
v -33.689246 -0.645022 -16.558559
v -33.414608 -0.661688 -16.715916
v -33.192538 -0.662701 -17.004435
v -33.03954 -0.660015 -17.377067
v -32.95481 -0.665866 -17.795735
v -32.951716 -0.673857 -18.237366
v -33.051724 -0.665989 -18.655751
v -33.250743 -0.63081 -18.981803
v -33.509736 -0.571339 -19.165469
v -33.77684 -0.502474 -19.207021
v -34.017013 -0.445898 -19.153858
v -34.229659 -0.423274 -19.065434
v -34.437949 -0.443478 -18.960824
v -34.648467 -0.491902 -18.799704
v -34.828091 -0.540842 -18.537265
v -34.934896 -0.574029 -18.1829
v -34.951578 -0.592882 -17.784726
v -34.878773 -0.602288 -17.39251
v -34.724523 -0.603366 -17.05081
v -34.508316 -0.600046 -16.791826
v -34.254792 -0.602807 -16.622109
v -33.978443 -0.619812 -16.537994
v -33.97384 -0.413475 -16.225789
v -33.608224 -0.476058 -16.182702
v -33.21538 -0.555695 -16.278859
v -32.888006 -0.585152 -16.628918
v -32.676884 -0.582209 -17.141813
v -32.536488 -0.606791 -17.713936
v -32.483579 -0.652719 -18.34332
v -32.60189 -0.664054 -18.96677
v -32.90426 -0.6093 -19.435774
v -33.305535 -0.500751 -19.650853
v -33.698164 -0.374358 -19.63252
v -34.022105 -0.275967 -19.49921
v -34.300035 -0.253886 -19.391886
v -34.605 -0.32027 -19.327279
v -34.929479 -0.411498 -19.14621
v -35.164289 -0.455568 -18.755345
v -35.273768 -0.4669 -18.249153
v -35.301869 -0.493633 -17.705437
v -35.230971 -0.528359 -17.148992
v -35.013388 -0.528208 -16.672324
v -34.679332 -0.479761 -16.385311
v -34.31863 -0.421662 -16.27684
v -33.97384 -0.413475 -16.225789
v -33.971281 -0.067153 -16.052217
v -33.589153 -0.087523 -16.094212
v -33.127451 -0.224392 -16.085945
v -32.686297 -0.322027 -16.380177
v -32.432134 -0.322302 -16.983031
v -32.266472 -0.348642 -17.661123
v -32.156533 -0.431004 -18.417327
v -32.269898 -0.466476 -19.196299
v -32.654705 -0.394423 -19.762734
v -33.168953 -0.243885 -19.975494
v -33.648369 -0.079922 -19.901803
v -34.025739 0.026014 -19.745627
v -34.370122 0.003438 -19.716988
v -34.794051 -0.1295 -19.741991
v -35.190277 -0.213801 -19.467782
v -35.386014 -0.188783 -18.899157
v -35.509373 -0.196478 -18.295204
v -35.656175 -0.303156 -17.625234
v -35.665062 -0.417965 -16.848851
v -35.393306 -0.438276 -16.174538
v -34.904732 -0.339182 -15.849521
v -34.390655 -0.180933 -15.887288
v -33.971281 -0.067153 -16.052217
v -33.966224 0.233565 -15.709277
v -33.562094 0.284128 -15.968666
v -33.103666 0.214927 -16.03374
v -32.556831 0.095105 -16.220508
v -32.219053 0.066677 -16.844783
v -32.060197 0.060106 -17.620763
v -31.927494 -0.00481 -18.469137
v -32.033576 -0.041515 -19.359667
v -32.485304 0.020912 -19.984662
v -33.086794 0.151409 -20.170759
v -33.618298 0.277815 -20.064416
v -34.029202 0.327543 -19.980557
v -34.460843 0.250814 -20.137815
v -35.004797 0.129228 -20.204293
v -35.384809 0.128914 -19.707633
v -35.537469 0.184229 -18.99738
v -35.765194 0.138057 -18.345204
v -36.00583 0.025067 -17.546073
v -36.019354 -0.067723 -16.603867
v -35.690934 -0.084629 -15.784554
v -35.101128 -0.008234 -15.382662
v -34.475392 0.118495 -15.428983
v -33.966224 0.233565 -15.709277
v -33.962211 0.558531 -15.437113
v -33.510754 0.585826 -15.730488
v -33.095904 0.585763 -16.016689
v -32.541884 0.527819 -16.20205
v -32.064392 0.48309 -16.74443
v -31.883744 0.478043 -17.586233
v -31.792896 0.455982 -18.499571
v -31.924346 0.441795 -19.435158
v -32.426454 0.480206 -20.061738
v -33.074287 0.553694 -20.200463
v -33.609757 0.611757 -20.110584
v -34.032715 0.608109 -20.218749
v -34.557379 0.538856 -20.585613
v -35.149694 0.493792 -20.522132
v -35.459032 0.527807 -19.799131
v -35.672235 0.543439 -19.084777
v -35.946979 0.513893 -18.380724
v -36.090463 0.48074 -17.526888
v -36.058946 0.445507 -16.576458
v -35.745846 0.431147 -15.712572
v -35.153339 0.461901 -15.258523
v -34.508218 0.516537 -15.251421
v -33.962211 0.558531 -15.437113
v -33.961976 0.92538 -15.421142
v -33.480203 0.925391 -15.588746
v -33.074876 0.925415 -15.970539
v -32.630716 0.925437 -16.311561
v -32.064275 0.925465 -16.744326
v -31.756273 0.925518 -17.561279
v -31.720096 0.92558 -18.516018
v -31.938419 0.92564 -19.425395
v -32.483018 0.925677 -19.987596
v -33.120675 0.925685 -20.090172
v -33.609212 0.925687 -20.113506
v -34.036496 0.925711 -20.475226
v -34.619818 0.925737 -20.875235
v -35.159607 0.925716 -20.54385
v -35.458621 0.925668 -19.798598
v -35.761305 0.925625 -19.142531
v -35.918592 0.925575 -18.375146
v -35.943233 0.925522 -17.560182
v -35.95312 0.925462 -16.649596
v -35.713445 0.925404 -15.754992
v -35.151043 0.925371 -15.263948
v -34.50567 0.92537 -15.265172
v -33.961976 0.92538 -15.421142
v -33.963375 1.28093 -15.516058
v -33.49488 1.275986 -15.656812
v -33.071669 1.274175 -15.963481
v -32.740122 1.268999 -16.446446
v -32.256247 1.324 -16.868829
v -31.798888 1.390937 -17.569582
v -31.708352 1.413166 -18.518644
v -31.999448 1.391976 -19.383168
v -32.56881 1.330844 -19.875162
v -33.154975 1.265253 -20.008618
v -33.592956 1.253136 -20.2014
v -34.039084 1.305146 -20.650731
v -34.60631 1.346558 -20.812544
v -35.06798 1.326927 -20.342821
v -35.434431 1.316818 -19.768745
v -35.720869 1.318921 -19.116275
v -35.743559 1.294243 -18.340898
v -35.774994 1.303183 -17.598235
v -35.854692 1.357805 -16.717621
v -35.666174 1.397107 -15.816896
v -35.139814 1.383408 -15.290608
v -34.501736 1.328991 -15.28642
v -33.963375 1.28093 -15.516058
v -33.964928 1.643743 -15.621385
v -33.533009 1.609285 -15.833666
v -33.120203 1.622805 -16.06993
v -32.824614 1.601709 -16.55061
v -32.522599 1.637905 -17.041587
v -32.107282 1.769932 -17.629858
v -31.907715 1.864843 -18.473492
v -32.12875 1.845972 -19.293738
v -32.634539 1.741286 -19.789014
v -33.154568 1.642496 -20.00956
v -33.583967 1.631831 -20.249989
v -34.036924 1.682026 -20.504223
v -34.524922 1.694425 -20.434977
v -34.957102 1.684348 -20.099565
v -35.355592 1.705598 -19.671506
v -35.55023 1.673156 -19.005562
v -35.546534 1.615534 -18.302352
v -35.633352 1.658769 -17.63027
v -35.726338 1.774542 -16.806339
v -35.554666 1.854057 -15.962966
v -35.081572 1.842415 -15.429021
v -34.486392 1.750936 -15.369379
v -33.964928 1.643743 -15.621385
v -33.967359 2.032502 -15.786257
v -33.574198 1.958015 -16.024714
v -33.204518 1.969605 -16.25487
v -32.909738 1.964218 -16.655551
v -32.718417 1.948874 -17.168591
v -32.51059 2.025885 -17.708701
v -32.365169 2.140898 -18.369937
v -32.474539 2.168042 -19.054635
v -32.821787 2.091078 -19.543654
v -33.237713 1.995953 -19.811898
v -33.633335 1.956258 -19.982968
v -34.030546 1.961797 -20.071665
v -34.437615 1.986931 -20.02996
v -34.850493 2.042055 -19.865672
v -35.192484 2.061799 -19.470357
v -35.325508 1.984064 -18.859768
v -35.362397 1.93209 -18.266327
v -35.463616 2.013576 -17.668664
v -35.519159 2.162777 -16.949558
v -35.355188 2.265921 -16.224302
v -34.955411 2.266847 -15.728878
v -34.442705 2.169707 -15.605618
v -33.967359 2.032502 -15.786257
v -33.971799 2.429446 -16.087348
v -33.625852 2.352137 -16.264303
v -33.309263 2.351127 -16.484627
v -33.037952 2.366748 -16.813623
v -32.868162 2.346657 -17.265703
v -32.79066 2.330399 -17.763444
v -32.78659 2.343954 -18.274542
v -32.892401 2.344066 -18.76571
v -33.115669 2.301073 -19.158587
v -33.402279 2.245257 -19.420705
v -33.706157 2.224313 -19.589108
v -34.024998 2.258992 -19.695413
v -34.370152 2.337137 -19.716988
v -34.715513 2.402473 -19.569541
v -34.971703 2.381374 -19.198095
v -35.092991 2.29798 -18.708917
v -35.15969 2.272757 -18.226669
v -35.227144 2.359977 -17.722163
v -35.22816 2.498365 -17.150735
v -35.076643 2.600024 -16.589238
v -34.765637 2.615768 -16.179952
v -34.366213 2.543937 -16.019286
v -33.971799 2.429446 -16.087348
v -33.978892 2.789525 -16.568452
v -33.710243 2.755143 -16.655753
v -33.46397 2.757573 -16.823986
v -33.253197 2.778205 -17.079012
v -33.107101 2.782085 -17.42067
v -33.046999 2.758831 -17.813538
v -33.072219 2.721475 -18.20987
v -33.171948 2.681675 -18.572407
v -33.331666 2.646979 -18.875557
v -33.533749 2.630213 -19.108172
v -33.765133 2.644542 -19.270116
v -34.019948 2.687608 -19.352908
v -34.286144 2.732525 -19.327265
v -34.531031 2.740654 -19.164818
v -34.71484 2.699037 -18.881343
v -34.827126 2.645407 -18.536432
v -34.888959 2.635665 -18.173709
v -34.910422 2.687854 -17.793826
v -34.870491 2.77161 -17.398013
v -34.743599 2.840722 -17.025586
v -34.5303 2.864232 -16.739336
v -34.261449 2.838939 -16.585863
v -33.978892 2.789525 -16.568452
v -33.988569 3.055278 -17.224728
v -33.839631 3.06211 -17.255943
v -33.702031 3.074305 -17.346203
v -33.586637 3.089223 -17.490151
v -33.504255 3.100395 -17.678277
v -33.463601 3.102706 -17.894975
v -33.468626 3.095779 -18.120125
v -33.517752 3.083432 -18.333288
v -33.605217 3.070963 -18.517114
v -33.722998 3.062311 -18.658295
v -33.861914 3.057862 -18.746661
v -34.011418 3.053732 -18.774394
v -34.158985 3.043818 -18.737376
v -34.291061 3.024598 -18.638372
v -34.396203 2.999488 -18.488418
v -34.467896 2.978278 -18.303384
v -34.50391 2.97087 -18.098397
v -34.503121 2.980391 -17.885992
v -34.463943 3.0015 -17.679089
v -34.386246 3.024527 -17.493788
v -34.274319 3.041561 -17.347795
v -34.137612 3.050511 -17.255601
v -33.988569 3.055278 -17.224728
v -33.999998 3.168396 -17.999853
v -33.999998 3.168396 -17.999853
v -33.999998 3.168396 -17.999853
v -33.999998 3.168396 -17.999853
v -33.999998 3.168396 -17.999853
v -33.999998 3.168396 -17.999853
v -33.999998 3.168396 -17.999853
v -33.999998 3.168396 -17.999853
v -33.999998 3.168396 -17.999853
v -33.999998 3.168396 -17.999853
v -33.999998 3.168396 -17.999853
v -33.999998 3.168396 -17.999853
v -33.999998 3.168396 -17.999853
v -33.999998 3.168396 -17.999853
v -33.999998 3.168396 -17.999853
v -33.999998 3.168396 -17.999853
v -33.999998 3.168396 -17.999853
v -33.999998 3.168396 -17.999853
v -33.999998 3.168396 -17.999853
v -33.999998 3.168396 -17.999853
v -33.999998 3.168396 -17.999853
v -33.999998 3.168396 -17.999853
v -33.999998 3.168396 -17.999853
v 33.937516 0.021163 18.073604
v 33.937516 0.021163 18.073604
v 33.937516 0.021163 18.073604
v 33.937516 0.021163 18.073604
v 33.937516 0.021163 18.073604
v 33.937516 0.021163 18.073604
v 33.937516 0.021163 18.073604
v 33.937516 0.021163 18.073604
v 33.937516 0.021163 18.073604
v 33.937516 0.021163 18.073604
v 33.937516 0.021163 18.073604
v 33.937516 0.021163 18.073604
v 33.937516 0.021163 18.073604
v 33.937516 0.021163 18.073604
v 33.937516 0.021163 18.073604
v 33.937516 0.021163 18.073604
v 33.937516 0.021163 18.073604
v 33.937516 0.021163 18.073604
v 33.937516 0.021163 18.073604
v 33.937516 0.021163 18.073604
v 33.937516 0.021163 18.073604
v 33.937516 0.021163 18.073604
v 33.937516 0.021163 18.073604
v 33.432042 0.105685 18.669036
v 33.674106 0.100723 18.837561
v 33.939953 0.093704 18.942841
v 34.205968 0.085213 18.975193
v 34.449882 0.074007 18.934538
v 34.654279 0.058796 18.826765
v 34.804436 0.040433 18.659309
v 34.885801 0.022438 18.442027
v 34.886785 0.009357 18.191351
v 34.805025 0.004218 17.931056
v 34.650534 0.006767 17.686924
v 34.442006 0.0136 17.479331
v 34.19915 0.020297 17.320196
v 33.938146 0.024396 17.216642
v 33.67418 0.026979 17.176432
v 33.426655 0.031486 17.207858
v 33.219245 0.040825 17.313657
v 33.073619 0.0553 17.485924
v 33.002848 0.072577 17.707123
v 33.009559 0.088953 17.955529
v 33.088858 0.100906 18.210457
v 33.23275 0.106415 18.453978
v 33.432042 0.105685 18.669036
v 33.069749 0.243462 19.095806
v 33.465479 0.208988 19.445757
v 33.942917 0.17738 19.682101
v 34.43654 0.159414 19.745996
v 34.88129 0.144509 19.656407
v 35.265661 0.113002 19.46719
v 35.587752 0.060083 19.188362
v 35.799232 0.002209 18.798272
v 35.828744 -0.036166 18.309978
v 35.64564 -0.038796 17.794021
v 35.291753 -0.007298 17.33921
v 34.8546 0.037931 16.99331
v 34.401904 0.068699 16.73973
v 33.940429 0.071057 16.545549
v 33.457172 0.058955 16.432044
v 32.987791 0.058366 16.462024
v 32.605261 0.080818 16.661946
v 32.363509 0.12085 17.000038
v 32.281428 0.169167 17.420637
v 32.347016 0.216566 17.867042
v 32.520643 0.251135 18.298106
v 32.762724 0.26116 18.705136
v 33.069749 0.243462 19.095806
v 32.909324 0.472874 19.284781
v 33.349478 0.399103 19.7929
v 33.948065 0.312111 20.226451
v 34.622419 0.271423 20.357686
v 35.202779 0.26949 20.18591
v 35.70283 0.235648 19.917521
v 36.200307 0.138098 19.597365
v 36.59415 0.01937 19.106086
v 36.685821 -0.054814 18.416712
v 36.385098 -0.044156 17.672141
v 35.792891 0.04557 17.065812
v 35.125328 0.159376 16.6744
v 34.527451 0.218445 16.388572
v 33.945692 0.194229 16.085905
v 33.297089 0.15131 15.870135
v 32.667561 0.153226 15.90904
v 32.152629 0.182646 16.174943
v 31.779598 0.214067 16.59754
v 31.634684 0.264644 17.163241
v 31.783149 0.346495 17.790607
v 32.135603 0.434278 18.354155
v 32.531824 0.485895 18.824683
v 32.909324 0.472874 19.284781
v 32.757945 0.776944 19.463101
v 33.291833 0.724881 19.98138
v 33.959808 0.606257 20.550532
v 34.773439 0.519564 20.825444
v 35.455456 0.526927 20.58353
v 35.989764 0.516334 20.194945
v 36.605252 0.39277 19.852452
v 37.173512 0.219268 19.318515
v 37.329091 0.114847 18.487119
v 36.90822 0.147538 17.577882
v 36.097176 0.299324 16.894093
v 35.265957 0.466809 16.508744
v 34.611732 0.514667 16.166351
v 33.955805 0.438145 15.70949
v 33.189432 0.394857 15.458511
v 32.469404 0.416036 15.543075
v 31.744581 0.390569 15.725381
v 31.049636 0.339616 16.093689
v 30.738094 0.365791 16.808395
v 30.987803 0.487405 17.685032
v 31.582841 0.638233 18.437043
v 32.210449 0.745346 18.992448
v 32.757945 0.776944 19.463101
v 32.507761 1.056836 19.75781
v 33.196331 1.041217 20.278215
v 33.975003 0.984108 20.775054
v 34.896573 0.893088 21.174998
v 35.713791 0.864881 20.981343
v 36.258948 0.864192 20.447544
v 36.911027 0.768111 20.031286
v 37.607098 0.606056 19.462413
v 37.804822 0.504755 18.52522
v 37.254368 0.541383 17.504534
v 36.263434 0.686295 16.793866
v 35.363269 0.814569 16.394113
v 34.713032 0.802823 15.894567
v 33.96767 0.724788 15.300709
v 33.116481 0.739364 15.146215
v 32.283566 0.752935 15.189326
v 31.257111 0.683019 15.184323
v 30.3345 0.642974 15.58649
v 30.024014 0.701554 16.509553
v 30.418129 0.831309 17.596578
v 31.1734 0.964624 18.491232
v 31.885122 1.041866 19.161403
v 32.507761 1.056836 19.75781
v 32.378568 1.380698 19.909994
v 33.091839 1.361537 20.60121
v 33.989317 1.339888 20.97762
v 34.954024 1.291818 21.296357
v 35.915957 1.236194 21.280214
v 36.540455 1.205117 20.713779
v 37.151745 1.142574 20.166123
v 37.860989 1.034049 19.53386
v 38.04214 0.957767 18.530572
v 37.373835 0.976281 17.466928
v 36.302999 1.0608 16.762734
v 35.462201 1.109755 16.277575
v 34.830413 1.070576 15.575071
v 33.980993 1.049083 15.009971
v 33.079508 1.090232 14.955165
v 32.086772 1.089911 14.817027
v 30.950897 1.07945 14.825163
v 30.128553 1.115255 15.41144
v 29.874169 1.183339 16.420688
v 30.275631 1.266828 17.555991
v 31.077939 1.340965 18.491523
v 31.816221 1.38091 19.190064
v 32.378568 1.380698 19.909994
v 32.438641 1.711877 19.83923
v 33.078154 1.725438 20.665746
v 34.004226 1.70947 21.117946
v 34.948657 1.675383 21.206776
v 35.949626 1.638748 21.290294
v 36.768062 1.58779 20.919335
v 37.381751 1.53291 20.29251
v 37.970825 1.473431 19.548603
v 38.042027 1.420695 18.506106
v 37.310023 1.400391 17.460029
v 36.308618 1.407125 16.750756
v 35.592075 1.40627 16.124587
v 34.912976 1.397272 15.359903
v 33.995891 1.415787 14.968602
v 33.056545 1.44637 14.810809
v 31.975525 1.479375 14.583386
v 31.008262 1.531133 14.844765
v 30.316735 1.590679 15.503092
v 29.949451 1.649442 16.420305
v 30.211372 1.69166 17.525623
v 30.991791 1.706128 18.490735
v 31.830928 1.704725 19.173733
v 32.438641 1.711877 19.83923
v 32.55446 2.006232 19.702799
v 33.170087 2.050253 20.423467
v 34.0192 2.077241 21.020428
v 34.912223 2.026667 21.017482
v 35.78825 2.000468 20.975051
v 36.747593 1.994099 20.860894
v 37.524996 1.966019 20.356913
v 38.021886 1.928281 19.539523
v 37.957861 1.872711 18.471845
v 37.2425 1.804241 17.454576
v 36.375971 1.756025 16.7052
v 35.682148 1.747161 16.018484
v 34.904786 1.758847 15.408457
v 34.010503 1.777513 15.072612
v 33.046126 1.829264 14.704159
v 32.032282 1.893694 14.631167
v 31.264545 1.943291 15.077917
v 30.562739 2.016415 15.637648
v 30.069217 2.096592 16.438413
v 30.211785 2.12549 17.502758
v 30.91756 2.094379 18.487031
v 31.813223 2.035103 19.174827
v 32.55446 2.006232 19.702799
v 32.671014 2.287795 19.565502
v 33.304424 2.29975 20.053887
v 34.031408 2.372489 20.622274
v 34.842835 2.343946 20.722374
v 35.542861 2.286518 20.526447
v 36.372673 2.319661 20.435636
v 37.254987 2.375386 20.143212
v 37.806764 2.383009 19.427012
v 37.746443 2.323321 18.421958
v 37.129391 2.220338 17.456147
v 36.343778 2.135398 16.712895
v 35.596091 2.099345 16.119856
v 34.832203 2.098346 15.640898
v 34.025572 2.150277 15.161104
v 33.084836 2.241877 14.759166
v 32.21784 2.283996 14.89972
v 31.540799 2.318664 15.335484
v 30.828993 2.423785 15.787303
v 30.337782 2.529654 16.51524
v 30.426658 2.552135 17.506734
v 31.02657 2.491759 18.452694
v 31.87037 2.383146 19.134833
v 32.671014 2.287795 19.565502
v 32.817908 2.567235 19.392466
v 33.431903 2.513537 19.701589
v 34.03996 2.57574 20.093201
v 34.727497 2.601917 20.281932
v 35.319441 2.543258 20.118436
v 35.884488 2.538878 19.900463
v 36.538558 2.619087 19.63963
v 37.034153 2.682244 19.107748
v 37.069499 2.657492 18.320783
v 36.648072 2.561367 17.521602
v 36.024407 2.462443 16.877829
v 35.396365 2.418449 16.355127
v 34.776374 2.459819 15.826614
v 34.0426 2.571823 15.281282
v 33.18957 2.651564 15.039382
v 32.454892 2.653584 15.25783
v 31.830153 2.692014 15.607063
v 31.207408 2.813111 16.014281
v 30.813536 2.919329 16.67534
v 30.878319 2.932335 17.542378
v 31.359553 2.8543 18.382807
v 32.077897 2.714915 19.013626
v 32.817908 2.567235 19.392466
v 33.01785 2.841968 19.15694
v 33.546496 2.74861 19.387865
v 34.047889 2.764412 19.619006
v 34.591629 2.815014 19.779972
v 35.107365 2.812188 19.728203
v 35.531445 2.78772 19.505252
v 35.899602 2.802537 19.193056
v 36.169191 2.836722 18.761801
v 36.218155 2.838615 18.206174
v 36.019374 2.803308 17.615467
v 35.668568 2.777154 17.062879
v 35.246367 2.811178 16.53182
v 34.72557 2.910678 16.004036
v 34.060221 3.010838 15.601814
v 33.348493 3.038123 15.508298
v 32.734693 3.023389 15.688261
v 32.206523 3.059911 15.970983
v 31.747264 3.154922 16.354181
v 31.483501 3.231455 16.915842
v 31.533841 3.230649 17.607501
v 31.885206 3.146489 18.283998
v 32.428625 3.001234 18.815858
v 33.01785 2.841968 19.15694
v 33.281495 3.114797 18.846376
v 33.671894 3.036912 19.046704
v 34.058709 3.025095 19.194898
v 34.459541 3.060367 19.284879
v 34.856701 3.097818 19.270721
v 35.202651 3.116104 19.128426
v 35.463824 3.125492 18.873588
v 35.62171 3.137638 18.529916
v 35.65849 3.153824 18.120471
v 35.567391 3.177783 17.674704
v 35.356333 3.220372 17.220945
v 35.030178 3.284588 16.786484
v 34.591414 3.350129 16.420674
v 34.075011 3.383994 16.196652
v 33.557441 3.377325 16.156246
v 33.101898 3.362206 16.270219
v 32.72538 3.374513 16.490138
v 32.443434 3.410726 16.806427
v 32.301435 3.435105 17.220741
v 32.33965 3.415546 17.697158
v 32.553303 3.343141 18.165597
v 32.891171 3.23175 18.558829
v 33.281495 3.114797 18.846376
v 33.629411 3.377206 18.436542
v 33.844304 3.347812 18.571739
v 34.07181 3.340403 18.659608
v 34.302624 3.353878 18.696343
v 34.524502 3.380575 18.675588
v 34.720371 3.411914 18.592541
v 34.871637 3.442909 18.448602
v 34.962603 3.472591 18.252488
v 34.982769 3.501868 18.018714
v 34.927356 3.531321 17.765853
v 34.797518 3.559633 17.515543
v 34.60126 3.582974 17.291736
v 34.354965 3.596367 17.118508
v 34.083182 3.597181 17.015084
v 33.814091 3.588008 16.990412
v 33.572819 3.575273 17.042347
v 33.378301 3.563893 17.162154
v 33.244912 3.552979 17.338548
v 33.183734 3.536707 17.557143
v 33.200022 3.509145 17.798369
v 33.289622 3.468982 18.038841
v 33.438908 3.421484 18.256606
v 33.629411 3.377206 18.436542
v 34.081803 3.575922 17.903639
v 34.081803 3.575922 17.903639
v 34.081803 3.575922 17.903639
v 34.081803 3.575922 17.903639
v 34.081803 3.575922 17.903639
v 34.081803 3.575922 17.903639
v 34.081803 3.575922 17.903639
v 34.081803 3.575922 17.903639
v 34.081803 3.575922 17.903639
v 34.081803 3.575922 17.903639
v 34.081803 3.575922 17.903639
v 34.081803 3.575922 17.903639
v 34.081803 3.575922 17.903639
v 34.081803 3.575922 17.903639
v 34.081803 3.575922 17.903639
v 34.081803 3.575922 17.903639
v 34.081803 3.575922 17.903639
v 34.081803 3.575922 17.903639
v 34.081803 3.575922 17.903639
v 34.081803 3.575922 17.903639
v 34.081803 3.575922 17.903639
v 34.081803 3.575922 17.903639
v 34.081803 3.575922 17.903639
v 10.003419 0.408289 -26.994527
v 10.003419 0.408289 -26.994527
v 10.003419 0.408289 -26.994527
v 10.003419 0.408289 -26.994527
v 10.003419 0.408289 -26.994527
v 10.003419 0.408289 -26.994527
v 10.003419 0.408289 -26.994527
v 10.003419 0.408289 -26.994527
v 10.003419 0.408289 -26.994527
v 10.003419 0.408289 -26.994527
v 10.003419 0.408289 -26.994527
v 10.003419 0.408289 -26.994527
v 10.003419 0.408289 -26.994527
v 10.003419 0.408289 -26.994527
v 10.003419 0.408289 -26.994527
v 10.003419 0.408289 -26.994527
v 10.003419 0.408289 -26.994527
v 10.003419 0.408289 -26.994527
v 10.003419 0.408289 -26.994527
v 10.003419 0.408289 -26.994527
v 10.003419 0.408289 -26.994527
v 10.003419 0.408289 -26.994527
v 10.003419 0.408289 -26.994527
v 10.255261 0.441771 -26.591411
v 10.395821 0.438749 -26.69788
v 10.503054 0.438043 -26.831313
v 10.565797 0.439921 -26.978328
v 10.580984 0.442561 -27.124429
v 10.552102 0.44324 -27.258738
v 10.483877 0.440122 -27.374281
v 10.379309 0.433299 -27.464613
v 10.241719 0.424496 -27.521542
v 10.078666 0.415921 -27.536733
v 9.903289 0.409097 -27.505491
v 9.731902 0.404379 -27.429136
v 9.580517 0.401436 -27.314318
v 9.46329 0.400238 -27.17109
v 9.392336 0.40156 -27.0123
v 9.375943 0.40638 -26.853653
v 9.415209 0.414736 -26.711641
v 9.50288 0.425193 -26.59937
v 9.626434 0.435324 -26.523655
v 9.773017 0.442709 -26.485728
v 9.932427 0.445901 -26.484525
v 10.096379 0.445017 -26.519639
v 10.255261 0.441771 -26.591411
v 10.446398 0.495281 -26.285466
v 10.732058 0.470227 -26.443709
v 10.958535 0.456857 -26.68248
v 11.069124 0.462131 -26.963791
v 11.06164 0.478338 -27.232587
v 10.983482 0.488565 -27.466609
v 10.867999 0.481591 -27.678041
v 10.703765 0.459113 -27.870421
v 10.464894 0.431662 -28.014988
v 10.15246 0.410905 -28.068043
v 9.805303 0.402913 -28.00561
v 9.474148 0.404632 -27.841715
v 9.188994 0.407257 -27.610421
v 8.963523 0.406392 -27.334528
v 8.826223 0.408167 -27.028844
v 8.812853 0.421447 -26.727353
v 8.924922 0.446849 -26.476067
v 9.125748 0.477538 -26.30201
v 9.370876 0.505795 -26.205033
v 9.62858 0.525034 -26.167671
v 9.888226 0.529939 -26.169077
v 10.158275 0.518663 -26.202767
v 10.446398 0.495281 -26.285466
v 10.581908 0.581262 -26.068559
v 10.99281 0.533295 -26.246729
v 11.358874 0.493898 -26.551768
v 11.532774 0.494352 -26.950473
v 11.465091 0.534073 -27.323555
v 11.297258 0.567788 -27.618187
v 11.145931 0.558887 -27.898269
v 10.967682 0.511345 -28.20086
v 10.666053 0.453793 -28.45999
v 10.220815 0.417539 -28.560574
v 9.719757 0.418783 -28.441942
v 9.275566 0.445097 -28.159578
v 8.912331 0.463423 -27.819829
v 8.603201 0.459604 -27.452606
v 8.409976 0.458909 -27.041291
v 8.408092 0.480726 -26.636913
v 8.558368 0.511212 -26.300273
v 8.810025 0.540712 -26.05325
v 9.143165 0.574897 -25.9212
v 9.506162 0.609022 -25.898314
v 9.854473 0.62602 -25.929296
v 10.201919 0.615675 -25.978713
v 10.581908 0.581262 -26.068559
v 10.742176 0.697066 -25.812023
v 11.218923 0.663007 -26.076163
v 11.658519 0.622128 -26.454434
v 11.925828 0.6047 -26.939694
v 11.826666 0.654837 -27.405588
v 11.538237 0.719436 -27.735338
v 11.331294 0.719929 -28.046174
v 11.155202 0.653294 -28.436817
v 10.82082 0.568774 -28.803826
v 10.272995 0.522973 -28.940025
v 9.660428 0.543773 -28.742986
v 9.16257 0.601773 -28.340448
v 8.761966 0.630346 -27.934092
v 8.385826 0.617151 -27.524466
v 8.166334 0.617792 -27.049372
v 8.122139 0.627751 -26.573771
v 8.144494 0.609533 -26.101994
v 8.35321 0.600982 -25.693031
v 8.80881 0.642251 -25.50406
v 9.338662 0.706349 -25.5295
v 9.809857 0.741764 -25.611955
v 10.260393 0.730495 -25.67874
v 10.742176 0.697066 -25.812023
v 10.917751 0.85359 -25.530986
v 11.495821 0.829622 -25.867314
v 11.912037 0.825773 -26.372559
v 12.228753 0.809996 -26.932127
v 12.188944 0.831461 -27.488178
v 11.796782 0.891147 -27.861103
v 11.489795 0.906781 -28.173104
v 11.298341 0.854605 -28.617967
v 10.939909 0.781234 -29.070249
v 10.310605 0.747427 -29.218636
v 9.622415 0.77812 -28.933757
v 9.095975 0.833116 -28.447044
v 8.645351 0.847738 -28.023
v 8.223863 0.836101 -27.578515
v 7.998022 0.840777 -27.055652
v 7.781028 0.813404 -26.498523
v 7.614969 0.758318 -25.848497
v 7.892448 0.754924 -25.330573
v 8.549452 0.814786 -25.181828
v 9.235212 0.887924 -25.303532
v 9.784295 0.923432 -25.434119
v 10.303533 0.90251 -25.456232
v 10.917751 0.85359 -25.530986
v 10.980209 1.071629 -25.431011
v 11.718441 1.042906 -25.699667
v 12.148121 1.045234 -26.296463
v 12.384872 1.047177 -26.929036
v 12.449249 1.045745 -27.548146
v 12.066763 1.06936 -27.992422
v 11.644966 1.08418 -28.297316
v 11.39736 1.060483 -28.744025
v 11.010564 1.020785 -29.230013
v 10.329285 1.004864 -29.362051
v 9.605377 1.025105 -29.017313
v 9.049573 1.051078 -28.521318
v 8.543229 1.053687 -28.10091
v 8.139322 1.054382 -27.607246
v 7.848862 1.052279 -27.061302
v 7.410896 1.019117 -26.416904
v 7.267295 0.996004 -25.683198
v 7.713053 1.011838 -25.191296
v 8.458902 1.049592 -25.071276
v 9.191284 1.088458 -25.20942
v 9.776081 1.110575 -25.38141
v 10.307769 1.104442 -25.431847
v 10.980209 1.071629 -25.431011
v 10.930828 1.294013 -25.510054
v 11.734457 1.296043 -25.688393
v 12.302212 1.294762 -26.247326
v 12.430962 1.290991 -26.929194
v 12.492291 1.287279 -27.559535
v 12.261065 1.283061 -28.087627
v 11.818038 1.279142 -28.435831
v 11.480118 1.275222 -28.849859
v 11.039172 1.270691 -29.296983
v 10.332235 1.267323 -29.392347
v 9.598743 1.26661 -29.047856
v 9.008697 1.26719 -28.586746
v 8.50401 1.268069 -28.131277
v 8.137972 1.269912 -27.608763
v 7.680491 1.271513 -27.06756
v 7.201566 1.274 -26.371734
v 7.259289 1.278554 -25.681651
v 7.738439 1.283364 -25.213888
v 8.411943 1.287248 -25.015239
v 9.131404 1.28966 -25.080057
v 9.759053 1.290959 -25.264997
v 10.307147 1.292057 -25.432444
v 10.930828 1.294013 -25.510054
v 10.853228 1.487453 -25.634265
v 11.55681 1.523971 -25.82349
v 12.23865 1.553705 -26.2694
v 12.401642 1.536405 -26.931559
v 12.333029 1.517027 -27.525425
v 12.229087 1.513516 -28.074125
v 11.930616 1.508267 -28.526888
v 11.558643 1.51509 -28.950681
v 11.0504 1.531137 -29.325693
v 10.32877 1.531285 -29.376494
v 9.597201 1.512128 -29.052356
v 9.010439 1.492416 -28.583959
v 8.567674 1.479495 -28.083832
v 8.14331 1.484824 -27.60809
v 7.556111 1.520657 -27.07272
v 7.254113 1.544798 -26.385467
v 7.438094 1.543397 -25.769819
v 7.820278 1.541859 -25.280944
v 8.401575 1.533298 -25.005028
v 9.096062 1.513804 -25.005278
v 9.744934 1.494938 -25.170342
v 10.310209 1.482198 -25.414212
v 10.853228 1.487453 -25.634265
v 10.765317 1.660207 -25.774983
v 11.294079 1.694936 -26.022741
v 11.919581 1.761879 -26.374764
v 12.207406 1.766445 -26.938638
v 12.078796 1.719103 -27.469798
v 11.934255 1.704936 -27.933866
v 11.782561 1.725997 -28.411996
v 11.49279 1.760838 -28.871119
v 10.991157 1.790477 -29.198606
v 10.304591 1.785968 -29.211138
v 9.627449 1.745604 -28.894792
v 9.103008 1.698789 -28.435786
v 8.670234 1.682314 -28.006943
v 8.127474 1.726867 -27.614475
v 7.599118 1.788429 -27.073115
v 7.494838 1.79553 -26.441299
v 7.672244 1.786114 -25.884429
v 7.969743 1.791033 -25.401322
v 8.488242 1.777535 -25.116076
v 9.131968 1.742594 -25.088067
v 9.751664 1.707648 -25.226145
v 10.296997 1.676592 -25.478967
v 10.765317 1.660207 -25.774983
v 10.648171 1.807533 -25.962493
v 11.017108 1.814391 -26.232591
v 11.462199 1.882222 -26.524912
v 11.785237 1.926684 -26.951932
v 11.753369 1.890342 -27.397968
v 11.558717 1.846114 -27.754378
v 11.393162 1.858237 -28.105696
v 11.172646 1.908725 -28.47264
v 10.778751 1.949861 -28.731451
v 10.239293 1.947366 -28.746418
v 9.698506 1.908621 -28.529947
v 9.229524 1.881554 -28.233276
v 8.743133 1.915743 -27.952587
v 8.201413 1.996759 -27.591646
v 7.851458 2.038314 -27.067297
v 7.835474 2.020346 -26.519375
v 7.971879 2.010562 -26.030389
v 8.230651 2.015377 -25.609483
v 8.681244 1.994282 -25.35972
v 9.236241 1.947687 -25.321629
v 9.780206 1.897738 -25.438269
v 10.259236 1.848539 -25.669304
v 10.648171 1.807533 -25.962493
v 10.502655 1.920168 -26.195417
v 10.753605 1.899395 -26.432143
v 11.019269 1.937106 -26.670008
v 11.256007 1.992921 -26.967768
v 11.32444 2.003398 -27.302486
v 11.216521 1.974444 -27.590822
v 11.04061 1.960213 -27.828213
v 10.828684 1.981231 -28.043548
v 10.539953 2.014734 -28.204545
v 10.170731 2.037455 -28.255727
v 9.76338 2.056667 -28.196857
v 9.334446 2.100559 -28.065331
v 8.880311 2.174647 -27.849704
v 8.482692 2.234763 -27.500866
v 8.279163 2.238022 -27.056058
v 8.274259 2.209644 -26.619231
v 8.383973 2.195168 -26.230119
v 8.608461 2.187503 -25.909481
v 8.964444 2.15834 -25.715509
v 9.395364 2.10587 -25.675741
v 9.825164 2.043592 -25.767091
v 10.202809 1.978315 -25.955478
v 10.502655 1.920168 -26.195417
v 10.346659 2.010127 -26.445113
v 10.515808 1.980427 -26.612242
v 10.665718 1.98917 -26.785867
v 10.79436 2.025541 -26.981426
v 10.864681 2.061664 -27.199693
v 10.847653 2.081799 -27.414266
v 10.750888 2.09448 -27.600654
v 10.593482 2.114793 -27.751073
v 10.38285 2.148075 -27.859254
v 10.122331 2.192389 -27.912482
v 9.821522 2.245789 -27.897556
v 9.499219 2.303451 -27.801583
v 9.192735 2.350284 -27.61402
v 8.958429 2.36749 -27.345978
v 8.837589 2.353093 -27.040487
v 8.827682 2.326122 -26.744301
v 8.908551 2.302583 -26.483325
v 9.072903 2.278821 -26.277142
v 9.311304 2.243364 -26.149981
v 9.593921 2.192582 -26.115954
v 9.880572 2.131004 -26.169167
v 10.137281 2.066219 -26.288668
v 10.346659 2.010127 -26.445113
v 10.185944 2.110808 -26.702366
v 10.283422 2.093895 -26.788355
v 10.361148 2.092913 -26.885968
v 10.416864 2.10683 -26.992932
v 10.44513 2.131012 -27.106004
v 10.439515 2.160246 -27.218584
v 10.396237 2.191463 -27.321466
v 10.315686 2.223929 -27.405089
v 10.201872 2.257554 -27.460828
v 10.061988 2.291231 -27.481286
v 9.90687 2.322189 -27.460966
v 9.751374 2.346342 -27.397968
v 9.613114 2.359692 -27.296145
v 9.508799 2.360406 -27.165992
v 9.449737 2.349988 -27.022622
v 9.439891 2.33203 -26.881777
v 9.477385 2.309421 -26.757
v 9.556562 2.282801 -26.659163
v 9.668341 2.251526 -26.596314
v 9.800284 2.215672 -26.572473
v 9.938296 2.177276 -26.586502
v 10.069692 2.140458 -26.632563
v 10.185944 2.110808 -26.702366
v 9.996237 2.241585 -27.006023
v 9.996237 2.241585 -27.006023
v 9.996237 2.241585 -27.006023
v 9.996237 2.241585 -27.006023
v 9.996237 2.241585 -27.006023
v 9.996237 2.241585 -27.006023
v 9.996237 2.241585 -27.006023
v 9.996237 2.241585 -27.006023
v 9.996237 2.241585 -27.006023
v 9.996237 2.241585 -27.006023
v 9.996237 2.241585 -27.006023
v 9.996237 2.241585 -27.006023
v 9.996237 2.241585 -27.006023
v 9.996237 2.241585 -27.006023
v 9.996237 2.241585 -27.006023
v 9.996237 2.241585 -27.006023
v 9.996237 2.241585 -27.006023
v 9.996237 2.241585 -27.006023
v 9.996237 2.241585 -27.006023
v 9.996237 2.241585 -27.006023
v 9.996237 2.241585 -27.006023
v 9.996237 2.241585 -27.006023
v 9.996237 2.241585 -27.006023
v -17.98708 -0.545985 -26.994913
v -17.98708 -0.545985 -26.994913
v -17.98708 -0.545985 -26.994913
v -17.98708 -0.545985 -26.994913
v -17.98708 -0.545985 -26.994913
v -17.98708 -0.545985 -26.994913
v -17.98708 -0.545985 -26.994913
v -17.98708 -0.545985 -26.994913
v -17.98708 -0.545985 -26.994913
v -17.98708 -0.545985 -26.994913
v -17.98708 -0.545985 -26.994913
v -17.98708 -0.545985 -26.994913
v -17.98708 -0.545985 -26.994913
v -17.98708 -0.545985 -26.994913
v -17.98708 -0.545985 -26.994913
v -17.98708 -0.545985 -26.994913
v -17.98708 -0.545985 -26.994913
v -17.98708 -0.545985 -26.994913
v -17.98708 -0.545985 -26.994913
v -17.98708 -0.545985 -26.994913
v -17.98708 -0.545985 -26.994913
v -17.98708 -0.545985 -26.994913
v -17.98708 -0.545985 -26.994913
v -17.457382 -0.528226 -26.78635
v -17.420262 -0.532834 -26.927572
v -17.436167 -0.532857 -27.07629
v -17.503441 -0.527827 -27.21461
v -17.61084 -0.519585 -27.327721
v -17.742921 -0.511543 -27.408363
v -17.886683 -0.507079 -27.455966
v -18.034076 -0.508102 -27.472004
v -18.179554 -0.514556 -27.456207
v -18.316109 -0.524821 -27.406455
v -18.433408 -0.536544 -27.321561
v -18.518994 -0.547371 -27.204348
v -18.561154 -0.555243 -27.063132
v -18.551969 -0.558408 -26.911479
v -18.490247 -0.555741 -26.766456
v -18.383391 -0.547512 -26.644832
v -18.245803 -0.535864 -26.558196
v -18.093563 -0.524229 -26.510403
v -17.939249 -0.515937 -26.499611
v -17.790871 -0.512949 -26.522791
v -17.654851 -0.515318 -26.578728
v -17.53974 -0.521352 -26.667359
v -17.457382 -0.528226 -26.78635
v -16.980132 -0.500373 -26.598438
v -16.863786 -0.524365 -26.861442
v -16.872194 -0.534978 -27.159476
v -17.019199 -0.525326 -27.434391
v -17.2652 -0.49888 -27.633398
v -17.542309 -0.470322 -27.74846
v -17.810115 -0.45483 -27.809194
v -18.070667 -0.458997 -27.840683
v -18.339438 -0.480238 -27.839155
v -18.613938 -0.510116 -27.779027
v -18.864979 -0.53906 -27.637465
v -19.05343 -0.561315 -27.414777
v -19.149152 -0.575265 -27.132964
v -19.129824 -0.577811 -26.826079
v -18.983961 -0.562651 -26.542323
v -18.736457 -0.52892 -26.333319
v -18.44723 -0.487001 -26.219419
v -18.167015 -0.4514 -26.180309
v -17.909677 -0.431739 -26.184088
v -17.663644 -0.43087 -26.214906
v -17.417394 -0.446267 -26.280682
v -17.179199 -0.47184 -26.403217
v -16.980132 -0.500373 -26.598438
v -16.548504 -0.458685 -26.428489
v -16.384124 -0.488361 -26.804554
v -16.369773 -0.511847 -27.233777
v -16.562894 -0.508477 -27.641668
v -16.946895 -0.463143 -27.915205
v -17.376405 -0.403364 -28.030697
v -17.752628 -0.369602 -28.077673
v -18.099734 -0.378488 -28.127671
v -18.477793 -0.423655 -28.169766
v -18.894481 -0.483218 -28.129815
v -19.278154 -0.530613 -27.939852
v -19.543833 -0.555035 -27.607868
v -19.664566 -0.565543 -27.194283
v -19.620132 -0.56181 -26.753869
v -19.373417 -0.524897 -26.366047
v -18.988067 -0.45972 -26.112347
v -18.58951 -0.399131 -25.981717
v -18.224464 -0.3598 -25.924598
v -17.884862 -0.341566 -25.916543
v -17.549359 -0.348091 -25.938078
v -17.192761 -0.3795 -25.998716
v -16.835239 -0.421833 -26.151209
v -16.548504 -0.458685 -26.428489
v -16.08193 -0.371325 -26.24478
v -15.965055 -0.374227 -26.755179
v -16.020695 -0.376651 -27.286327
v -16.216857 -0.388299 -27.800164
v -16.669002 -0.349461 -28.162747
v -17.233259 -0.265965 -28.276603
v -17.709338 -0.209207 -28.286702
v -18.12265 -0.217051 -28.340033
v -18.588591 -0.283884 -28.431801
v -19.13143 -0.37117 -28.424991
v -19.617461 -0.427786 -28.187711
v -19.909289 -0.439614 -27.751763
v -20.019448 -0.43739 -27.236983
v -19.936048 -0.421939 -26.70835
v -19.606757 -0.366391 -26.262087
v -19.189771 -0.312455 -25.936888
v -18.775813 -0.293765 -25.670178
v -18.311362 -0.26943 -25.534376
v -17.852488 -0.229471 -25.568291
v -17.43054 -0.217078 -25.64897
v -16.968946 -0.257391 -25.717091
v -16.463609 -0.325891 -25.878725
v -16.08193 -0.371325 -26.24478
v -15.692622 -0.163178 -26.091494
v -15.518072 -0.173115 -26.702829
v -15.73022 -0.145007 -27.330981
v -15.986411 -0.148407 -27.907662
v -16.424617 -0.146062 -28.382338
v -17.085845 -0.088374 -28.530922
v -17.668457 -0.031752 -28.48595
v -18.142194 -0.031751 -28.514383
v -18.680268 -0.0918 -28.646408
v -19.32882 -0.170443 -28.669565
v -19.885202 -0.212447 -28.382639
v -20.178427 -0.210254 -27.857733
v -20.26833 -0.199421 -27.267514
v -20.122695 -0.173498 -26.682746
v -19.777732 -0.135095 -26.187314
v -19.469297 -0.144506 -25.69307
v -19.029117 -0.160961 -25.246286
v -18.397714 -0.115128 -25.151202
v -17.833331 -0.042973 -25.345167
v -17.384067 -0.008451 -25.531354
v -16.889226 -0.032468 -25.614544
v -16.267992 -0.098449 -25.734436
v -15.692622 -0.163178 -26.091494
v -15.614093 0.120519 -26.060574
v -15.216423 0.094991 -26.668022
v -15.442201 0.104869 -27.375415
v -15.862345 0.113613 -27.967154
v -16.275654 0.102089 -28.518467
v -16.950978 0.114844 -28.764812
v -17.627883 0.144453 -28.683713
v -18.158542 0.147642 -28.656774
v -18.746438 0.111893 -28.799432
v -19.463247 0.064179 -28.834918
v -20.059326 0.040934 -28.50886
v -20.355894 0.044374 -27.927609
v -20.402266 0.057316 -27.284452
v -20.182731 0.081457 -26.675872
v -19.959509 0.08648 -26.107522
v -19.774284 0.060335 -25.42744
v -19.201365 0.066782 -24.96215
v -18.437619 0.113848 -24.985359
v -17.825504 0.159504 -25.236096
v -17.349522 0.180915 -25.442937
v -16.861325 0.178166 -25.577028
v -16.276181 0.156509 -25.739191
v -15.614093 0.120519 -26.060574
v -15.751123 0.390624 -26.114528
v -15.23032 0.39496 -26.670859
v -15.240637 0.390645 -27.407374
v -15.770604 0.379611 -28.012025
v -16.258092 0.369627 -28.538887
v -16.873946 0.358724 -28.902227
v -17.587437 0.348583 -28.882874
v -18.176545 0.340507 -28.814235
v -18.799633 0.330952 -28.920856
v -19.543452 0.320202 -28.932144
v -20.153387 0.313452 -28.576384
v -20.430616 0.312973 -27.95703
v -20.377796 0.317547 -27.282571
v -20.174532 0.323881 -26.678966
v -20.161802 0.3278 -26.018659
v -19.937398 0.335154 -25.288408
v -19.225438 0.347411 -24.929884
v -18.450597 0.358466 -24.943545
v -17.814826 0.366731 -25.097083
v -17.278332 0.373481 -25.266431
v -16.771617 0.379653 -25.462269
v -16.285922 0.38503 -25.745211
v -15.751123 0.390624 -26.114528
v -15.921559 0.625856 -26.181635
v -15.486803 0.662965 -26.702412
v -15.279371 0.692149 -27.404004
v -15.703829 0.665976 -28.045815
v -16.319549 0.630784 -28.489395
v -16.90329 0.614871 -28.860327
v -17.567827 0.589785 -28.989572
v -18.195676 0.570631 -28.978
v -18.849312 0.578394 -29.033015
v -19.576498 0.595788 -28.970108
v -20.137637 0.597347 -28.563477
v -20.320457 0.579708 -27.913656
v -20.208596 0.558264 -27.263404
v -20.191077 0.566124 -26.678409
v -20.276796 0.608602 -25.969893
v -19.890994 0.628802 -25.334782
v -19.16446 0.61801 -25.040983
v -18.451774 0.606868 -24.955867
v -17.810478 0.599159 -25.019486
v -17.239299 0.599332 -25.166184
v -16.716263 0.606964 -25.390188
v -16.288566 0.612908 -25.746039
v -15.921559 0.625856 -26.181635
v -16.125597 0.838216 -26.261974
v -15.848402 0.877589 -26.746253
v -15.600074 0.948913 -27.358688
v -15.801033 0.957434 -28.005252
v -16.410914 0.891704 -28.413481
v -17.023613 0.841224 -28.663857
v -17.604686 0.818914 -28.837642
v -18.193822 0.814144 -28.924423
v -18.820047 0.834946 -28.955339
v -19.4499 0.85686 -28.808443
v -19.878733 0.843331 -28.372775
v -19.993662 0.799569 -27.784984
v -20.019522 0.78165 -27.241806
v -20.195905 0.835401 -26.679791
v -20.180481 0.896603 -26.017108
v -19.696126 0.890948 -25.511714
v -19.060313 0.865604 -25.22431
v -18.428557 0.851039 -25.079236
v -17.822346 0.83439 -25.10796
v -17.27469 0.827885 -25.244579
v -16.779243 0.834463 -25.466209
v -16.390714 0.836257 -25.819722
v -16.125597 0.838216 -26.261974
v -16.424508 1.012543 -26.379666
v -16.268958 1.036142 -26.796881
v -16.109154 1.115239 -27.284878
v -16.167731 1.174696 -27.84149
v -16.600623 1.132216 -28.250328
v -17.170031 1.040688 -28.422505
v -17.68245 0.982141 -28.494305
v -18.158916 0.972026 -28.543685
v -18.646907 0.990555 -28.53508
v -19.106439 1.002872 -28.376779
v -19.433243 0.988016 -28.045991
v -19.636221 0.976147 -27.644245
v -19.853311 1.021046 -27.222989
v -20.020993 1.104281 -26.707686
v -19.862298 1.134144 -26.164393
v -19.415548 1.102701 -25.763427
v -18.905259 1.077107 -25.492548
v -18.373543 1.061296 -25.345338
v -17.849364 1.038371 -25.356397
v -17.373668 1.02432 -25.476594
v -16.952738 1.024392 -25.681008
v -16.626603 1.02086 -25.991486
v -16.424508 1.012543 -26.379666
v -16.820946 1.120334 -26.53576
v -16.739292 1.126778 -26.85316
v -16.680586 1.181687 -27.201092
v -16.716617 1.252468 -27.593351
v -16.95732 1.26435 -27.93769
v -17.351253 1.202094 -28.121225
v -17.757394 1.122978 -28.162241
v -18.121241 1.076721 -28.142064
v -18.46119 1.068975 -28.086843
v -18.783524 1.082489 -27.971648
v -19.074869 1.110224 -27.783082
v -19.337333 1.163755 -27.526561
v -19.544485 1.238803 -27.18713
v -19.585543 1.288973 -26.773364
v -19.396242 1.279928 -26.377665
v -19.06821 1.244266 -26.072821
v -18.6937 1.22159 -25.854225
v -18.290792 1.204894 -25.733294
v -17.887611 1.182533 -25.728593
v -17.518719 1.163198 -25.820909
v -17.202566 1.150989 -25.992125
v -16.964344 1.136813 -26.238135
v -16.820946 1.120334 -26.53576
v -17.25348 1.154104 -26.706066
v -17.212105 1.150442 -26.90947
v -17.207728 1.174679 -27.12327
v -17.254401 1.218138 -27.348885
v -17.382142 1.250755 -27.562205
v -17.590388 1.250472 -27.71874
v -17.839279 1.225099 -27.795742
v -18.090135 1.199701 -27.805285
v -18.32941 1.1932 -27.766808
v -18.556299 1.21066 -27.685681
v -18.764446 1.247841 -27.555197
v -18.932292 1.29345 -27.36708
v -19.022183 1.328374 -27.125384
v -19.001576 1.335302 -26.859876
v -18.875707 1.316284 -26.614328
v -18.681112 1.290738 -26.415588
v -18.447602 1.271578 -26.271416
v -18.191489 1.255746 -26.190203
v -17.93231 1.237609 -26.179667
v -17.692701 1.217338 -26.237142
v -17.491512 1.196127 -26.353205
v -17.343299 1.173666 -26.515335
v -17.25348 1.154104 -26.706066
v -17.649733 1.152988 -26.862086
v -17.629904 1.149725 -26.959142
v -17.636502 1.155983 -27.059868
v -17.670461 1.170364 -27.159494
v -17.73293 1.188167 -27.251214
v -17.822048 1.204354 -27.326053
v -17.931173 1.216815 -27.375686
v -18.050565 1.226958 -27.395188
v -18.17017 1.237516 -27.383138
v -18.280576 1.249864 -27.340111
v -18.372275 1.262726 -27.268071
v -18.435475 1.272737 -27.171464
v -18.461955 1.276411 -27.05857
v -18.448142 1.272433 -26.941034
v -18.396613 1.262522 -26.831087
v -18.314471 1.249904 -26.738685
v -18.210555 1.236831 -26.670781
v -18.094199 1.223608 -26.632008
v -17.975279 1.209556 -26.624766
v -17.863784 1.19432 -26.648639
v -17.76859 1.178473 -26.700205
v -17.69615 1.163722 -26.773656
v -17.649733 1.152988 -26.862086
v -18.011994 1.188128 -27.004722
v -18.011994 1.188128 -27.004722
v -18.011994 1.188128 -27.004722
v -18.011994 1.188128 -27.004722
v -18.011994 1.188128 -27.004722
v -18.011994 1.188128 -27.004722
v -18.011994 1.188128 -27.004722
v -18.011994 1.188128 -27.004722
v -18.011994 1.188128 -27.004722
v -18.011994 1.188128 -27.004722
v -18.011994 1.188128 -27.004722
v -18.011994 1.188128 -27.004722
v -18.011994 1.188128 -27.004722
v -18.011994 1.188128 -27.004722
v -18.011994 1.188128 -27.004722
v -18.011994 1.188128 -27.004722
v -18.011994 1.188128 -27.004722
v -18.011994 1.188128 -27.004722
v -18.011994 1.188128 -27.004722
v -18.011994 1.188128 -27.004722
v -18.011994 1.188128 -27.004722
v -18.011994 1.188128 -27.004722
v -18.011994 1.188128 -27.004722
v 29.966158 0.46434 -3.999913
v 29.966158 0.46434 -3.999913
v 29.966158 0.46434 -3.999913
v 29.966158 0.46434 -3.999913
v 29.966158 0.46434 -3.999913
v 29.966158 0.46434 -3.999913
v 29.966158 0.46434 -3.999913
v 29.966158 0.46434 -3.999913
v 29.966158 0.46434 -3.999913
v 29.966158 0.46434 -3.999913
v 29.966158 0.46434 -3.999913
v 29.966158 0.46434 -3.999913
v 29.966158 0.46434 -3.999913
v 29.966158 0.46434 -3.999913
v 29.966158 0.46434 -3.999913
v 29.966158 0.46434 -3.999913
v 29.966158 0.46434 -3.999913
v 29.966158 0.46434 -3.999913
v 29.966158 0.46434 -3.999913
v 29.966158 0.46434 -3.999913
v 29.966158 0.46434 -3.999913
v 29.966158 0.46434 -3.999913
v 29.966158 0.46434 -3.999913
v 29.495456 0.488269 -3.998704
v 29.511215 0.485315 -3.869762
v 29.569545 0.482719 -3.75257
v 29.663708 0.481206 -3.661181
v 29.781009 0.480996 -3.60501
v 29.906564 0.481569 -3.586378
v 30.027905 0.481848 -3.601493
v 30.137327 0.480678 -3.643996
v 30.231022 0.477297 -3.708333
v 30.306436 0.47166 -3.791055
v 30.359832 0.464582 -3.889815
v 30.385541 0.457653 -4.00099
v 30.37746 0.45289 -4.117439
v 30.33225 0.452093 -4.228031
v 30.252463 0.456009 -4.320005
v 30.146955 0.463782 -4.38335
v 30.027536 0.473222 -4.413926
v 29.904547 0.481877 -4.412572
v 29.78536 0.488087 -4.381495
v 29.676365 0.491353 -4.32193
v 29.58544 0.492016 -4.235046
v 29.522119 0.490751 -4.124591
v 29.495456 0.488269 -3.998704
v 29.046986 0.519468 -3.997553
v 29.065823 0.512239 -3.742225
v 29.172021 0.503377 -3.504567
v 29.360878 0.496685 -3.322125
v 29.604032 0.495802 -3.22769
v 29.854502 0.499915 -3.223635
v 30.077699 0.504654 -3.283955
v 30.265252 0.505495 -3.379731
v 30.425342 0.499273 -3.49532
v 30.56712 0.485019 -3.631365
v 30.687123 0.464991 -3.798285
v 30.765493 0.4444 -4.001966
v 30.77352 0.430306 -4.230825
v 30.688221 0.430318 -4.450243
v 30.51453 0.44817 -4.613016
v 30.294024 0.478115 -4.693202
v 30.072933 0.507552 -4.707734
v 29.865329 0.526824 -4.689845
v 29.659762 0.534232 -4.650651
v 29.450965 0.533479 -4.573929
v 29.257632 0.529324 -4.438048
v 29.113973 0.524662 -4.23937
v 29.046986 0.519468 -3.997553
v 28.638147 0.554552 -3.996503
v 28.717658 0.556368 -3.642101
v 28.872752 0.546306 -3.316749
v 29.11275 0.529162 -3.042868
v 29.450159 0.52219 -2.89775
v 29.810408 0.529711 -2.910038
v 30.119945 0.541349 -3.022036
v 30.367413 0.546897 -3.171657
v 30.580298 0.538365 -3.327025
v 30.790488 0.511695 -3.495152
v 30.99175 0.473008 -3.713236
v 31.134711 0.435386 -4.002914
v 31.15923 0.412513 -4.34117
v 31.015008 0.420762 -4.653813
v 30.719686 0.467089 -4.840563
v 30.388311 0.527728 -4.886227
v 30.102473 0.570273 -4.880864
v 29.839799 0.586567 -4.883502
v 29.55426 0.584306 -4.8783
v 29.233075 0.572006 -4.817372
v 28.917539 0.55857 -4.648274
v 28.696612 0.552224 -4.356609
v 28.638147 0.554552 -3.996503
v 28.247252 0.626572 -3.995499
v 28.439566 0.645522 -3.561127
v 28.711439 0.651953 -3.212157
v 28.970801 0.626882 -2.877326
v 29.337239 0.601996 -2.647217
v 29.776647 0.604272 -2.646796
v 30.158338 0.620496 -2.803793
v 30.451234 0.631908 -3.007959
v 30.704591 0.621897 -3.195825
v 30.984452 0.580594 -3.378723
v 31.272214 0.522125 -3.635706
v 31.46892 0.472341 -4.003772
v 31.48516 0.450274 -4.433432
v 31.254205 0.478696 -4.80018
v 30.848161 0.553401 -4.977617
v 30.467396 0.616928 -5.041513
v 30.140158 0.646015 -5.103643
v 29.809264 0.663813 -5.117627
v 29.466118 0.672325 -5.074843
v 29.080087 0.662613 -4.992921
v 28.661383 0.641405 -4.809079
v 28.329481 0.624639 -4.46063
v 28.247252 0.626572 -3.995499
v 27.9887 0.780587 -3.994835
v 28.156431 0.78438 -3.477793
v 28.57305 0.794377 -3.120322
v 28.904723 0.777207 -2.792601
v 29.258969 0.737738 -2.462378
v 29.748114 0.718377 -2.401478
v 30.196213 0.723119 -2.599086
v 30.52469 0.73075 -2.867852
v 30.810502 0.717756 -3.085822
v 31.162471 0.67085 -3.27296
v 31.536875 0.609385 -3.563303
v 31.77076 0.565437 -4.004547
v 31.742001 0.559336 -4.504666
v 31.400847 0.606308 -4.886167
v 30.955011 0.669246 -5.08838
v 30.591645 0.695829 -5.293998
v 30.19026 0.72143 -5.411129
v 29.788164 0.766866 -5.300871
v 29.442022 0.799434 -5.142748
v 29.05862 0.806641 -5.027099
v 28.61453 0.80033 -4.844318
v 28.202318 0.789517 -4.499251
v 27.9887 0.780587 -3.994835
v 27.985121 0.953878 -3.994826
v 27.98915 0.947279 -3.427057
v 28.405751 0.935735 -3.010555
v 28.870252 0.918689 -2.743792
v 29.230062 0.885341 -2.380557
v 29.728639 0.850213 -2.209927
v 30.231455 0.833997 -2.415266
v 30.587227 0.829065 -2.75052
v 30.896833 0.812413 -2.997357
v 31.31144 0.770197 -3.185422
v 31.754466 0.719667 -3.504491
v 31.992632 0.690855 -4.005117
v 31.867234 0.702546 -4.537727
v 31.444999 0.748116 -4.907853
v 31.080535 0.776974 -5.220575
v 30.730084 0.790342 -5.574398
v 30.226496 0.83192 -5.608505
v 29.784171 0.880091 -5.376025
v 29.421253 0.909536 -5.201354
v 29.01681 0.926908 -5.082016
v 28.599704 0.941209 -4.859141
v 28.245686 0.951459 -4.490123
v 27.985121 0.953878 -3.994826
v 28.099645 1.104511 -3.99512
v 28.020637 1.109793 -3.433021
v 28.277498 1.093013 -2.924419
v 28.811277 1.058007 -2.667799
v 29.245001 1.029573 -2.392176
v 29.727548 0.997931 -2.136466
v 30.262427 0.962787 -2.267247
v 30.653981 0.937016 -2.625691
v 30.989902 0.914912 -2.90202
v 31.442451 0.885161 -3.109554
v 31.901199 0.854978 -3.46596
v 32.069063 0.843865 -4.005313
v 31.817921 0.860269 -4.520734
v 31.440448 0.884991 -4.899458
v 31.210535 0.90001 -5.356646
v 30.801715 0.926796 -5.707308
v 30.23927 0.96374 -5.636573
v 29.781249 0.993847 -5.444368
v 29.365249 1.021182 -5.333899
v 28.915676 1.050724 -5.202711
v 28.518904 1.076826 -4.914302
v 28.264622 1.093595 -4.487461
v 28.099645 1.104511 -3.99512
v 28.208873 1.239386 -3.995401
v 28.171167 1.251207 -3.473331
v 28.281479 1.255179 -2.920301
v 28.737141 1.216691 -2.573471
v 29.261789 1.17122 -2.408075
v 29.747884 1.144253 -2.209549
v 30.277561 1.107861 -2.230402
v 30.715644 1.06652 -2.514478
v 31.090236 1.038296 -2.800178
v 31.529941 1.02181 -3.061316
v 31.898538 1.010318 -3.469583
v 31.921262 1.004374 -4.004933
v 31.642877 1.006237 -4.468098
v 31.445146 1.019604 -4.896906
v 31.261205 1.047867 -5.402379
v 30.779135 1.07524 -5.638787
v 30.238869 1.093733 -5.575734
v 29.782056 1.11695 -5.492228
v 29.335375 1.150245 -5.414163
v 28.875269 1.189558 -5.257429
v 28.492531 1.220577 -4.936338
v 28.283463 1.234165 -4.484797
v 28.208873 1.239386 -3.995401
v 28.346591 1.366561 -3.995754
v 28.365196 1.374247 -3.52639
v 28.430818 1.398018 -3.007346
v 28.741675 1.388817 -2.565947
v 29.266149 1.331861 -2.394982
v 29.77718 1.282225 -2.347384
v 30.26385 1.244853 -2.379718
v 30.699334 1.205694 -2.567753
v 31.075437 1.177461 -2.826638
v 31.424305 1.164152 -3.132015
v 31.631277 1.15233 -3.546963
v 31.585299 1.136688 -4.004071
v 31.461616 1.134601 -4.414016
v 31.409546 1.162816 -4.868949
v 31.167881 1.195671 -5.287435
v 30.692408 1.205838 -5.436732
v 30.228116 1.216413 -5.447668
v 29.799252 1.242264 -5.433287
v 29.370619 1.278381 -5.358044
v 28.944977 1.320731 -5.189977
v 28.591347 1.354016 -4.881009
v 28.393709 1.366796 -4.456422
v 28.346591 1.366561 -3.995754
v 28.571583 1.474511 -3.996332
v 28.610443 1.478204 -3.594411
v 28.686657 1.506604 -3.162
v 28.896693 1.531379 -2.728507
v 29.31892 1.499855 -2.483516
v 29.806778 1.429849 -2.482956
v 30.236497 1.3649 -2.611408
v 30.592172 1.31571 -2.80712
v 30.882546 1.282489 -3.047305
v 31.106767 1.261673 -3.331145
v 31.229315 1.245487 -3.66111
v 31.265679 1.239342 -4.00325
v 31.291508 1.259332 -4.363182
v 31.231263 1.294369 -4.752752
v 30.953328 1.308598 -5.039763
v 30.57072 1.306928 -5.164646
v 30.203075 1.320754 -5.230501
v 29.834743 1.349786 -5.246377
v 29.462447 1.38561 -5.180649
v 29.101772 1.426203 -5.024475
v 28.800167 1.459501 -4.756931
v 28.618928 1.474425 -4.395427
v 28.571583 1.474511 -3.996332
v 28.900056 1.542638 -3.997176
v 28.934548 1.546088 -3.685594
v 29.018624 1.568423 -3.365889
v 29.18093 1.602044 -3.040518
v 29.4749 1.605879 -2.799509
v 29.853334 1.559635 -2.74199
v 30.207933 1.486919 -2.851912
v 30.484017 1.418499 -3.04757
v 30.686286 1.36901 -3.270348
v 30.834424 1.340306 -3.501729
v 30.941737 1.330871 -3.743123
v 31.014268 1.340653 -4.002604
v 31.024534 1.362285 -4.285123
v 30.913163 1.375551 -4.551671
v 30.688077 1.372173 -4.739126
v 30.428596 1.37223 -4.854208
v 30.163994 1.391422 -4.932774
v 29.883039 1.422678 -4.960317
v 29.594288 1.457908 -4.914721
v 29.319007 1.494048 -4.789488
v 29.090043 1.523783 -4.581362
v 28.945146 1.539613 -4.305398
v 28.900056 1.542638 -3.997176
v 29.300189 1.552733 -3.998203
v 29.32214 1.557864 -3.795927
v 29.391147 1.570897 -3.597406
v 29.511074 1.590999 -3.409728
v 29.692409 1.602915 -3.261125
v 29.921584 1.590705 -3.192881
v 30.156083 1.554039 -3.221811
v 30.356064 1.506566 -3.327424
v 30.506751 1.463465 -3.475496
v 30.612058 1.433491 -3.642185
v 30.67732 1.41802 -3.81869
v 30.69807 1.412498 -4.001792
v 30.662386 1.408952 -4.180963
v 30.568348 1.402361 -4.33619
v 30.434952 1.397151 -4.454841
v 30.283194 1.402857 -4.54164
v 30.117264 1.422548 -4.60063
v 29.936323 1.45096 -4.622194
v 29.749159 1.481752 -4.593939
v 29.572825 1.510512 -4.510363
v 29.428048 1.533195 -4.373986
v 29.334028 1.546855 -4.19677
v 29.300189 1.552733 -3.998203
v 29.696691 1.509482 -3.999221
v 29.706918 1.515248 -3.906466
v 29.743531 1.520854 -3.818538
v 29.804889 1.525993 -3.742344
v 29.887736 1.52838 -3.68566
v 29.985319 1.525157 -3.656217
v 30.08708 1.515033 -3.658652
v 30.181287 1.49925 -3.692131
v 30.258459 1.480732 -3.75097
v 30.312866 1.462424 -3.827258
v 30.341903 1.446152 -3.913021
v 30.345066 1.432581 -4.000886
v 30.323791 1.422027 -4.084144
v 30.281556 1.415359 -4.157347
v 30.222946 1.414047 -4.217031
v 30.152007 1.419178 -4.261202
v 30.071833 1.430383 -4.287742
v 29.985948 1.445765 -4.293674
v 29.899752 1.462718 -4.276209
v 29.82054 1.478795 -4.234475
v 29.756218 1.492229 -4.170613
v 29.713545 1.50229 -4.089801
v 29.696691 1.509482 -3.999221
v 30.03124 1.455485 -4.00008
v 30.03124 1.455485 -4.00008
v 30.03124 1.455485 -4.00008
v 30.03124 1.455485 -4.00008
v 30.03124 1.455485 -4.00008
v 30.03124 1.455485 -4.00008
v 30.03124 1.455485 -4.00008
v 30.03124 1.455485 -4.00008
v 30.03124 1.455485 -4.00008
v 30.03124 1.455485 -4.00008
v 30.03124 1.455485 -4.00008
v 30.03124 1.455485 -4.00008
v 30.03124 1.455485 -4.00008
v 30.03124 1.455485 -4.00008
v 30.03124 1.455485 -4.00008
v 30.03124 1.455485 -4.00008
v 30.03124 1.455485 -4.00008
v 30.03124 1.455485 -4.00008
v 30.03124 1.455485 -4.00008
v 30.03124 1.455485 -4.00008
v 30.03124 1.455485 -4.00008
v 30.03124 1.455485 -4.00008
v 30.03124 1.455485 -4.00008
v -29.947197 0.692027 3.957139
v -29.947197 0.692027 3.957139
v -29.947197 0.692027 3.957139
v -29.947197 0.692027 3.957139
v -29.947197 0.692027 3.957139
v -29.947197 0.692027 3.957139
v -29.947197 0.692027 3.957139
v -29.947197 0.692027 3.957139
v -29.947197 0.692027 3.957139
v -29.947197 0.692027 3.957139
v -29.947197 0.692027 3.957139
v -29.947197 0.692027 3.957139
v -29.947197 0.692027 3.957139
v -29.947197 0.692027 3.957139
v -29.947197 0.692027 3.957139
v -29.947197 0.692027 3.957139
v -29.947197 0.692027 3.957139
v -29.947197 0.692027 3.957139
v -29.947197 0.692027 3.957139
v -29.947197 0.692027 3.957139
v -29.947197 0.692027 3.957139
v -29.947197 0.692027 3.957139
v -29.947197 0.692027 3.957139
v -29.578816 0.729871 3.658115
v -29.675857 0.728358 3.569079
v -29.795519 0.725325 3.513167
v -29.926832 0.721988 3.49624
v -30.056786 0.719651 3.520017
v -30.172493 0.718903 3.580669
v -30.26411 0.719366 3.66975
v -30.326376 0.719967 3.77696
v -30.3581 0.71934 3.892832
v -30.360297 0.716302 4.010101
v -30.334049 0.710496 4.123309
v -30.279496 0.702964 4.226873
v -30.197117 0.696117 4.313149
v -30.090592 0.692712 4.37274
v -29.968486 0.694263 4.397691
v -29.842524 0.700045 4.384954
v -29.723914 0.707686 4.336742
v -29.621491 0.714829 4.257903
v -29.542749 0.720378 4.153942
v -29.494996 0.724448 4.03164
v -29.48426 0.727477 3.900428
v -29.512952 0.729452 3.77198
v -29.578816 0.729871 3.658115
v -29.260376 0.783911 3.399631
v -29.44942 0.786738 3.244182
v -29.667667 0.777498 3.135845
v -29.909687 0.76186 3.090226
v -30.155038 0.749643 3.129683
v -30.369356 0.745542 3.252195
v -30.527483 0.748168 3.431558
v -30.621523 0.754399 3.637719
v -30.657822 0.759946 3.84716
v -30.651752 0.758533 4.048525
v -30.614267 0.745165 4.244176
v -30.539047 0.72159 4.437557
v -30.407698 0.69874 4.613152
v -30.214674 0.691862 4.732553
v -29.986847 0.707764 4.763445
v -29.764287 0.736037 4.713708
v -29.562446 0.758394 4.617305
v -29.374297 0.765812 4.489742
v -29.205122 0.762831 4.319723
v -29.085844 0.759437 4.099386
v -29.052416 0.762692 3.847616
v -29.117297 0.772942 3.603497
v -29.260376 0.783911 3.399631
v -28.987656 0.844311 3.178258
v -29.303207 0.879596 3.032313
v -29.597203 0.878802 2.918588
v -29.90156 0.84337 2.820792
v -30.23331 0.807583 2.828923
v -30.533253 0.792617 2.982552
v -30.749753 0.79439 3.232866
v -30.864545 0.807975 3.525072
v -30.887823 0.82658 3.81423
v -30.864187 0.831966 4.078328
v -30.828691 0.807693 4.337512
v -30.760022 0.75779 4.616927
v -30.598044 0.712459 4.883899
v -30.320359 0.714225 5.036059
v -30.002498 0.772001 5.010391
v -29.728205 0.836134 4.89033
v -29.474664 0.857756 4.780861
v -29.19127 0.838705 4.665129
v -28.898247 0.805873 4.470757
v -28.672555 0.781464 4.167023
v -28.598696 0.778757 3.791246
v -28.717497 0.80233 3.432907
v -28.987656 0.844311 3.178258
v -28.74345 0.967389 2.980031
v -29.187048 1.033818 2.860963
v -29.574858 1.070033 2.829296
v -29.907352 1.029537 2.712578
v -30.290721 0.959246 2.641013
v -30.664519 0.921422 2.780588
v -30.935199 0.915781 3.07588
v -31.065602 0.934219 3.438382
v -31.067447 0.966527 3.793763
v -31.030826 0.975644 4.105333
v -31.018521 0.932129 4.421769
v -30.971888 0.851643 4.788903
v -30.773129 0.795058 5.130303
v -30.401919 0.832485 5.257335
v -30.018652 0.941168 5.138836
v -29.713104 1.009598 5.003655
v -29.401322 1.009237 4.92803
v -29.060874 0.986002 4.800202
v -28.72583 0.957537 4.565738
v -28.449927 0.929556 4.211591
v -28.324026 0.915204 3.762462
v -28.419648 0.924988 3.30819
v -28.74345 0.967389 2.980031
v -28.610633 1.206673 2.87222
v -29.058969 1.231732 2.67098
v -29.543508 1.268673 2.712949
v -29.919104 1.255109 2.680026
v -30.333211 1.181974 2.535032
v -30.780603 1.121428 2.615209
v -31.104714 1.099135 2.940063
v -31.241146 1.107979 3.367737
v -31.21859 1.133546 3.779482
v -31.186167 1.131899 4.131448
v -31.221341 1.074521 4.512014
v -31.195449 0.992509 4.970372
v -30.928589 0.962634 5.345537
v -30.457611 1.036044 5.392683
v -30.035062 1.12998 5.248452
v -29.677479 1.158048 5.192901
v -29.326247 1.175319 5.080371
v -29.030123 1.202392 4.851334
v -28.730386 1.207846 4.583422
v -28.449905 1.200324 4.227764
v -28.311199 1.19854 3.772788
v -28.361522 1.200818 3.289781
v -28.610633 1.206673 2.87222
v -28.628539 1.461197 2.886755
v -28.991574 1.456116 2.56648
v -29.492953 1.452596 2.542815
v -29.928662 1.44377 2.647159
v -30.350721 1.401039 2.529475
v -30.859508 1.341645 2.515743
v -31.244451 1.302728 2.833671
v -31.382349 1.292491 3.314465
v -31.342584 1.297431 3.769371
v -31.335474 1.281883 4.15654
v -31.422753 1.228389 4.601925
v -31.381525 1.174142 5.121414
v -31.008449 1.181877 5.451086
v -30.478748 1.249752 5.426562
v -30.051732 1.290536 5.398237
v -29.638631 1.309434 5.396128
v -29.303197 1.355784 5.147033
v -29.040339 1.393693 4.862277
v -28.700936 1.408524 4.613523
v -28.397194 1.42247 4.249488
v -28.304705 1.441913 3.782226
v -28.407009 1.45714 3.315304
v -28.628539 1.461197 2.886755
v -28.683051 1.685877 2.931003
v -29.013908 1.682567 2.589777
v -29.459894 1.663642 2.419923
v -29.935027 1.627798 2.553504
v -30.351084 1.600535 2.587749
v -30.872939 1.571443 2.528355
v -31.331952 1.530815 2.777725
v -31.505057 1.495561 3.271563
v -31.478125 1.472957 3.758102
v -31.50017 1.450351 4.184346
v -31.586871 1.420475 4.676759
v -31.450356 1.403904 5.177286
v -30.978454 1.421821 5.3993
v -30.484051 1.451351 5.416089
v -30.069453 1.470329 5.546232
v -29.634694 1.50086 5.469463
v -29.318592 1.536266 5.148752
v -28.997333 1.567399 4.920104
v -28.584219 1.604484 4.685228
v -28.278208 1.643396 4.281774
v -28.240453 1.670544 3.783781
v -28.410768 1.683095 3.322234
v -28.683051 1.685877 2.931003
v -28.726186 1.899797 2.966017
v -29.074943 1.890916 2.668908
v -29.470604 1.885565 2.42252
v -29.942101 1.843967 2.435097
v -30.362541 1.794726 2.599345
v -30.828509 1.784619 2.636161
v -31.31845 1.76875 2.815343
v -31.575941 1.725364 3.255713
v -31.610427 1.681519 3.749326
v -31.629157 1.657179 4.209278
v -31.611255 1.647319 4.692546
v -31.337797 1.639956 5.085919
v -30.878356 1.634932 5.248619
v -30.490332 1.647512 5.409149
v -30.082587 1.676622 5.566171
v -29.668283 1.694173 5.390843
v -29.339956 1.712985 5.139809
v -28.954212 1.760903 4.980138
v -28.533549 1.826653 4.727243
v -28.262637 1.880706 4.298444
v -28.252397 1.904753 3.795151
v -28.432865 1.907794 3.336991
v -28.726186 1.899797 2.966017
v -28.803727 2.111251 3.028959
v -29.148105 2.092089 2.765593
v -29.516959 2.095986 2.529921
v -29.955261 2.089789 2.406967
v -30.39523 2.03407 2.538169
v -30.794606 1.995566 2.72584
v -31.202936 1.984917 2.944093
v -31.487478 1.954531 3.316463
v -31.575225 1.908746 3.768544
v -31.549073 1.875616 4.208413
v -31.405762 1.852722 4.609345
v -31.107766 1.826773 4.899198
v -30.784675 1.818481 5.108198
v -30.476212 1.846927 5.34265
v -30.085826 1.866341 5.400423
v -29.720292 1.862037 5.229744
v -29.382589 1.891997 5.095288
v -28.992526 1.964404 4.966638
v -28.619396 2.045252 4.703306
v -28.391778 2.103525 4.291026
v -28.382053 2.124284 3.820703
v -28.536783 2.123352 3.386587
v -28.803727 2.111251 3.028959
v -28.946128 2.307058 3.144549
v -29.249598 2.287382 2.902874
v -29.585522 2.292702 2.703461
v -29.975472 2.325322 2.538323
v -30.412309 2.316306 2.553284
v -30.79629 2.261513 2.763851
v -31.097793 2.2075 3.064024
v -31.294692 2.155913 3.42519
v -31.351454 2.099226 3.815827
v -31.285438 2.047305 4.182501
v -31.128377 2.006507 4.494128
v -30.922868 1.98547 4.749112
v -30.700405 1.996856 4.981383
v -30.414035 2.014986 5.140858
v -30.080562 2.003395 5.122339
v -29.779116 2.002112 5.032622
v -29.467322 2.057795 4.977617
v -29.123656 2.146385 4.865836
v -28.816172 2.231749 4.623459
v -28.627867 2.291179 4.264346
v -28.605233 2.314979 3.856798
v -28.722692 2.316933 3.470792
v -28.946128 2.307058 3.144549
v -29.159627 2.467645 3.317851
v -29.399565 2.456078 3.110239
v -29.678332 2.46421 2.950522
v -29.999922 2.508289 2.822553
v -30.371103 2.546875 2.78981
v -30.727645 2.532682 2.921472
v -30.990203 2.470593 3.190496
v -31.127967 2.387983 3.523818
v -31.147255 2.304463 3.860851
v -31.075945 2.233627 4.164012
v -30.947414 2.18491 4.4208
v -30.780446 2.16028 4.633505
v -30.569675 2.146346 4.789447
v -30.319288 2.122052 4.852469
v -30.072448 2.098549 4.836413
v -29.841421 2.118264 4.814186
v -29.590572 2.190879 4.789852
v -29.323459 2.284343 4.697458
v -29.08981 2.369189 4.502744
v -28.942003 2.43 4.222226
v -28.909502 2.461959 3.901247
v -28.988207 2.472071 3.588196
v -29.159627 2.467645 3.317851
v -29.441619 2.559828 3.54675
v -29.602779 2.560354 3.395912
v -29.798947 2.571137 3.286467
v -30.024419 2.601258 3.218392
v -30.274509 2.637439 3.209511
v -30.522331 2.651851 3.286622
v -30.72251 2.628104 3.452416
v -30.840414 2.571183 3.676687
v -30.868478 2.497432 3.91711
v -30.819977 2.422571 4.139791
v -30.714659 2.355456 4.325098
v -30.569621 2.296968 4.462374
v -30.401132 2.244905 4.54554
v -30.228928 2.204481 4.579955
v -30.06603 2.192432 4.587371
v -29.905543 2.222312 4.584743
v -29.735194 2.287624 4.5604
v -29.562149 2.367132 4.487605
v -29.412428 2.441258 4.353277
v -29.31429 2.498807 4.166594
v -29.28583 2.536048 3.951684
v -29.330883 2.554748 3.736952
v -29.441619 2.559828 3.54675
v -29.759851 2.551976 3.805066
v -29.837004 2.561837 3.729653
v -29.934076 2.571046 3.678208
v -30.044185 2.580855 3.655058
v -30.159137 2.58881 3.663847
v -30.268086 2.589562 3.706556
v -30.358184 2.578022 3.780822
v -30.417957 2.552324 3.878405
v -30.441008 2.514481 3.986724
v -30.427452 2.469044 4.092397
v -30.382815 2.421419 4.184482
v -30.315729 2.377053 4.256284
v -30.235442 2.341531 4.305773
v -30.149433 2.320453 4.334638
v -30.06184 2.318059 4.345709
v -29.974123 2.335039 4.339781
v -29.888041 2.367542 4.314469
v -29.80842 2.408561 4.266419
v -29.743223 2.450629 4.194898
v -29.701161 2.487968 4.103865
v -29.688826 2.517367 4.001566
v -29.708894 2.538185 3.89851
v -29.759851 2.551976 3.805066
v -30.056171 2.466188 4.045596
v -30.056171 2.466188 4.045596
v -30.056171 2.466188 4.045596
v -30.056171 2.466188 4.045596
v -30.056171 2.466188 4.045596
v -30.056171 2.466188 4.045596
v -30.056171 2.466188 4.045596
v -30.056171 2.466188 4.045596
v -30.056171 2.466188 4.045596
v -30.056171 2.466188 4.045596
v -30.056171 2.466188 4.045596
v -30.056171 2.466188 4.045596
v -30.056171 2.466188 4.045596
v -30.056171 2.466188 4.045596
v -30.056171 2.466188 4.045596
v -30.056171 2.466188 4.045596
v -30.056171 2.466188 4.045596
v -30.056171 2.466188 4.045596
v -30.056171 2.466188 4.045596
v -30.056171 2.466188 4.045596
v -30.056171 2.466188 4.045596
v -30.056171 2.466188 4.045596
v -30.056171 2.466188 4.045596
usemtl rock_0
f 2 25 24
f 3 26 25
f 4 27 26
f 5 28 27
f 6 29 28
f 7 30 29
f 8 31 30
f 9 32 31
f 10 33 32
f 11 34 33
f 12 35 34
f 13 36 35
f 14 37 36
f 15 38 37
f 16 39 38
f 17 40 39
f 18 41 40
f 19 42 41
f 20 43 42
f 21 44 43
f 22 45 44
f 23 46 45
f 24 25 47
f 25 48 47
f 25 26 48
f 26 49 48
f 26 27 49
f 27 50 49
f 27 28 50
f 28 51 50
f 28 29 51
f 29 52 51
f 29 30 52
f 30 53 52
f 30 31 53
f 31 54 53
f 31 32 54
f 32 55 54
f 32 33 55
f 33 56 55
f 33 34 56
f 34 57 56
f 34 35 57
f 35 58 57
f 35 36 58
f 36 59 58
f 36 37 59
f 37 60 59
f 37 38 60
f 38 61 60
f 38 39 61
f 39 62 61
f 39 40 62
f 40 63 62
f 40 41 63
f 41 64 63
f 41 42 64
f 42 65 64
f 42 43 65
f 43 66 65
f 43 44 66
f 44 67 66
f 44 45 67
f 45 68 67
f 45 46 68
f 46 69 68
f 47 48 70
f 48 71 70
f 48 49 71
f 49 72 71
f 49 50 72
f 50 73 72
f 50 51 73
f 51 74 73
f 51 52 74
f 52 75 74
f 52 53 75
f 53 76 75
f 53 54 76
f 54 77 76
f 54 55 77
f 55 78 77
f 55 56 78
f 56 79 78
f 56 57 79
f 57 80 79
f 57 58 80
f 58 81 80
f 58 59 81
f 59 82 81
f 59 60 82
f 60 83 82
f 60 61 83
f 61 84 83
f 61 62 84
f 62 85 84
f 62 63 85
f 63 86 85
f 63 64 86
f 64 87 86
f 64 65 87
f 65 88 87
f 65 66 88
f 66 89 88
f 66 67 89
f 67 90 89
f 67 68 90
f 68 91 90
f 68 69 91
f 69 92 91
f 70 71 93
f 71 94 93
f 71 72 94
f 72 95 94
f 72 73 95
f 73 96 95
f 73 74 96
f 74 97 96
f 74 75 97
f 75 98 97
f 75 76 98
f 76 99 98
f 76 77 99
f 77 100 99
f 77 78 100
f 78 101 100
f 78 79 101
f 79 102 101
f 79 80 102
f 80 103 102
f 80 81 103
f 81 104 103
f 81 82 104
f 82 105 104
f 82 83 105
f 83 106 105
f 83 84 106
f 84 107 106
f 84 85 107
f 85 108 107
f 85 86 108
f 86 109 108
f 86 87 109
f 87 110 109
f 87 88 110
f 88 111 110
f 88 89 111
f 89 112 111
f 89 90 112
f 90 113 112
f 90 91 113
f 91 114 113
f 91 92 114
f 92 115 114
f 93 94 116
f 94 117 116
f 94 95 117
f 95 118 117
f 95 96 118
f 96 119 118
f 96 97 119
f 97 120 119
f 97 98 120
f 98 121 120
f 98 99 121
f 99 122 121
f 99 100 122
f 100 123 122
f 100 101 123
f 101 124 123
f 101 102 124
f 102 125 124
f 102 103 125
f 103 126 125
f 103 104 126
f 104 127 126
f 104 105 127
f 105 128 127
f 105 106 128
f 106 129 128
f 106 107 129
f 107 130 129
f 107 108 130
f 108 131 130
f 108 109 131
f 109 132 131
f 109 110 132
f 110 133 132
f 110 111 133
f 111 134 133
f 111 112 134
f 112 135 134
f 112 113 135
f 113 136 135
f 113 114 136
f 114 137 136
f 114 115 137
f 115 138 137
f 116 117 139
f 117 140 139
f 117 118 140
f 118 141 140
f 118 119 141
f 119 142 141
f 119 120 142
f 120 143 142
f 120 121 143
f 121 144 143
f 121 122 144
f 122 145 144
f 122 123 145
f 123 146 145
f 123 124 146
f 124 147 146
f 124 125 147
f 125 148 147
f 125 126 148
f 126 149 148
f 126 127 149
f 127 150 149
f 127 128 150
f 128 151 150
f 128 129 151
f 129 152 151
f 129 130 152
f 130 153 152
f 130 131 153
f 131 154 153
f 131 132 154
f 132 155 154
f 132 133 155
f 133 156 155
f 133 134 156
f 134 157 156
f 134 135 157
f 135 158 157
f 135 136 158
f 136 159 158
f 136 137 159
f 137 160 159
f 137 138 160
f 138 161 160
f 139 140 162
f 140 163 162
f 140 141 163
f 141 164 163
f 141 142 164
f 142 165 164
f 142 143 165
f 143 166 165
f 143 144 166
f 144 167 166
f 144 145 167
f 145 168 167
f 145 146 168
f 146 169 168
f 146 147 169
f 147 170 169
f 147 148 170
f 148 171 170
f 148 149 171
f 149 172 171
f 149 150 172
f 150 173 172
f 150 151 173
f 151 174 173
f 151 152 174
f 152 175 174
f 152 153 175
f 153 176 175
f 153 154 176
f 154 177 176
f 154 155 177
f 155 178 177
f 155 156 178
f 156 179 178
f 156 157 179
f 157 180 179
f 157 158 180
f 158 181 180
f 158 159 181
f 159 182 181
f 159 160 182
f 160 183 182
f 160 161 183
f 161 184 183
f 162 163 185
f 163 186 185
f 163 164 186
f 164 187 186
f 164 165 187
f 165 188 187
f 165 166 188
f 166 189 188
f 166 167 189
f 167 190 189
f 167 168 190
f 168 191 190
f 168 169 191
f 169 192 191
f 169 170 192
f 170 193 192
f 170 171 193
f 171 194 193
f 171 172 194
f 172 195 194
f 172 173 195
f 173 196 195
f 173 174 196
f 174 197 196
f 174 175 197
f 175 198 197
f 175 176 198
f 176 199 198
f 176 177 199
f 177 200 199
f 177 178 200
f 178 201 200
f 178 179 201
f 179 202 201
f 179 180 202
f 180 203 202
f 180 181 203
f 181 204 203
f 181 182 204
f 182 205 204
f 182 183 205
f 183 206 205
f 183 184 206
f 184 207 206
f 185 186 208
f 186 209 208
f 186 187 209
f 187 210 209
f 187 188 210
f 188 211 210
f 188 189 211
f 189 212 211
f 189 190 212
f 190 213 212
f 190 191 213
f 191 214 213
f 191 192 214
f 192 215 214
f 192 193 215
f 193 216 215
f 193 194 216
f 194 217 216
f 194 195 217
f 195 218 217
f 195 196 218
f 196 219 218
f 196 197 219
f 197 220 219
f 197 198 220
f 198 221 220
f 198 199 221
f 199 222 221
f 199 200 222
f 200 223 222
f 200 201 223
f 201 224 223
f 201 202 224
f 202 225 224
f 202 203 225
f 203 226 225
f 203 204 226
f 204 227 226
f 204 205 227
f 205 228 227
f 205 206 228
f 206 229 228
f 206 207 229
f 207 230 229
f 208 209 231
f 209 232 231
f 209 210 232
f 210 233 232
f 210 211 233
f 211 234 233
f 211 212 234
f 212 235 234
f 212 213 235
f 213 236 235
f 213 214 236
f 214 237 236
f 214 215 237
f 215 238 237
f 215 216 238
f 216 239 238
f 216 217 239
f 217 240 239
f 217 218 240
f 218 241 240
f 218 219 241
f 219 242 241
f 219 220 242
f 220 243 242
f 220 221 243
f 221 244 243
f 221 222 244
f 222 245 244
f 222 223 245
f 223 246 245
f 223 224 246
f 224 247 246
f 224 225 247
f 225 248 247
f 225 226 248
f 226 249 248
f 226 227 249
f 227 250 249
f 227 228 250
f 228 251 250
f 228 229 251
f 229 252 251
f 229 230 252
f 230 253 252
f 231 232 254
f 232 255 254
f 232 233 255
f 233 256 255
f 233 234 256
f 234 257 256
f 234 235 257
f 235 258 257
f 235 236 258
f 236 259 258
f 236 237 259
f 237 260 259
f 237 238 260
f 238 261 260
f 238 239 261
f 239 262 261
f 239 240 262
f 240 263 262
f 240 241 263
f 241 264 263
f 241 242 264
f 242 265 264
f 242 243 265
f 243 266 265
f 243 244 266
f 244 267 266
f 244 245 267
f 245 268 267
f 245 246 268
f 246 269 268
f 246 247 269
f 247 270 269
f 247 248 270
f 248 271 270
f 248 249 271
f 249 272 271
f 249 250 272
f 250 273 272
f 250 251 273
f 251 274 273
f 251 252 274
f 252 275 274
f 252 253 275
f 253 276 275
f 254 255 277
f 255 278 277
f 255 256 278
f 256 279 278
f 256 257 279
f 257 280 279
f 257 258 280
f 258 281 280
f 258 259 281
f 259 282 281
f 259 260 282
f 260 283 282
f 260 261 283
f 261 284 283
f 261 262 284
f 262 285 284
f 262 263 285
f 263 286 285
f 263 264 286
f 264 287 286
f 264 265 287
f 265 288 287
f 265 266 288
f 266 289 288
f 266 267 289
f 267 290 289
f 267 268 290
f 268 291 290
f 268 269 291
f 269 292 291
f 269 270 292
f 270 293 292
f 270 271 293
f 271 294 293
f 271 272 294
f 272 295 294
f 272 273 295
f 273 296 295
f 273 274 296
f 274 297 296
f 274 275 297
f 275 298 297
f 275 276 298
f 276 299 298
f 277 278 300
f 278 301 300
f 278 279 301
f 279 302 301
f 279 280 302
f 280 303 302
f 280 281 303
f 281 304 303
f 281 282 304
f 282 305 304
f 282 283 305
f 283 306 305
f 283 284 306
f 284 307 306
f 284 285 307
f 285 308 307
f 285 286 308
f 286 309 308
f 286 287 309
f 287 310 309
f 287 288 310
f 288 311 310
f 288 289 311
f 289 312 311
f 289 290 312
f 290 313 312
f 290 291 313
f 291 314 313
f 291 292 314
f 292 315 314
f 292 293 315
f 293 316 315
f 293 294 316
f 294 317 316
f 294 295 317
f 295 318 317
f 295 296 318
f 296 319 318
f 296 297 319
f 297 320 319
f 297 298 320
f 298 321 320
f 298 299 321
f 299 322 321
f 300 301 323
f 301 302 324
f 302 303 325
f 303 304 326
f 304 305 327
f 305 306 328
f 306 307 329
f 307 308 330
f 308 309 331
f 309 310 332
f 310 311 333
f 311 312 334
f 312 313 335
f 313 314 336
f 314 315 337
f 315 316 338
f 316 317 339
f 317 318 340
f 318 319 341
f 319 320 342
f 320 321 343
f 321 322 344
usemtl rock_1
f 347 370 369
f 348 371 370
f 349 372 371
f 350 373 372
f 351 374 373
f 352 375 374
f 353 376 375
f 354 377 376
f 355 378 377
f 356 379 378
f 357 380 379
f 358 381 380
f 359 382 381
f 360 383 382
f 361 384 383
f 362 385 384
f 363 386 385
f 364 387 386
f 365 388 387
f 366 389 388
f 367 390 389
f 368 391 390
f 369 370 392
f 370 393 392
f 370 371 393
f 371 394 393
f 371 372 394
f 372 395 394
f 372 373 395
f 373 396 395
f 373 374 396
f 374 397 396
f 374 375 397
f 375 398 397
f 375 376 398
f 376 399 398
f 376 377 399
f 377 400 399
f 377 378 400
f 378 401 400
f 378 379 401
f 379 402 401
f 379 380 402
f 380 403 402
f 380 381 403
f 381 404 403
f 381 382 404
f 382 405 404
f 382 383 405
f 383 406 405
f 383 384 406
f 384 407 406
f 384 385 407
f 385 408 407
f 385 386 408
f 386 409 408
f 386 387 409
f 387 410 409
f 387 388 410
f 388 411 410
f 388 389 411
f 389 412 411
f 389 390 412
f 390 413 412
f 390 391 413
f 391 414 413
f 392 393 415
f 393 416 415
f 393 394 416
f 394 417 416
f 394 395 417
f 395 418 417
f 395 396 418
f 396 419 418
f 396 397 419
f 397 420 419
f 397 398 420
f 398 421 420
f 398 399 421
f 399 422 421
f 399 400 422
f 400 423 422
f 400 401 423
f 401 424 423
f 401 402 424
f 402 425 424
f 402 403 425
f 403 426 425
f 403 404 426
f 404 427 426
f 404 405 427
f 405 428 427
f 405 406 428
f 406 429 428
f 406 407 429
f 407 430 429
f 407 408 430
f 408 431 430
f 408 409 431
f 409 432 431
f 409 410 432
f 410 433 432
f 410 411 433
f 411 434 433
f 411 412 434
f 412 435 434
f 412 413 435
f 413 436 435
f 413 414 436
f 414 437 436
f 415 416 438
f 416 439 438
f 416 417 439
f 417 440 439
f 417 418 440
f 418 441 440
f 418 419 441
f 419 442 441
f 419 420 442
f 420 443 442
f 420 421 443
f 421 444 443
f 421 422 444
f 422 445 444
f 422 423 445
f 423 446 445
f 423 424 446
f 424 447 446
f 424 425 447
f 425 448 447
f 425 426 448
f 426 449 448
f 426 427 449
f 427 450 449
f 427 428 450
f 428 451 450
f 428 429 451
f 429 452 451
f 429 430 452
f 430 453 452
f 430 431 453
f 431 454 453
f 431 432 454
f 432 455 454
f 432 433 455
f 433 456 455
f 433 434 456
f 434 457 456
f 434 435 457
f 435 458 457
f 435 436 458
f 436 459 458
f 436 437 459
f 437 460 459
f 438 439 461
f 439 462 461
f 439 440 462
f 440 463 462
f 440 441 463
f 441 464 463
f 441 442 464
f 442 465 464
f 442 443 465
f 443 466 465
f 443 444 466
f 444 467 466
f 444 445 467
f 445 468 467
f 445 446 468
f 446 469 468
f 446 447 469
f 447 470 469
f 447 448 470
f 448 471 470
f 448 449 471
f 449 472 471
f 449 450 472
f 450 473 472
f 450 451 473
f 451 474 473
f 451 452 474
f 452 475 474
f 452 453 475
f 453 476 475
f 453 454 476
f 454 477 476
f 454 455 477
f 455 478 477
f 455 456 478
f 456 479 478
f 456 457 479
f 457 480 479
f 457 458 480
f 458 481 480
f 458 459 481
f 459 482 481
f 459 460 482
f 460 483 482
f 461 462 484
f 462 485 484
f 462 463 485
f 463 486 485
f 463 464 486
f 464 487 486
f 464 465 487
f 465 488 487
f 465 466 488
f 466 489 488
f 466 467 489
f 467 490 489
f 467 468 490
f 468 491 490
f 468 469 491
f 469 492 491
f 469 470 492
f 470 493 492
f 470 471 493
f 471 494 493
f 471 472 494
f 472 495 494
f 472 473 495
f 473 496 495
f 473 474 496
f 474 497 496
f 474 475 497
f 475 498 497
f 475 476 498
f 476 499 498
f 476 477 499
f 477 500 499
f 477 478 500
f 478 501 500
f 478 479 501
f 479 502 501
f 479 480 502
f 480 503 502
f 480 481 503
f 481 504 503
f 481 482 504
f 482 505 504
f 482 483 505
f 483 506 505
f 484 485 507
f 485 508 507
f 485 486 508
f 486 509 508
f 486 487 509
f 487 510 509
f 487 488 510
f 488 511 510
f 488 489 511
f 489 512 511
f 489 490 512
f 490 513 512
f 490 491 513
f 491 514 513
f 491 492 514
f 492 515 514
f 492 493 515
f 493 516 515
f 493 494 516
f 494 517 516
f 494 495 517
f 495 518 517
f 495 496 518
f 496 519 518
f 496 497 519
f 497 520 519
f 497 498 520
f 498 521 520
f 498 499 521
f 499 522 521
f 499 500 522
f 500 523 522
f 500 501 523
f 501 524 523
f 501 502 524
f 502 525 524
f 502 503 525
f 503 526 525
f 503 504 526
f 504 527 526
f 504 505 527
f 505 528 527
f 505 506 528
f 506 529 528
f 507 508 530
f 508 531 530
f 508 509 531
f 509 532 531
f 509 510 532
f 510 533 532
f 510 511 533
f 511 534 533
f 511 512 534
f 512 535 534
f 512 513 535
f 513 536 535
f 513 514 536
f 514 537 536
f 514 515 537
f 515 538 537
f 515 516 538
f 516 539 538
f 516 517 539
f 517 540 539
f 517 518 540
f 518 541 540
f 518 519 541
f 519 542 541
f 519 520 542
f 520 543 542
f 520 521 543
f 521 544 543
f 521 522 544
f 522 545 544
f 522 523 545
f 523 546 545
f 523 524 546
f 524 547 546
f 524 525 547
f 525 548 547
f 525 526 548
f 526 549 548
f 526 527 549
f 527 550 549
f 527 528 550
f 528 551 550
f 528 529 551
f 529 552 551
f 530 531 553
f 531 554 553
f 531 532 554
f 532 555 554
f 532 533 555
f 533 556 555
f 533 534 556
f 534 557 556
f 534 535 557
f 535 558 557
f 535 536 558
f 536 559 558
f 536 537 559
f 537 560 559
f 537 538 560
f 538 561 560
f 538 539 561
f 539 562 561
f 539 540 562
f 540 563 562
f 540 541 563
f 541 564 563
f 541 542 564
f 542 565 564
f 542 543 565
f 543 566 565
f 543 544 566
f 544 567 566
f 544 545 567
f 545 568 567
f 545 546 568
f 546 569 568
f 546 547 569
f 547 570 569
f 547 548 570
f 548 571 570
f 548 549 571
f 549 572 571
f 549 550 572
f 550 573 572
f 550 551 573
f 551 574 573
f 551 552 574
f 552 575 574
f 553 554 576
f 554 577 576
f 554 555 577
f 555 578 577
f 555 556 578
f 556 579 578
f 556 557 579
f 557 580 579
f 557 558 580
f 558 581 580
f 558 559 581
f 559 582 581
f 559 560 582
f 560 583 582
f 560 561 583
f 561 584 583
f 561 562 584
f 562 585 584
f 562 563 585
f 563 586 585
f 563 564 586
f 564 587 586
f 564 565 587
f 565 588 587
f 565 566 588
f 566 589 588
f 566 567 589
f 567 590 589
f 567 568 590
f 568 591 590
f 568 569 591
f 569 592 591
f 569 570 592
f 570 593 592
f 570 571 593
f 571 594 593
f 571 572 594
f 572 595 594
f 572 573 595
f 573 596 595
f 573 574 596
f 574 597 596
f 574 575 597
f 575 598 597
f 576 577 599
f 577 600 599
f 577 578 600
f 578 601 600
f 578 579 601
f 579 602 601
f 579 580 602
f 580 603 602
f 580 581 603
f 581 604 603
f 581 582 604
f 582 605 604
f 582 583 605
f 583 606 605
f 583 584 606
f 584 607 606
f 584 585 607
f 585 608 607
f 585 586 608
f 586 609 608
f 586 587 609
f 587 610 609
f 587 588 610
f 588 611 610
f 588 589 611
f 589 612 611
f 589 590 612
f 590 613 612
f 590 591 613
f 591 614 613
f 591 592 614
f 592 615 614
f 592 593 615
f 593 616 615
f 593 594 616
f 594 617 616
f 594 595 617
f 595 618 617
f 595 596 618
f 596 619 618
f 596 597 619
f 597 620 619
f 597 598 620
f 598 621 620
f 599 600 622
f 600 623 622
f 600 601 623
f 601 624 623
f 601 602 624
f 602 625 624
f 602 603 625
f 603 626 625
f 603 604 626
f 604 627 626
f 604 605 627
f 605 628 627
f 605 606 628
f 606 629 628
f 606 607 629
f 607 630 629
f 607 608 630
f 608 631 630
f 608 609 631
f 609 632 631
f 609 610 632
f 610 633 632
f 610 611 633
f 611 634 633
f 611 612 634
f 612 635 634
f 612 613 635
f 613 636 635
f 613 614 636
f 614 637 636
f 614 615 637
f 615 638 637
f 615 616 638
f 616 639 638
f 616 617 639
f 617 640 639
f 617 618 640
f 618 641 640
f 618 619 641
f 619 642 641
f 619 620 642
f 620 643 642
f 620 621 643
f 621 644 643
f 622 623 645
f 623 646 645
f 623 624 646
f 624 647 646
f 624 625 647
f 625 648 647
f 625 626 648
f 626 649 648
f 626 627 649
f 627 650 649
f 627 628 650
f 628 651 650
f 628 629 651
f 629 652 651
f 629 630 652
f 630 653 652
f 630 631 653
f 631 654 653
f 631 632 654
f 632 655 654
f 632 633 655
f 633 656 655
f 633 634 656
f 634 657 656
f 634 635 657
f 635 658 657
f 635 636 658
f 636 659 658
f 636 637 659
f 637 660 659
f 637 638 660
f 638 661 660
f 638 639 661
f 639 662 661
f 639 640 662
f 640 663 662
f 640 641 663
f 641 664 663
f 641 642 664
f 642 665 664
f 642 643 665
f 643 666 665
f 643 644 666
f 644 667 666
f 645 646 668
f 646 647 669
f 647 648 670
f 648 649 671
f 649 650 672
f 650 651 673
f 651 652 674
f 652 653 675
f 653 654 676
f 654 655 677
f 655 656 678
f 656 657 679
f 657 658 680
f 658 659 681
f 659 660 682
f 660 661 683
f 661 662 684
f 662 663 685
f 663 664 686
f 664 665 687
f 665 666 688
f 666 667 689
usemtl rock_2
f 692 715 714
f 693 716 715
f 694 717 716
f 695 718 717
f 696 719 718
f 697 720 719
f 698 721 720
f 699 722 721
f 700 723 722
f 701 724 723
f 702 725 724
f 703 726 725
f 704 727 726
f 705 728 727
f 706 729 728
f 707 730 729
f 708 731 730
f 709 732 731
f 710 733 732
f 711 734 733
f 712 735 734
f 713 736 735
f 714 715 737
f 715 738 737
f 715 716 738
f 716 739 738
f 716 717 739
f 717 740 739
f 717 718 740
f 718 741 740
f 718 719 741
f 719 742 741
f 719 720 742
f 720 743 742
f 720 721 743
f 721 744 743
f 721 722 744
f 722 745 744
f 722 723 745
f 723 746 745
f 723 724 746
f 724 747 746
f 724 725 747
f 725 748 747
f 725 726 748
f 726 749 748
f 726 727 749
f 727 750 749
f 727 728 750
f 728 751 750
f 728 729 751
f 729 752 751
f 729 730 752
f 730 753 752
f 730 731 753
f 731 754 753
f 731 732 754
f 732 755 754
f 732 733 755
f 733 756 755
f 733 734 756
f 734 757 756
f 734 735 757
f 735 758 757
f 735 736 758
f 736 759 758
f 737 738 760
f 738 761 760
f 738 739 761
f 739 762 761
f 739 740 762
f 740 763 762
f 740 741 763
f 741 764 763
f 741 742 764
f 742 765 764
f 742 743 765
f 743 766 765
f 743 744 766
f 744 767 766
f 744 745 767
f 745 768 767
f 745 746 768
f 746 769 768
f 746 747 769
f 747 770 769
f 747 748 770
f 748 771 770
f 748 749 771
f 749 772 771
f 749 750 772
f 750 773 772
f 750 751 773
f 751 774 773
f 751 752 774
f 752 775 774
f 752 753 775
f 753 776 775
f 753 754 776
f 754 777 776
f 754 755 777
f 755 778 777
f 755 756 778
f 756 779 778
f 756 757 779
f 757 780 779
f 757 758 780
f 758 781 780
f 758 759 781
f 759 782 781
f 760 761 783
f 761 784 783
f 761 762 784
f 762 785 784
f 762 763 785
f 763 786 785
f 763 764 786
f 764 787 786
f 764 765 787
f 765 788 787
f 765 766 788
f 766 789 788
f 766 767 789
f 767 790 789
f 767 768 790
f 768 791 790
f 768 769 791
f 769 792 791
f 769 770 792
f 770 793 792
f 770 771 793
f 771 794 793
f 771 772 794
f 772 795 794
f 772 773 795
f 773 796 795
f 773 774 796
f 774 797 796
f 774 775 797
f 775 798 797
f 775 776 798
f 776 799 798
f 776 777 799
f 777 800 799
f 777 778 800
f 778 801 800
f 778 779 801
f 779 802 801
f 779 780 802
f 780 803 802
f 780 781 803
f 781 804 803
f 781 782 804
f 782 805 804
f 783 784 806
f 784 807 806
f 784 785 807
f 785 808 807
f 785 786 808
f 786 809 808
f 786 787 809
f 787 810 809
f 787 788 810
f 788 811 810
f 788 789 811
f 789 812 811
f 789 790 812
f 790 813 812
f 790 791 813
f 791 814 813
f 791 792 814
f 792 815 814
f 792 793 815
f 793 816 815
f 793 794 816
f 794 817 816
f 794 795 817
f 795 818 817
f 795 796 818
f 796 819 818
f 796 797 819
f 797 820 819
f 797 798 820
f 798 821 820
f 798 799 821
f 799 822 821
f 799 800 822
f 800 823 822
f 800 801 823
f 801 824 823
f 801 802 824
f 802 825 824
f 802 803 825
f 803 826 825
f 803 804 826
f 804 827 826
f 804 805 827
f 805 828 827
f 806 807 829
f 807 830 829
f 807 808 830
f 808 831 830
f 808 809 831
f 809 832 831
f 809 810 832
f 810 833 832
f 810 811 833
f 811 834 833
f 811 812 834
f 812 835 834
f 812 813 835
f 813 836 835
f 813 814 836
f 814 837 836
f 814 815 837
f 815 838 837
f 815 816 838
f 816 839 838
f 816 817 839
f 817 840 839
f 817 818 840
f 818 841 840
f 818 819 841
f 819 842 841
f 819 820 842
f 820 843 842
f 820 821 843
f 821 844 843
f 821 822 844
f 822 845 844
f 822 823 845
f 823 846 845
f 823 824 846
f 824 847 846
f 824 825 847
f 825 848 847
f 825 826 848
f 826 849 848
f 826 827 849
f 827 850 849
f 827 828 850
f 828 851 850
f 829 830 852
f 830 853 852
f 830 831 853
f 831 854 853
f 831 832 854
f 832 855 854
f 832 833 855
f 833 856 855
f 833 834 856
f 834 857 856
f 834 835 857
f 835 858 857
f 835 836 858
f 836 859 858
f 836 837 859
f 837 860 859
f 837 838 860
f 838 861 860
f 838 839 861
f 839 862 861
f 839 840 862
f 840 863 862
f 840 841 863
f 841 864 863
f 841 842 864
f 842 865 864
f 842 843 865
f 843 866 865
f 843 844 866
f 844 867 866
f 844 845 867
f 845 868 867
f 845 846 868
f 846 869 868
f 846 847 869
f 847 870 869
f 847 848 870
f 848 871 870
f 848 849 871
f 849 872 871
f 849 850 872
f 850 873 872
f 850 851 873
f 851 874 873
f 852 853 875
f 853 876 875
f 853 854 876
f 854 877 876
f 854 855 877
f 855 878 877
f 855 856 878
f 856 879 878
f 856 857 879
f 857 880 879
f 857 858 880
f 858 881 880
f 858 859 881
f 859 882 881
f 859 860 882
f 860 883 882
f 860 861 883
f 861 884 883
f 861 862 884
f 862 885 884
f 862 863 885
f 863 886 885
f 863 864 886
f 864 887 886
f 864 865 887
f 865 888 887
f 865 866 888
f 866 889 888
f 866 867 889
f 867 890 889
f 867 868 890
f 868 891 890
f 868 869 891
f 869 892 891
f 869 870 892
f 870 893 892
f 870 871 893
f 871 894 893
f 871 872 894
f 872 895 894
f 872 873 895
f 873 896 895
f 873 874 896
f 874 897 896
f 875 876 898
f 876 899 898
f 876 877 899
f 877 900 899
f 877 878 900
f 878 901 900
f 878 879 901
f 879 902 901
f 879 880 902
f 880 903 902
f 880 881 903
f 881 904 903
f 881 882 904
f 882 905 904
f 882 883 905
f 883 906 905
f 883 884 906
f 884 907 906
f 884 885 907
f 885 908 907
f 885 886 908
f 886 909 908
f 886 887 909
f 887 910 909
f 887 888 910
f 888 911 910
f 888 889 911
f 889 912 911
f 889 890 912
f 890 913 912
f 890 891 913
f 891 914 913
f 891 892 914
f 892 915 914
f 892 893 915
f 893 916 915
f 893 894 916
f 894 917 916
f 894 895 917
f 895 918 917
f 895 896 918
f 896 919 918
f 896 897 919
f 897 920 919
f 898 899 921
f 899 922 921
f 899 900 922
f 900 923 922
f 900 901 923
f 901 924 923
f 901 902 924
f 902 925 924
f 902 903 925
f 903 926 925
f 903 904 926
f 904 927 926
f 904 905 927
f 905 928 927
f 905 906 928
f 906 929 928
f 906 907 929
f 907 930 929
f 907 908 930
f 908 931 930
f 908 909 931
f 909 932 931
f 909 910 932
f 910 933 932
f 910 911 933
f 911 934 933
f 911 912 934
f 912 935 934
f 912 913 935
f 913 936 935
f 913 914 936
f 914 937 936
f 914 915 937
f 915 938 937
f 915 916 938
f 916 939 938
f 916 917 939
f 917 940 939
f 917 918 940
f 918 941 940
f 918 919 941
f 919 942 941
f 919 920 942
f 920 943 942
f 921 922 944
f 922 945 944
f 922 923 945
f 923 946 945
f 923 924 946
f 924 947 946
f 924 925 947
f 925 948 947
f 925 926 948
f 926 949 948
f 926 927 949
f 927 950 949
f 927 928 950
f 928 951 950
f 928 929 951
f 929 952 951
f 929 930 952
f 930 953 952
f 930 931 953
f 931 954 953
f 931 932 954
f 932 955 954
f 932 933 955
f 933 956 955
f 933 934 956
f 934 957 956
f 934 935 957
f 935 958 957
f 935 936 958
f 936 959 958
f 936 937 959
f 937 960 959
f 937 938 960
f 938 961 960
f 938 939 961
f 939 962 961
f 939 940 962
f 940 963 962
f 940 941 963
f 941 964 963
f 941 942 964
f 942 965 964
f 942 943 965
f 943 966 965
f 944 945 967
f 945 968 967
f 945 946 968
f 946 969 968
f 946 947 969
f 947 970 969
f 947 948 970
f 948 971 970
f 948 949 971
f 949 972 971
f 949 950 972
f 950 973 972
f 950 951 973
f 951 974 973
f 951 952 974
f 952 975 974
f 952 953 975
f 953 976 975
f 953 954 976
f 954 977 976
f 954 955 977
f 955 978 977
f 955 956 978
f 956 979 978
f 956 957 979
f 957 980 979
f 957 958 980
f 958 981 980
f 958 959 981
f 959 982 981
f 959 960 982
f 960 983 982
f 960 961 983
f 961 984 983
f 961 962 984
f 962 985 984
f 962 963 985
f 963 986 985
f 963 964 986
f 964 987 986
f 964 965 987
f 965 988 987
f 965 966 988
f 966 989 988
f 967 968 990
f 968 991 990
f 968 969 991
f 969 992 991
f 969 970 992
f 970 993 992
f 970 971 993
f 971 994 993
f 971 972 994
f 972 995 994
f 972 973 995
f 973 996 995
f 973 974 996
f 974 997 996
f 974 975 997
f 975 998 997
f 975 976 998
f 976 999 998
f 976 977 999
f 977 1000 999
f 977 978 1000
f 978 1001 1000
f 978 979 1001
f 979 1002 1001
f 979 980 1002
f 980 1003 1002
f 980 981 1003
f 981 1004 1003
f 981 982 1004
f 982 1005 1004
f 982 983 1005
f 983 1006 1005
f 983 984 1006
f 984 1007 1006
f 984 985 1007
f 985 1008 1007
f 985 986 1008
f 986 1009 1008
f 986 987 1009
f 987 1010 1009
f 987 988 1010
f 988 1011 1010
f 988 989 1011
f 989 1012 1011
f 990 991 1013
f 991 992 1014
f 992 993 1015
f 993 994 1016
f 994 995 1017
f 995 996 1018
f 996 997 1019
f 997 998 1020
f 998 999 1021
f 999 1000 1022
f 1000 1001 1023
f 1001 1002 1024
f 1002 1003 1025
f 1003 1004 1026
f 1004 1005 1027
f 1005 1006 1028
f 1006 1007 1029
f 1007 1008 1030
f 1008 1009 1031
f 1009 1010 1032
f 1010 1011 1033
f 1011 1012 1034
usemtl rock_0
f 1037 1060 1059
f 1038 1061 1060
f 1039 1062 1061
f 1040 1063 1062
f 1041 1064 1063
f 1042 1065 1064
f 1043 1066 1065
f 1044 1067 1066
f 1045 1068 1067
f 1046 1069 1068
f 1047 1070 1069
f 1048 1071 1070
f 1049 1072 1071
f 1050 1073 1072
f 1051 1074 1073
f 1052 1075 1074
f 1053 1076 1075
f 1054 1077 1076
f 1055 1078 1077
f 1056 1079 1078
f 1057 1080 1079
f 1058 1081 1080
f 1059 1060 1082
f 1060 1083 1082
f 1060 1061 1083
f 1061 1084 1083
f 1061 1062 1084
f 1062 1085 1084
f 1062 1063 1085
f 1063 1086 1085
f 1063 1064 1086
f 1064 1087 1086
f 1064 1065 1087
f 1065 1088 1087
f 1065 1066 1088
f 1066 1089 1088
f 1066 1067 1089
f 1067 1090 1089
f 1067 1068 1090
f 1068 1091 1090
f 1068 1069 1091
f 1069 1092 1091
f 1069 1070 1092
f 1070 1093 1092
f 1070 1071 1093
f 1071 1094 1093
f 1071 1072 1094
f 1072 1095 1094
f 1072 1073 1095
f 1073 1096 1095
f 1073 1074 1096
f 1074 1097 1096
f 1074 1075 1097
f 1075 1098 1097
f 1075 1076 1098
f 1076 1099 1098
f 1076 1077 1099
f 1077 1100 1099
f 1077 1078 1100
f 1078 1101 1100
f 1078 1079 1101
f 1079 1102 1101
f 1079 1080 1102
f 1080 1103 1102
f 1080 1081 1103
f 1081 1104 1103
f 1082 1083 1105
f 1083 1106 1105
f 1083 1084 1106
f 1084 1107 1106
f 1084 1085 1107
f 1085 1108 1107
f 1085 1086 1108
f 1086 1109 1108
f 1086 1087 1109
f 1087 1110 1109
f 1087 1088 1110
f 1088 1111 1110
f 1088 1089 1111
f 1089 1112 1111
f 1089 1090 1112
f 1090 1113 1112
f 1090 1091 1113
f 1091 1114 1113
f 1091 1092 1114
f 1092 1115 1114
f 1092 1093 1115
f 1093 1116 1115
f 1093 1094 1116
f 1094 1117 1116
f 1094 1095 1117
f 1095 1118 1117
f 1095 1096 1118
f 1096 1119 1118
f 1096 1097 1119
f 1097 1120 1119
f 1097 1098 1120
f 1098 1121 1120
f 1098 1099 1121
f 1099 1122 1121
f 1099 1100 1122
f 1100 1123 1122
f 1100 1101 1123
f 1101 1124 1123
f 1101 1102 1124
f 1102 1125 1124
f 1102 1103 1125
f 1103 1126 1125
f 1103 1104 1126
f 1104 1127 1126
f 1105 1106 1128
f 1106 1129 1128
f 1106 1107 1129
f 1107 1130 1129
f 1107 1108 1130
f 1108 1131 1130
f 1108 1109 1131
f 1109 1132 1131
f 1109 1110 1132
f 1110 1133 1132
f 1110 1111 1133
f 1111 1134 1133
f 1111 1112 1134
f 1112 1135 1134
f 1112 1113 1135
f 1113 1136 1135
f 1113 1114 1136
f 1114 1137 1136
f 1114 1115 1137
f 1115 1138 1137
f 1115 1116 1138
f 1116 1139 1138
f 1116 1117 1139
f 1117 1140 1139
f 1117 1118 1140
f 1118 1141 1140
f 1118 1119 1141
f 1119 1142 1141
f 1119 1120 1142
f 1120 1143 1142
f 1120 1121 1143
f 1121 1144 1143
f 1121 1122 1144
f 1122 1145 1144
f 1122 1123 1145
f 1123 1146 1145
f 1123 1124 1146
f 1124 1147 1146
f 1124 1125 1147
f 1125 1148 1147
f 1125 1126 1148
f 1126 1149 1148
f 1126 1127 1149
f 1127 1150 1149
f 1128 1129 1151
f 1129 1152 1151
f 1129 1130 1152
f 1130 1153 1152
f 1130 1131 1153
f 1131 1154 1153
f 1131 1132 1154
f 1132 1155 1154
f 1132 1133 1155
f 1133 1156 1155
f 1133 1134 1156
f 1134 1157 1156
f 1134 1135 1157
f 1135 1158 1157
f 1135 1136 1158
f 1136 1159 1158
f 1136 1137 1159
f 1137 1160 1159
f 1137 1138 1160
f 1138 1161 1160
f 1138 1139 1161
f 1139 1162 1161
f 1139 1140 1162
f 1140 1163 1162
f 1140 1141 1163
f 1141 1164 1163
f 1141 1142 1164
f 1142 1165 1164
f 1142 1143 1165
f 1143 1166 1165
f 1143 1144 1166
f 1144 1167 1166
f 1144 1145 1167
f 1145 1168 1167
f 1145 1146 1168
f 1146 1169 1168
f 1146 1147 1169
f 1147 1170 1169
f 1147 1148 1170
f 1148 1171 1170
f 1148 1149 1171
f 1149 1172 1171
f 1149 1150 1172
f 1150 1173 1172
f 1151 1152 1174
f 1152 1175 1174
f 1152 1153 1175
f 1153 1176 1175
f 1153 1154 1176
f 1154 1177 1176
f 1154 1155 1177
f 1155 1178 1177
f 1155 1156 1178
f 1156 1179 1178
f 1156 1157 1179
f 1157 1180 1179
f 1157 1158 1180
f 1158 1181 1180
f 1158 1159 1181
f 1159 1182 1181
f 1159 1160 1182
f 1160 1183 1182
f 1160 1161 1183
f 1161 1184 1183
f 1161 1162 1184
f 1162 1185 1184
f 1162 1163 1185
f 1163 1186 1185
f 1163 1164 1186
f 1164 1187 1186
f 1164 1165 1187
f 1165 1188 1187
f 1165 1166 1188
f 1166 1189 1188
f 1166 1167 1189
f 1167 1190 1189
f 1167 1168 1190
f 1168 1191 1190
f 1168 1169 1191
f 1169 1192 1191
f 1169 1170 1192
f 1170 1193 1192
f 1170 1171 1193
f 1171 1194 1193
f 1171 1172 1194
f 1172 1195 1194
f 1172 1173 1195
f 1173 1196 1195
f 1174 1175 1197
f 1175 1198 1197
f 1175 1176 1198
f 1176 1199 1198
f 1176 1177 1199
f 1177 1200 1199
f 1177 1178 1200
f 1178 1201 1200
f 1178 1179 1201
f 1179 1202 1201
f 1179 1180 1202
f 1180 1203 1202
f 1180 1181 1203
f 1181 1204 1203
f 1181 1182 1204
f 1182 1205 1204
f 1182 1183 1205
f 1183 1206 1205
f 1183 1184 1206
f 1184 1207 1206
f 1184 1185 1207
f 1185 1208 1207
f 1185 1186 1208
f 1186 1209 1208
f 1186 1187 1209
f 1187 1210 1209
f 1187 1188 1210
f 1188 1211 1210
f 1188 1189 1211
f 1189 1212 1211
f 1189 1190 1212
f 1190 1213 1212
f 1190 1191 1213
f 1191 1214 1213
f 1191 1192 1214
f 1192 1215 1214
f 1192 1193 1215
f 1193 1216 1215
f 1193 1194 1216
f 1194 1217 1216
f 1194 1195 1217
f 1195 1218 1217
f 1195 1196 1218
f 1196 1219 1218
f 1197 1198 1220
f 1198 1221 1220
f 1198 1199 1221
f 1199 1222 1221
f 1199 1200 1222
f 1200 1223 1222
f 1200 1201 1223
f 1201 1224 1223
f 1201 1202 1224
f 1202 1225 1224
f 1202 1203 1225
f 1203 1226 1225
f 1203 1204 1226
f 1204 1227 1226
f 1204 1205 1227
f 1205 1228 1227
f 1205 1206 1228
f 1206 1229 1228
f 1206 1207 1229
f 1207 1230 1229
f 1207 1208 1230
f 1208 1231 1230
f 1208 1209 1231
f 1209 1232 1231
f 1209 1210 1232
f 1210 1233 1232
f 1210 1211 1233
f 1211 1234 1233
f 1211 1212 1234
f 1212 1235 1234
f 1212 1213 1235
f 1213 1236 1235
f 1213 1214 1236
f 1214 1237 1236
f 1214 1215 1237
f 1215 1238 1237
f 1215 1216 1238
f 1216 1239 1238
f 1216 1217 1239
f 1217 1240 1239
f 1217 1218 1240
f 1218 1241 1240
f 1218 1219 1241
f 1219 1242 1241
f 1220 1221 1243
f 1221 1244 1243
f 1221 1222 1244
f 1222 1245 1244
f 1222 1223 1245
f 1223 1246 1245
f 1223 1224 1246
f 1224 1247 1246
f 1224 1225 1247
f 1225 1248 1247
f 1225 1226 1248
f 1226 1249 1248
f 1226 1227 1249
f 1227 1250 1249
f 1227 1228 1250
f 1228 1251 1250
f 1228 1229 1251
f 1229 1252 1251
f 1229 1230 1252
f 1230 1253 1252
f 1230 1231 1253
f 1231 1254 1253
f 1231 1232 1254
f 1232 1255 1254
f 1232 1233 1255
f 1233 1256 1255
f 1233 1234 1256
f 1234 1257 1256
f 1234 1235 1257
f 1235 1258 1257
f 1235 1236 1258
f 1236 1259 1258
f 1236 1237 1259
f 1237 1260 1259
f 1237 1238 1260
f 1238 1261 1260
f 1238 1239 1261
f 1239 1262 1261
f 1239 1240 1262
f 1240 1263 1262
f 1240 1241 1263
f 1241 1264 1263
f 1241 1242 1264
f 1242 1265 1264
f 1243 1244 1266
f 1244 1267 1266
f 1244 1245 1267
f 1245 1268 1267
f 1245 1246 1268
f 1246 1269 1268
f 1246 1247 1269
f 1247 1270 1269
f 1247 1248 1270
f 1248 1271 1270
f 1248 1249 1271
f 1249 1272 1271
f 1249 1250 1272
f 1250 1273 1272
f 1250 1251 1273
f 1251 1274 1273
f 1251 1252 1274
f 1252 1275 1274
f 1252 1253 1275
f 1253 1276 1275
f 1253 1254 1276
f 1254 1277 1276
f 1254 1255 1277
f 1255 1278 1277
f 1255 1256 1278
f 1256 1279 1278
f 1256 1257 1279
f 1257 1280 1279
f 1257 1258 1280
f 1258 1281 1280
f 1258 1259 1281
f 1259 1282 1281
f 1259 1260 1282
f 1260 1283 1282
f 1260 1261 1283
f 1261 1284 1283
f 1261 1262 1284
f 1262 1285 1284
f 1262 1263 1285
f 1263 1286 1285
f 1263 1264 1286
f 1264 1287 1286
f 1264 1265 1287
f 1265 1288 1287
f 1266 1267 1289
f 1267 1290 1289
f 1267 1268 1290
f 1268 1291 1290
f 1268 1269 1291
f 1269 1292 1291
f 1269 1270 1292
f 1270 1293 1292
f 1270 1271 1293
f 1271 1294 1293
f 1271 1272 1294
f 1272 1295 1294
f 1272 1273 1295
f 1273 1296 1295
f 1273 1274 1296
f 1274 1297 1296
f 1274 1275 1297
f 1275 1298 1297
f 1275 1276 1298
f 1276 1299 1298
f 1276 1277 1299
f 1277 1300 1299
f 1277 1278 1300
f 1278 1301 1300
f 1278 1279 1301
f 1279 1302 1301
f 1279 1280 1302
f 1280 1303 1302
f 1280 1281 1303
f 1281 1304 1303
f 1281 1282 1304
f 1282 1305 1304
f 1282 1283 1305
f 1283 1306 1305
f 1283 1284 1306
f 1284 1307 1306
f 1284 1285 1307
f 1285 1308 1307
f 1285 1286 1308
f 1286 1309 1308
f 1286 1287 1309
f 1287 1310 1309
f 1287 1288 1310
f 1288 1311 1310
f 1289 1290 1312
f 1290 1313 1312
f 1290 1291 1313
f 1291 1314 1313
f 1291 1292 1314
f 1292 1315 1314
f 1292 1293 1315
f 1293 1316 1315
f 1293 1294 1316
f 1294 1317 1316
f 1294 1295 1317
f 1295 1318 1317
f 1295 1296 1318
f 1296 1319 1318
f 1296 1297 1319
f 1297 1320 1319
f 1297 1298 1320
f 1298 1321 1320
f 1298 1299 1321
f 1299 1322 1321
f 1299 1300 1322
f 1300 1323 1322
f 1300 1301 1323
f 1301 1324 1323
f 1301 1302 1324
f 1302 1325 1324
f 1302 1303 1325
f 1303 1326 1325
f 1303 1304 1326
f 1304 1327 1326
f 1304 1305 1327
f 1305 1328 1327
f 1305 1306 1328
f 1306 1329 1328
f 1306 1307 1329
f 1307 1330 1329
f 1307 1308 1330
f 1308 1331 1330
f 1308 1309 1331
f 1309 1332 1331
f 1309 1310 1332
f 1310 1333 1332
f 1310 1311 1333
f 1311 1334 1333
f 1312 1313 1335
f 1313 1336 1335
f 1313 1314 1336
f 1314 1337 1336
f 1314 1315 1337
f 1315 1338 1337
f 1315 1316 1338
f 1316 1339 1338
f 1316 1317 1339
f 1317 1340 1339
f 1317 1318 1340
f 1318 1341 1340
f 1318 1319 1341
f 1319 1342 1341
f 1319 1320 1342
f 1320 1343 1342
f 1320 1321 1343
f 1321 1344 1343
f 1321 1322 1344
f 1322 1345 1344
f 1322 1323 1345
f 1323 1346 1345
f 1323 1324 1346
f 1324 1347 1346
f 1324 1325 1347
f 1325 1348 1347
f 1325 1326 1348
f 1326 1349 1348
f 1326 1327 1349
f 1327 1350 1349
f 1327 1328 1350
f 1328 1351 1350
f 1328 1329 1351
f 1329 1352 1351
f 1329 1330 1352
f 1330 1353 1352
f 1330 1331 1353
f 1331 1354 1353
f 1331 1332 1354
f 1332 1355 1354
f 1332 1333 1355
f 1333 1356 1355
f 1333 1334 1356
f 1334 1357 1356
f 1335 1336 1358
f 1336 1337 1359
f 1337 1338 1360
f 1338 1339 1361
f 1339 1340 1362
f 1340 1341 1363
f 1341 1342 1364
f 1342 1343 1365
f 1343 1344 1366
f 1344 1345 1367
f 1345 1346 1368
f 1346 1347 1369
f 1347 1348 1370
f 1348 1349 1371
f 1349 1350 1372
f 1350 1351 1373
f 1351 1352 1374
f 1352 1353 1375
f 1353 1354 1376
f 1354 1355 1377
f 1355 1356 1378
f 1356 1357 1379
usemtl rock_1
f 1382 1405 1404
f 1383 1406 1405
f 1384 1407 1406
f 1385 1408 1407
f 1386 1409 1408
f 1387 1410 1409
f 1388 1411 1410
f 1389 1412 1411
f 1390 1413 1412
f 1391 1414 1413
f 1392 1415 1414
f 1393 1416 1415
f 1394 1417 1416
f 1395 1418 1417
f 1396 1419 1418
f 1397 1420 1419
f 1398 1421 1420
f 1399 1422 1421
f 1400 1423 1422
f 1401 1424 1423
f 1402 1425 1424
f 1403 1426 1425
f 1404 1405 1427
f 1405 1428 1427
f 1405 1406 1428
f 1406 1429 1428
f 1406 1407 1429
f 1407 1430 1429
f 1407 1408 1430
f 1408 1431 1430
f 1408 1409 1431
f 1409 1432 1431
f 1409 1410 1432
f 1410 1433 1432
f 1410 1411 1433
f 1411 1434 1433
f 1411 1412 1434
f 1412 1435 1434
f 1412 1413 1435
f 1413 1436 1435
f 1413 1414 1436
f 1414 1437 1436
f 1414 1415 1437
f 1415 1438 1437
f 1415 1416 1438
f 1416 1439 1438
f 1416 1417 1439
f 1417 1440 1439
f 1417 1418 1440
f 1418 1441 1440
f 1418 1419 1441
f 1419 1442 1441
f 1419 1420 1442
f 1420 1443 1442
f 1420 1421 1443
f 1421 1444 1443
f 1421 1422 1444
f 1422 1445 1444
f 1422 1423 1445
f 1423 1446 1445
f 1423 1424 1446
f 1424 1447 1446
f 1424 1425 1447
f 1425 1448 1447
f 1425 1426 1448
f 1426 1449 1448
f 1427 1428 1450
f 1428 1451 1450
f 1428 1429 1451
f 1429 1452 1451
f 1429 1430 1452
f 1430 1453 1452
f 1430 1431 1453
f 1431 1454 1453
f 1431 1432 1454
f 1432 1455 1454
f 1432 1433 1455
f 1433 1456 1455
f 1433 1434 1456
f 1434 1457 1456
f 1434 1435 1457
f 1435 1458 1457
f 1435 1436 1458
f 1436 1459 1458
f 1436 1437 1459
f 1437 1460 1459
f 1437 1438 1460
f 1438 1461 1460
f 1438 1439 1461
f 1439 1462 1461
f 1439 1440 1462
f 1440 1463 1462
f 1440 1441 1463
f 1441 1464 1463
f 1441 1442 1464
f 1442 1465 1464
f 1442 1443 1465
f 1443 1466 1465
f 1443 1444 1466
f 1444 1467 1466
f 1444 1445 1467
f 1445 1468 1467
f 1445 1446 1468
f 1446 1469 1468
f 1446 1447 1469
f 1447 1470 1469
f 1447 1448 1470
f 1448 1471 1470
f 1448 1449 1471
f 1449 1472 1471
f 1450 1451 1473
f 1451 1474 1473
f 1451 1452 1474
f 1452 1475 1474
f 1452 1453 1475
f 1453 1476 1475
f 1453 1454 1476
f 1454 1477 1476
f 1454 1455 1477
f 1455 1478 1477
f 1455 1456 1478
f 1456 1479 1478
f 1456 1457 1479
f 1457 1480 1479
f 1457 1458 1480
f 1458 1481 1480
f 1458 1459 1481
f 1459 1482 1481
f 1459 1460 1482
f 1460 1483 1482
f 1460 1461 1483
f 1461 1484 1483
f 1461 1462 1484
f 1462 1485 1484
f 1462 1463 1485
f 1463 1486 1485
f 1463 1464 1486
f 1464 1487 1486
f 1464 1465 1487
f 1465 1488 1487
f 1465 1466 1488
f 1466 1489 1488
f 1466 1467 1489
f 1467 1490 1489
f 1467 1468 1490
f 1468 1491 1490
f 1468 1469 1491
f 1469 1492 1491
f 1469 1470 1492
f 1470 1493 1492
f 1470 1471 1493
f 1471 1494 1493
f 1471 1472 1494
f 1472 1495 1494
f 1473 1474 1496
f 1474 1497 1496
f 1474 1475 1497
f 1475 1498 1497
f 1475 1476 1498
f 1476 1499 1498
f 1476 1477 1499
f 1477 1500 1499
f 1477 1478 1500
f 1478 1501 1500
f 1478 1479 1501
f 1479 1502 1501
f 1479 1480 1502
f 1480 1503 1502
f 1480 1481 1503
f 1481 1504 1503
f 1481 1482 1504
f 1482 1505 1504
f 1482 1483 1505
f 1483 1506 1505
f 1483 1484 1506
f 1484 1507 1506
f 1484 1485 1507
f 1485 1508 1507
f 1485 1486 1508
f 1486 1509 1508
f 1486 1487 1509
f 1487 1510 1509
f 1487 1488 1510
f 1488 1511 1510
f 1488 1489 1511
f 1489 1512 1511
f 1489 1490 1512
f 1490 1513 1512
f 1490 1491 1513
f 1491 1514 1513
f 1491 1492 1514
f 1492 1515 1514
f 1492 1493 1515
f 1493 1516 1515
f 1493 1494 1516
f 1494 1517 1516
f 1494 1495 1517
f 1495 1518 1517
f 1496 1497 1519
f 1497 1520 1519
f 1497 1498 1520
f 1498 1521 1520
f 1498 1499 1521
f 1499 1522 1521
f 1499 1500 1522
f 1500 1523 1522
f 1500 1501 1523
f 1501 1524 1523
f 1501 1502 1524
f 1502 1525 1524
f 1502 1503 1525
f 1503 1526 1525
f 1503 1504 1526
f 1504 1527 1526
f 1504 1505 1527
f 1505 1528 1527
f 1505 1506 1528
f 1506 1529 1528
f 1506 1507 1529
f 1507 1530 1529
f 1507 1508 1530
f 1508 1531 1530
f 1508 1509 1531
f 1509 1532 1531
f 1509 1510 1532
f 1510 1533 1532
f 1510 1511 1533
f 1511 1534 1533
f 1511 1512 1534
f 1512 1535 1534
f 1512 1513 1535
f 1513 1536 1535
f 1513 1514 1536
f 1514 1537 1536
f 1514 1515 1537
f 1515 1538 1537
f 1515 1516 1538
f 1516 1539 1538
f 1516 1517 1539
f 1517 1540 1539
f 1517 1518 1540
f 1518 1541 1540
f 1519 1520 1542
f 1520 1543 1542
f 1520 1521 1543
f 1521 1544 1543
f 1521 1522 1544
f 1522 1545 1544
f 1522 1523 1545
f 1523 1546 1545
f 1523 1524 1546
f 1524 1547 1546
f 1524 1525 1547
f 1525 1548 1547
f 1525 1526 1548
f 1526 1549 1548
f 1526 1527 1549
f 1527 1550 1549
f 1527 1528 1550
f 1528 1551 1550
f 1528 1529 1551
f 1529 1552 1551
f 1529 1530 1552
f 1530 1553 1552
f 1530 1531 1553
f 1531 1554 1553
f 1531 1532 1554
f 1532 1555 1554
f 1532 1533 1555
f 1533 1556 1555
f 1533 1534 1556
f 1534 1557 1556
f 1534 1535 1557
f 1535 1558 1557
f 1535 1536 1558
f 1536 1559 1558
f 1536 1537 1559
f 1537 1560 1559
f 1537 1538 1560
f 1538 1561 1560
f 1538 1539 1561
f 1539 1562 1561
f 1539 1540 1562
f 1540 1563 1562
f 1540 1541 1563
f 1541 1564 1563
f 1542 1543 1565
f 1543 1566 1565
f 1543 1544 1566
f 1544 1567 1566
f 1544 1545 1567
f 1545 1568 1567
f 1545 1546 1568
f 1546 1569 1568
f 1546 1547 1569
f 1547 1570 1569
f 1547 1548 1570
f 1548 1571 1570
f 1548 1549 1571
f 1549 1572 1571
f 1549 1550 1572
f 1550 1573 1572
f 1550 1551 1573
f 1551 1574 1573
f 1551 1552 1574
f 1552 1575 1574
f 1552 1553 1575
f 1553 1576 1575
f 1553 1554 1576
f 1554 1577 1576
f 1554 1555 1577
f 1555 1578 1577
f 1555 1556 1578
f 1556 1579 1578
f 1556 1557 1579
f 1557 1580 1579
f 1557 1558 1580
f 1558 1581 1580
f 1558 1559 1581
f 1559 1582 1581
f 1559 1560 1582
f 1560 1583 1582
f 1560 1561 1583
f 1561 1584 1583
f 1561 1562 1584
f 1562 1585 1584
f 1562 1563 1585
f 1563 1586 1585
f 1563 1564 1586
f 1564 1587 1586
f 1565 1566 1588
f 1566 1589 1588
f 1566 1567 1589
f 1567 1590 1589
f 1567 1568 1590
f 1568 1591 1590
f 1568 1569 1591
f 1569 1592 1591
f 1569 1570 1592
f 1570 1593 1592
f 1570 1571 1593
f 1571 1594 1593
f 1571 1572 1594
f 1572 1595 1594
f 1572 1573 1595
f 1573 1596 1595
f 1573 1574 1596
f 1574 1597 1596
f 1574 1575 1597
f 1575 1598 1597
f 1575 1576 1598
f 1576 1599 1598
f 1576 1577 1599
f 1577 1600 1599
f 1577 1578 1600
f 1578 1601 1600
f 1578 1579 1601
f 1579 1602 1601
f 1579 1580 1602
f 1580 1603 1602
f 1580 1581 1603
f 1581 1604 1603
f 1581 1582 1604
f 1582 1605 1604
f 1582 1583 1605
f 1583 1606 1605
f 1583 1584 1606
f 1584 1607 1606
f 1584 1585 1607
f 1585 1608 1607
f 1585 1586 1608
f 1586 1609 1608
f 1586 1587 1609
f 1587 1610 1609
f 1588 1589 1611
f 1589 1612 1611
f 1589 1590 1612
f 1590 1613 1612
f 1590 1591 1613
f 1591 1614 1613
f 1591 1592 1614
f 1592 1615 1614
f 1592 1593 1615
f 1593 1616 1615
f 1593 1594 1616
f 1594 1617 1616
f 1594 1595 1617
f 1595 1618 1617
f 1595 1596 1618
f 1596 1619 1618
f 1596 1597 1619
f 1597 1620 1619
f 1597 1598 1620
f 1598 1621 1620
f 1598 1599 1621
f 1599 1622 1621
f 1599 1600 1622
f 1600 1623 1622
f 1600 1601 1623
f 1601 1624 1623
f 1601 1602 1624
f 1602 1625 1624
f 1602 1603 1625
f 1603 1626 1625
f 1603 1604 1626
f 1604 1627 1626
f 1604 1605 1627
f 1605 1628 1627
f 1605 1606 1628
f 1606 1629 1628
f 1606 1607 1629
f 1607 1630 1629
f 1607 1608 1630
f 1608 1631 1630
f 1608 1609 1631
f 1609 1632 1631
f 1609 1610 1632
f 1610 1633 1632
f 1611 1612 1634
f 1612 1635 1634
f 1612 1613 1635
f 1613 1636 1635
f 1613 1614 1636
f 1614 1637 1636
f 1614 1615 1637
f 1615 1638 1637
f 1615 1616 1638
f 1616 1639 1638
f 1616 1617 1639
f 1617 1640 1639
f 1617 1618 1640
f 1618 1641 1640
f 1618 1619 1641
f 1619 1642 1641
f 1619 1620 1642
f 1620 1643 1642
f 1620 1621 1643
f 1621 1644 1643
f 1621 1622 1644
f 1622 1645 1644
f 1622 1623 1645
f 1623 1646 1645
f 1623 1624 1646
f 1624 1647 1646
f 1624 1625 1647
f 1625 1648 1647
f 1625 1626 1648
f 1626 1649 1648
f 1626 1627 1649
f 1627 1650 1649
f 1627 1628 1650
f 1628 1651 1650
f 1628 1629 1651
f 1629 1652 1651
f 1629 1630 1652
f 1630 1653 1652
f 1630 1631 1653
f 1631 1654 1653
f 1631 1632 1654
f 1632 1655 1654
f 1632 1633 1655
f 1633 1656 1655
f 1634 1635 1657
f 1635 1658 1657
f 1635 1636 1658
f 1636 1659 1658
f 1636 1637 1659
f 1637 1660 1659
f 1637 1638 1660
f 1638 1661 1660
f 1638 1639 1661
f 1639 1662 1661
f 1639 1640 1662
f 1640 1663 1662
f 1640 1641 1663
f 1641 1664 1663
f 1641 1642 1664
f 1642 1665 1664
f 1642 1643 1665
f 1643 1666 1665
f 1643 1644 1666
f 1644 1667 1666
f 1644 1645 1667
f 1645 1668 1667
f 1645 1646 1668
f 1646 1669 1668
f 1646 1647 1669
f 1647 1670 1669
f 1647 1648 1670
f 1648 1671 1670
f 1648 1649 1671
f 1649 1672 1671
f 1649 1650 1672
f 1650 1673 1672
f 1650 1651 1673
f 1651 1674 1673
f 1651 1652 1674
f 1652 1675 1674
f 1652 1653 1675
f 1653 1676 1675
f 1653 1654 1676
f 1654 1677 1676
f 1654 1655 1677
f 1655 1678 1677
f 1655 1656 1678
f 1656 1679 1678
f 1657 1658 1680
f 1658 1681 1680
f 1658 1659 1681
f 1659 1682 1681
f 1659 1660 1682
f 1660 1683 1682
f 1660 1661 1683
f 1661 1684 1683
f 1661 1662 1684
f 1662 1685 1684
f 1662 1663 1685
f 1663 1686 1685
f 1663 1664 1686
f 1664 1687 1686
f 1664 1665 1687
f 1665 1688 1687
f 1665 1666 1688
f 1666 1689 1688
f 1666 1667 1689
f 1667 1690 1689
f 1667 1668 1690
f 1668 1691 1690
f 1668 1669 1691
f 1669 1692 1691
f 1669 1670 1692
f 1670 1693 1692
f 1670 1671 1693
f 1671 1694 1693
f 1671 1672 1694
f 1672 1695 1694
f 1672 1673 1695
f 1673 1696 1695
f 1673 1674 1696
f 1674 1697 1696
f 1674 1675 1697
f 1675 1698 1697
f 1675 1676 1698
f 1676 1699 1698
f 1676 1677 1699
f 1677 1700 1699
f 1677 1678 1700
f 1678 1701 1700
f 1678 1679 1701
f 1679 1702 1701
f 1680 1681 1703
f 1681 1682 1704
f 1682 1683 1705
f 1683 1684 1706
f 1684 1685 1707
f 1685 1686 1708
f 1686 1687 1709
f 1687 1688 1710
f 1688 1689 1711
f 1689 1690 1712
f 1690 1691 1713
f 1691 1692 1714
f 1692 1693 1715
f 1693 1694 1716
f 1694 1695 1717
f 1695 1696 1718
f 1696 1697 1719
f 1697 1698 1720
f 1698 1699 1721
f 1699 1700 1722
f 1700 1701 1723
f 1701 1702 1724
usemtl rock_2
f 1727 1750 1749
f 1728 1751 1750
f 1729 1752 1751
f 1730 1753 1752
f 1731 1754 1753
f 1732 1755 1754
f 1733 1756 1755
f 1734 1757 1756
f 1735 1758 1757
f 1736 1759 1758
f 1737 1760 1759
f 1738 1761 1760
f 1739 1762 1761
f 1740 1763 1762
f 1741 1764 1763
f 1742 1765 1764
f 1743 1766 1765
f 1744 1767 1766
f 1745 1768 1767
f 1746 1769 1768
f 1747 1770 1769
f 1748 1771 1770
f 1749 1750 1772
f 1750 1773 1772
f 1750 1751 1773
f 1751 1774 1773
f 1751 1752 1774
f 1752 1775 1774
f 1752 1753 1775
f 1753 1776 1775
f 1753 1754 1776
f 1754 1777 1776
f 1754 1755 1777
f 1755 1778 1777
f 1755 1756 1778
f 1756 1779 1778
f 1756 1757 1779
f 1757 1780 1779
f 1757 1758 1780
f 1758 1781 1780
f 1758 1759 1781
f 1759 1782 1781
f 1759 1760 1782
f 1760 1783 1782
f 1760 1761 1783
f 1761 1784 1783
f 1761 1762 1784
f 1762 1785 1784
f 1762 1763 1785
f 1763 1786 1785
f 1763 1764 1786
f 1764 1787 1786
f 1764 1765 1787
f 1765 1788 1787
f 1765 1766 1788
f 1766 1789 1788
f 1766 1767 1789
f 1767 1790 1789
f 1767 1768 1790
f 1768 1791 1790
f 1768 1769 1791
f 1769 1792 1791
f 1769 1770 1792
f 1770 1793 1792
f 1770 1771 1793
f 1771 1794 1793
f 1772 1773 1795
f 1773 1796 1795
f 1773 1774 1796
f 1774 1797 1796
f 1774 1775 1797
f 1775 1798 1797
f 1775 1776 1798
f 1776 1799 1798
f 1776 1777 1799
f 1777 1800 1799
f 1777 1778 1800
f 1778 1801 1800
f 1778 1779 1801
f 1779 1802 1801
f 1779 1780 1802
f 1780 1803 1802
f 1780 1781 1803
f 1781 1804 1803
f 1781 1782 1804
f 1782 1805 1804
f 1782 1783 1805
f 1783 1806 1805
f 1783 1784 1806
f 1784 1807 1806
f 1784 1785 1807
f 1785 1808 1807
f 1785 1786 1808
f 1786 1809 1808
f 1786 1787 1809
f 1787 1810 1809
f 1787 1788 1810
f 1788 1811 1810
f 1788 1789 1811
f 1789 1812 1811
f 1789 1790 1812
f 1790 1813 1812
f 1790 1791 1813
f 1791 1814 1813
f 1791 1792 1814
f 1792 1815 1814
f 1792 1793 1815
f 1793 1816 1815
f 1793 1794 1816
f 1794 1817 1816
f 1795 1796 1818
f 1796 1819 1818
f 1796 1797 1819
f 1797 1820 1819
f 1797 1798 1820
f 1798 1821 1820
f 1798 1799 1821
f 1799 1822 1821
f 1799 1800 1822
f 1800 1823 1822
f 1800 1801 1823
f 1801 1824 1823
f 1801 1802 1824
f 1802 1825 1824
f 1802 1803 1825
f 1803 1826 1825
f 1803 1804 1826
f 1804 1827 1826
f 1804 1805 1827
f 1805 1828 1827
f 1805 1806 1828
f 1806 1829 1828
f 1806 1807 1829
f 1807 1830 1829
f 1807 1808 1830
f 1808 1831 1830
f 1808 1809 1831
f 1809 1832 1831
f 1809 1810 1832
f 1810 1833 1832
f 1810 1811 1833
f 1811 1834 1833
f 1811 1812 1834
f 1812 1835 1834
f 1812 1813 1835
f 1813 1836 1835
f 1813 1814 1836
f 1814 1837 1836
f 1814 1815 1837
f 1815 1838 1837
f 1815 1816 1838
f 1816 1839 1838
f 1816 1817 1839
f 1817 1840 1839
f 1818 1819 1841
f 1819 1842 1841
f 1819 1820 1842
f 1820 1843 1842
f 1820 1821 1843
f 1821 1844 1843
f 1821 1822 1844
f 1822 1845 1844
f 1822 1823 1845
f 1823 1846 1845
f 1823 1824 1846
f 1824 1847 1846
f 1824 1825 1847
f 1825 1848 1847
f 1825 1826 1848
f 1826 1849 1848
f 1826 1827 1849
f 1827 1850 1849
f 1827 1828 1850
f 1828 1851 1850
f 1828 1829 1851
f 1829 1852 1851
f 1829 1830 1852
f 1830 1853 1852
f 1830 1831 1853
f 1831 1854 1853
f 1831 1832 1854
f 1832 1855 1854
f 1832 1833 1855
f 1833 1856 1855
f 1833 1834 1856
f 1834 1857 1856
f 1834 1835 1857
f 1835 1858 1857
f 1835 1836 1858
f 1836 1859 1858
f 1836 1837 1859
f 1837 1860 1859
f 1837 1838 1860
f 1838 1861 1860
f 1838 1839 1861
f 1839 1862 1861
f 1839 1840 1862
f 1840 1863 1862
f 1841 1842 1864
f 1842 1865 1864
f 1842 1843 1865
f 1843 1866 1865
f 1843 1844 1866
f 1844 1867 1866
f 1844 1845 1867
f 1845 1868 1867
f 1845 1846 1868
f 1846 1869 1868
f 1846 1847 1869
f 1847 1870 1869
f 1847 1848 1870
f 1848 1871 1870
f 1848 1849 1871
f 1849 1872 1871
f 1849 1850 1872
f 1850 1873 1872
f 1850 1851 1873
f 1851 1874 1873
f 1851 1852 1874
f 1852 1875 1874
f 1852 1853 1875
f 1853 1876 1875
f 1853 1854 1876
f 1854 1877 1876
f 1854 1855 1877
f 1855 1878 1877
f 1855 1856 1878
f 1856 1879 1878
f 1856 1857 1879
f 1857 1880 1879
f 1857 1858 1880
f 1858 1881 1880
f 1858 1859 1881
f 1859 1882 1881
f 1859 1860 1882
f 1860 1883 1882
f 1860 1861 1883
f 1861 1884 1883
f 1861 1862 1884
f 1862 1885 1884
f 1862 1863 1885
f 1863 1886 1885
f 1864 1865 1887
f 1865 1888 1887
f 1865 1866 1888
f 1866 1889 1888
f 1866 1867 1889
f 1867 1890 1889
f 1867 1868 1890
f 1868 1891 1890
f 1868 1869 1891
f 1869 1892 1891
f 1869 1870 1892
f 1870 1893 1892
f 1870 1871 1893
f 1871 1894 1893
f 1871 1872 1894
f 1872 1895 1894
f 1872 1873 1895
f 1873 1896 1895
f 1873 1874 1896
f 1874 1897 1896
f 1874 1875 1897
f 1875 1898 1897
f 1875 1876 1898
f 1876 1899 1898
f 1876 1877 1899
f 1877 1900 1899
f 1877 1878 1900
f 1878 1901 1900
f 1878 1879 1901
f 1879 1902 1901
f 1879 1880 1902
f 1880 1903 1902
f 1880 1881 1903
f 1881 1904 1903
f 1881 1882 1904
f 1882 1905 1904
f 1882 1883 1905
f 1883 1906 1905
f 1883 1884 1906
f 1884 1907 1906
f 1884 1885 1907
f 1885 1908 1907
f 1885 1886 1908
f 1886 1909 1908
f 1887 1888 1910
f 1888 1911 1910
f 1888 1889 1911
f 1889 1912 1911
f 1889 1890 1912
f 1890 1913 1912
f 1890 1891 1913
f 1891 1914 1913
f 1891 1892 1914
f 1892 1915 1914
f 1892 1893 1915
f 1893 1916 1915
f 1893 1894 1916
f 1894 1917 1916
f 1894 1895 1917
f 1895 1918 1917
f 1895 1896 1918
f 1896 1919 1918
f 1896 1897 1919
f 1897 1920 1919
f 1897 1898 1920
f 1898 1921 1920
f 1898 1899 1921
f 1899 1922 1921
f 1899 1900 1922
f 1900 1923 1922
f 1900 1901 1923
f 1901 1924 1923
f 1901 1902 1924
f 1902 1925 1924
f 1902 1903 1925
f 1903 1926 1925
f 1903 1904 1926
f 1904 1927 1926
f 1904 1905 1927
f 1905 1928 1927
f 1905 1906 1928
f 1906 1929 1928
f 1906 1907 1929
f 1907 1930 1929
f 1907 1908 1930
f 1908 1931 1930
f 1908 1909 1931
f 1909 1932 1931
f 1910 1911 1933
f 1911 1934 1933
f 1911 1912 1934
f 1912 1935 1934
f 1912 1913 1935
f 1913 1936 1935
f 1913 1914 1936
f 1914 1937 1936
f 1914 1915 1937
f 1915 1938 1937
f 1915 1916 1938
f 1916 1939 1938
f 1916 1917 1939
f 1917 1940 1939
f 1917 1918 1940
f 1918 1941 1940
f 1918 1919 1941
f 1919 1942 1941
f 1919 1920 1942
f 1920 1943 1942
f 1920 1921 1943
f 1921 1944 1943
f 1921 1922 1944
f 1922 1945 1944
f 1922 1923 1945
f 1923 1946 1945
f 1923 1924 1946
f 1924 1947 1946
f 1924 1925 1947
f 1925 1948 1947
f 1925 1926 1948
f 1926 1949 1948
f 1926 1927 1949
f 1927 1950 1949
f 1927 1928 1950
f 1928 1951 1950
f 1928 1929 1951
f 1929 1952 1951
f 1929 1930 1952
f 1930 1953 1952
f 1930 1931 1953
f 1931 1954 1953
f 1931 1932 1954
f 1932 1955 1954
f 1933 1934 1956
f 1934 1957 1956
f 1934 1935 1957
f 1935 1958 1957
f 1935 1936 1958
f 1936 1959 1958
f 1936 1937 1959
f 1937 1960 1959
f 1937 1938 1960
f 1938 1961 1960
f 1938 1939 1961
f 1939 1962 1961
f 1939 1940 1962
f 1940 1963 1962
f 1940 1941 1963
f 1941 1964 1963
f 1941 1942 1964
f 1942 1965 1964
f 1942 1943 1965
f 1943 1966 1965
f 1943 1944 1966
f 1944 1967 1966
f 1944 1945 1967
f 1945 1968 1967
f 1945 1946 1968
f 1946 1969 1968
f 1946 1947 1969
f 1947 1970 1969
f 1947 1948 1970
f 1948 1971 1970
f 1948 1949 1971
f 1949 1972 1971
f 1949 1950 1972
f 1950 1973 1972
f 1950 1951 1973
f 1951 1974 1973
f 1951 1952 1974
f 1952 1975 1974
f 1952 1953 1975
f 1953 1976 1975
f 1953 1954 1976
f 1954 1977 1976
f 1954 1955 1977
f 1955 1978 1977
f 1956 1957 1979
f 1957 1980 1979
f 1957 1958 1980
f 1958 1981 1980
f 1958 1959 1981
f 1959 1982 1981
f 1959 1960 1982
f 1960 1983 1982
f 1960 1961 1983
f 1961 1984 1983
f 1961 1962 1984
f 1962 1985 1984
f 1962 1963 1985
f 1963 1986 1985
f 1963 1964 1986
f 1964 1987 1986
f 1964 1965 1987
f 1965 1988 1987
f 1965 1966 1988
f 1966 1989 1988
f 1966 1967 1989
f 1967 1990 1989
f 1967 1968 1990
f 1968 1991 1990
f 1968 1969 1991
f 1969 1992 1991
f 1969 1970 1992
f 1970 1993 1992
f 1970 1971 1993
f 1971 1994 1993
f 1971 1972 1994
f 1972 1995 1994
f 1972 1973 1995
f 1973 1996 1995
f 1973 1974 1996
f 1974 1997 1996
f 1974 1975 1997
f 1975 1998 1997
f 1975 1976 1998
f 1976 1999 1998
f 1976 1977 1999
f 1977 2000 1999
f 1977 1978 2000
f 1978 2001 2000
f 1979 1980 2002
f 1980 2003 2002
f 1980 1981 2003
f 1981 2004 2003
f 1981 1982 2004
f 1982 2005 2004
f 1982 1983 2005
f 1983 2006 2005
f 1983 1984 2006
f 1984 2007 2006
f 1984 1985 2007
f 1985 2008 2007
f 1985 1986 2008
f 1986 2009 2008
f 1986 1987 2009
f 1987 2010 2009
f 1987 1988 2010
f 1988 2011 2010
f 1988 1989 2011
f 1989 2012 2011
f 1989 1990 2012
f 1990 2013 2012
f 1990 1991 2013
f 1991 2014 2013
f 1991 1992 2014
f 1992 2015 2014
f 1992 1993 2015
f 1993 2016 2015
f 1993 1994 2016
f 1994 2017 2016
f 1994 1995 2017
f 1995 2018 2017
f 1995 1996 2018
f 1996 2019 2018
f 1996 1997 2019
f 1997 2020 2019
f 1997 1998 2020
f 1998 2021 2020
f 1998 1999 2021
f 1999 2022 2021
f 1999 2000 2022
f 2000 2023 2022
f 2000 2001 2023
f 2001 2024 2023
f 2002 2003 2025
f 2003 2026 2025
f 2003 2004 2026
f 2004 2027 2026
f 2004 2005 2027
f 2005 2028 2027
f 2005 2006 2028
f 2006 2029 2028
f 2006 2007 2029
f 2007 2030 2029
f 2007 2008 2030
f 2008 2031 2030
f 2008 2009 2031
f 2009 2032 2031
f 2009 2010 2032
f 2010 2033 2032
f 2010 2011 2033
f 2011 2034 2033
f 2011 2012 2034
f 2012 2035 2034
f 2012 2013 2035
f 2013 2036 2035
f 2013 2014 2036
f 2014 2037 2036
f 2014 2015 2037
f 2015 2038 2037
f 2015 2016 2038
f 2016 2039 2038
f 2016 2017 2039
f 2017 2040 2039
f 2017 2018 2040
f 2018 2041 2040
f 2018 2019 2041
f 2019 2042 2041
f 2019 2020 2042
f 2020 2043 2042
f 2020 2021 2043
f 2021 2044 2043
f 2021 2022 2044
f 2022 2045 2044
f 2022 2023 2045
f 2023 2046 2045
f 2023 2024 2046
f 2024 2047 2046
f 2025 2026 2048
f 2026 2027 2049
f 2027 2028 2050
f 2028 2029 2051
f 2029 2030 2052
f 2030 2031 2053
f 2031 2032 2054
f 2032 2033 2055
f 2033 2034 2056
f 2034 2035 2057
f 2035 2036 2058
f 2036 2037 2059
f 2037 2038 2060
f 2038 2039 2061
f 2039 2040 2062
f 2040 2041 2063
f 2041 2042 2064
f 2042 2043 2065
f 2043 2044 2066
f 2044 2045 2067
f 2045 2046 2068
f 2046 2047 2069
usemtl rock_0
f 2072 2095 2094
f 2073 2096 2095
f 2074 2097 2096
f 2075 2098 2097
f 2076 2099 2098
f 2077 2100 2099
f 2078 2101 2100
f 2079 2102 2101
f 2080 2103 2102
f 2081 2104 2103
f 2082 2105 2104
f 2083 2106 2105
f 2084 2107 2106
f 2085 2108 2107
f 2086 2109 2108
f 2087 2110 2109
f 2088 2111 2110
f 2089 2112 2111
f 2090 2113 2112
f 2091 2114 2113
f 2092 2115 2114
f 2093 2116 2115
f 2094 2095 2117
f 2095 2118 2117
f 2095 2096 2118
f 2096 2119 2118
f 2096 2097 2119
f 2097 2120 2119
f 2097 2098 2120
f 2098 2121 2120
f 2098 2099 2121
f 2099 2122 2121
f 2099 2100 2122
f 2100 2123 2122
f 2100 2101 2123
f 2101 2124 2123
f 2101 2102 2124
f 2102 2125 2124
f 2102 2103 2125
f 2103 2126 2125
f 2103 2104 2126
f 2104 2127 2126
f 2104 2105 2127
f 2105 2128 2127
f 2105 2106 2128
f 2106 2129 2128
f 2106 2107 2129
f 2107 2130 2129
f 2107 2108 2130
f 2108 2131 2130
f 2108 2109 2131
f 2109 2132 2131
f 2109 2110 2132
f 2110 2133 2132
f 2110 2111 2133
f 2111 2134 2133
f 2111 2112 2134
f 2112 2135 2134
f 2112 2113 2135
f 2113 2136 2135
f 2113 2114 2136
f 2114 2137 2136
f 2114 2115 2137
f 2115 2138 2137
f 2115 2116 2138
f 2116 2139 2138
f 2117 2118 2140
f 2118 2141 2140
f 2118 2119 2141
f 2119 2142 2141
f 2119 2120 2142
f 2120 2143 2142
f 2120 2121 2143
f 2121 2144 2143
f 2121 2122 2144
f 2122 2145 2144
f 2122 2123 2145
f 2123 2146 2145
f 2123 2124 2146
f 2124 2147 2146
f 2124 2125 2147
f 2125 2148 2147
f 2125 2126 2148
f 2126 2149 2148
f 2126 2127 2149
f 2127 2150 2149
f 2127 2128 2150
f 2128 2151 2150
f 2128 2129 2151
f 2129 2152 2151
f 2129 2130 2152
f 2130 2153 2152
f 2130 2131 2153
f 2131 2154 2153
f 2131 2132 2154
f 2132 2155 2154
f 2132 2133 2155
f 2133 2156 2155
f 2133 2134 2156
f 2134 2157 2156
f 2134 2135 2157
f 2135 2158 2157
f 2135 2136 2158
f 2136 2159 2158
f 2136 2137 2159
f 2137 2160 2159
f 2137 2138 2160
f 2138 2161 2160
f 2138 2139 2161
f 2139 2162 2161
f 2140 2141 2163
f 2141 2164 2163
f 2141 2142 2164
f 2142 2165 2164
f 2142 2143 2165
f 2143 2166 2165
f 2143 2144 2166
f 2144 2167 2166
f 2144 2145 2167
f 2145 2168 2167
f 2145 2146 2168
f 2146 2169 2168
f 2146 2147 2169
f 2147 2170 2169
f 2147 2148 2170
f 2148 2171 2170
f 2148 2149 2171
f 2149 2172 2171
f 2149 2150 2172
f 2150 2173 2172
f 2150 2151 2173
f 2151 2174 2173
f 2151 2152 2174
f 2152 2175 2174
f 2152 2153 2175
f 2153 2176 2175
f 2153 2154 2176
f 2154 2177 2176
f 2154 2155 2177
f 2155 2178 2177
f 2155 2156 2178
f 2156 2179 2178
f 2156 2157 2179
f 2157 2180 2179
f 2157 2158 2180
f 2158 2181 2180
f 2158 2159 2181
f 2159 2182 2181
f 2159 2160 2182
f 2160 2183 2182
f 2160 2161 2183
f 2161 2184 2183
f 2161 2162 2184
f 2162 2185 2184
f 2163 2164 2186
f 2164 2187 2186
f 2164 2165 2187
f 2165 2188 2187
f 2165 2166 2188
f 2166 2189 2188
f 2166 2167 2189
f 2167 2190 2189
f 2167 2168 2190
f 2168 2191 2190
f 2168 2169 2191
f 2169 2192 2191
f 2169 2170 2192
f 2170 2193 2192
f 2170 2171 2193
f 2171 2194 2193
f 2171 2172 2194
f 2172 2195 2194
f 2172 2173 2195
f 2173 2196 2195
f 2173 2174 2196
f 2174 2197 2196
f 2174 2175 2197
f 2175 2198 2197
f 2175 2176 2198
f 2176 2199 2198
f 2176 2177 2199
f 2177 2200 2199
f 2177 2178 2200
f 2178 2201 2200
f 2178 2179 2201
f 2179 2202 2201
f 2179 2180 2202
f 2180 2203 2202
f 2180 2181 2203
f 2181 2204 2203
f 2181 2182 2204
f 2182 2205 2204
f 2182 2183 2205
f 2183 2206 2205
f 2183 2184 2206
f 2184 2207 2206
f 2184 2185 2207
f 2185 2208 2207
f 2186 2187 2209
f 2187 2210 2209
f 2187 2188 2210
f 2188 2211 2210
f 2188 2189 2211
f 2189 2212 2211
f 2189 2190 2212
f 2190 2213 2212
f 2190 2191 2213
f 2191 2214 2213
f 2191 2192 2214
f 2192 2215 2214
f 2192 2193 2215
f 2193 2216 2215
f 2193 2194 2216
f 2194 2217 2216
f 2194 2195 2217
f 2195 2218 2217
f 2195 2196 2218
f 2196 2219 2218
f 2196 2197 2219
f 2197 2220 2219
f 2197 2198 2220
f 2198 2221 2220
f 2198 2199 2221
f 2199 2222 2221
f 2199 2200 2222
f 2200 2223 2222
f 2200 2201 2223
f 2201 2224 2223
f 2201 2202 2224
f 2202 2225 2224
f 2202 2203 2225
f 2203 2226 2225
f 2203 2204 2226
f 2204 2227 2226
f 2204 2205 2227
f 2205 2228 2227
f 2205 2206 2228
f 2206 2229 2228
f 2206 2207 2229
f 2207 2230 2229
f 2207 2208 2230
f 2208 2231 2230
f 2209 2210 2232
f 2210 2233 2232
f 2210 2211 2233
f 2211 2234 2233
f 2211 2212 2234
f 2212 2235 2234
f 2212 2213 2235
f 2213 2236 2235
f 2213 2214 2236
f 2214 2237 2236
f 2214 2215 2237
f 2215 2238 2237
f 2215 2216 2238
f 2216 2239 2238
f 2216 2217 2239
f 2217 2240 2239
f 2217 2218 2240
f 2218 2241 2240
f 2218 2219 2241
f 2219 2242 2241
f 2219 2220 2242
f 2220 2243 2242
f 2220 2221 2243
f 2221 2244 2243
f 2221 2222 2244
f 2222 2245 2244
f 2222 2223 2245
f 2223 2246 2245
f 2223 2224 2246
f 2224 2247 2246
f 2224 2225 2247
f 2225 2248 2247
f 2225 2226 2248
f 2226 2249 2248
f 2226 2227 2249
f 2227 2250 2249
f 2227 2228 2250
f 2228 2251 2250
f 2228 2229 2251
f 2229 2252 2251
f 2229 2230 2252
f 2230 2253 2252
f 2230 2231 2253
f 2231 2254 2253
f 2232 2233 2255
f 2233 2256 2255
f 2233 2234 2256
f 2234 2257 2256
f 2234 2235 2257
f 2235 2258 2257
f 2235 2236 2258
f 2236 2259 2258
f 2236 2237 2259
f 2237 2260 2259
f 2237 2238 2260
f 2238 2261 2260
f 2238 2239 2261
f 2239 2262 2261
f 2239 2240 2262
f 2240 2263 2262
f 2240 2241 2263
f 2241 2264 2263
f 2241 2242 2264
f 2242 2265 2264
f 2242 2243 2265
f 2243 2266 2265
f 2243 2244 2266
f 2244 2267 2266
f 2244 2245 2267
f 2245 2268 2267
f 2245 2246 2268
f 2246 2269 2268
f 2246 2247 2269
f 2247 2270 2269
f 2247 2248 2270
f 2248 2271 2270
f 2248 2249 2271
f 2249 2272 2271
f 2249 2250 2272
f 2250 2273 2272
f 2250 2251 2273
f 2251 2274 2273
f 2251 2252 2274
f 2252 2275 2274
f 2252 2253 2275
f 2253 2276 2275
f 2253 2254 2276
f 2254 2277 2276
f 2255 2256 2278
f 2256 2279 2278
f 2256 2257 2279
f 2257 2280 2279
f 2257 2258 2280
f 2258 2281 2280
f 2258 2259 2281
f 2259 2282 2281
f 2259 2260 2282
f 2260 2283 2282
f 2260 2261 2283
f 2261 2284 2283
f 2261 2262 2284
f 2262 2285 2284
f 2262 2263 2285
f 2263 2286 2285
f 2263 2264 2286
f 2264 2287 2286
f 2264 2265 2287
f 2265 2288 2287
f 2265 2266 2288
f 2266 2289 2288
f 2266 2267 2289
f 2267 2290 2289
f 2267 2268 2290
f 2268 2291 2290
f 2268 2269 2291
f 2269 2292 2291
f 2269 2270 2292
f 2270 2293 2292
f 2270 2271 2293
f 2271 2294 2293
f 2271 2272 2294
f 2272 2295 2294
f 2272 2273 2295
f 2273 2296 2295
f 2273 2274 2296
f 2274 2297 2296
f 2274 2275 2297
f 2275 2298 2297
f 2275 2276 2298
f 2276 2299 2298
f 2276 2277 2299
f 2277 2300 2299
f 2278 2279 2301
f 2279 2302 2301
f 2279 2280 2302
f 2280 2303 2302
f 2280 2281 2303
f 2281 2304 2303
f 2281 2282 2304
f 2282 2305 2304
f 2282 2283 2305
f 2283 2306 2305
f 2283 2284 2306
f 2284 2307 2306
f 2284 2285 2307
f 2285 2308 2307
f 2285 2286 2308
f 2286 2309 2308
f 2286 2287 2309
f 2287 2310 2309
f 2287 2288 2310
f 2288 2311 2310
f 2288 2289 2311
f 2289 2312 2311
f 2289 2290 2312
f 2290 2313 2312
f 2290 2291 2313
f 2291 2314 2313
f 2291 2292 2314
f 2292 2315 2314
f 2292 2293 2315
f 2293 2316 2315
f 2293 2294 2316
f 2294 2317 2316
f 2294 2295 2317
f 2295 2318 2317
f 2295 2296 2318
f 2296 2319 2318
f 2296 2297 2319
f 2297 2320 2319
f 2297 2298 2320
f 2298 2321 2320
f 2298 2299 2321
f 2299 2322 2321
f 2299 2300 2322
f 2300 2323 2322
f 2301 2302 2324
f 2302 2325 2324
f 2302 2303 2325
f 2303 2326 2325
f 2303 2304 2326
f 2304 2327 2326
f 2304 2305 2327
f 2305 2328 2327
f 2305 2306 2328
f 2306 2329 2328
f 2306 2307 2329
f 2307 2330 2329
f 2307 2308 2330
f 2308 2331 2330
f 2308 2309 2331
f 2309 2332 2331
f 2309 2310 2332
f 2310 2333 2332
f 2310 2311 2333
f 2311 2334 2333
f 2311 2312 2334
f 2312 2335 2334
f 2312 2313 2335
f 2313 2336 2335
f 2313 2314 2336
f 2314 2337 2336
f 2314 2315 2337
f 2315 2338 2337
f 2315 2316 2338
f 2316 2339 2338
f 2316 2317 2339
f 2317 2340 2339
f 2317 2318 2340
f 2318 2341 2340
f 2318 2319 2341
f 2319 2342 2341
f 2319 2320 2342
f 2320 2343 2342
f 2320 2321 2343
f 2321 2344 2343
f 2321 2322 2344
f 2322 2345 2344
f 2322 2323 2345
f 2323 2346 2345
f 2324 2325 2347
f 2325 2348 2347
f 2325 2326 2348
f 2326 2349 2348
f 2326 2327 2349
f 2327 2350 2349
f 2327 2328 2350
f 2328 2351 2350
f 2328 2329 2351
f 2329 2352 2351
f 2329 2330 2352
f 2330 2353 2352
f 2330 2331 2353
f 2331 2354 2353
f 2331 2332 2354
f 2332 2355 2354
f 2332 2333 2355
f 2333 2356 2355
f 2333 2334 2356
f 2334 2357 2356
f 2334 2335 2357
f 2335 2358 2357
f 2335 2336 2358
f 2336 2359 2358
f 2336 2337 2359
f 2337 2360 2359
f 2337 2338 2360
f 2338 2361 2360
f 2338 2339 2361
f 2339 2362 2361
f 2339 2340 2362
f 2340 2363 2362
f 2340 2341 2363
f 2341 2364 2363
f 2341 2342 2364
f 2342 2365 2364
f 2342 2343 2365
f 2343 2366 2365
f 2343 2344 2366
f 2344 2367 2366
f 2344 2345 2367
f 2345 2368 2367
f 2345 2346 2368
f 2346 2369 2368
f 2347 2348 2370
f 2348 2371 2370
f 2348 2349 2371
f 2349 2372 2371
f 2349 2350 2372
f 2350 2373 2372
f 2350 2351 2373
f 2351 2374 2373
f 2351 2352 2374
f 2352 2375 2374
f 2352 2353 2375
f 2353 2376 2375
f 2353 2354 2376
f 2354 2377 2376
f 2354 2355 2377
f 2355 2378 2377
f 2355 2356 2378
f 2356 2379 2378
f 2356 2357 2379
f 2357 2380 2379
f 2357 2358 2380
f 2358 2381 2380
f 2358 2359 2381
f 2359 2382 2381
f 2359 2360 2382
f 2360 2383 2382
f 2360 2361 2383
f 2361 2384 2383
f 2361 2362 2384
f 2362 2385 2384
f 2362 2363 2385
f 2363 2386 2385
f 2363 2364 2386
f 2364 2387 2386
f 2364 2365 2387
f 2365 2388 2387
f 2365 2366 2388
f 2366 2389 2388
f 2366 2367 2389
f 2367 2390 2389
f 2367 2368 2390
f 2368 2391 2390
f 2368 2369 2391
f 2369 2392 2391
f 2370 2371 2393
f 2371 2372 2394
f 2372 2373 2395
f 2373 2374 2396
f 2374 2375 2397
f 2375 2376 2398
f 2376 2377 2399
f 2377 2378 2400
f 2378 2379 2401
f 2379 2380 2402
f 2380 2381 2403
f 2381 2382 2404
f 2382 2383 2405
f 2383 2384 2406
f 2384 2385 2407
f 2385 2386 2408
f 2386 2387 2409
f 2387 2388 2410
f 2388 2389 2411
f 2389 2390 2412
f 2390 2391 2413
f 2391 2392 2414
usemtl rock_1
f 2417 2440 2439
f 2418 2441 2440
f 2419 2442 2441
f 2420 2443 2442
f 2421 2444 2443
f 2422 2445 2444
f 2423 2446 2445
f 2424 2447 2446
f 2425 2448 2447
f 2426 2449 2448
f 2427 2450 2449
f 2428 2451 2450
f 2429 2452 2451
f 2430 2453 2452
f 2431 2454 2453
f 2432 2455 2454
f 2433 2456 2455
f 2434 2457 2456
f 2435 2458 2457
f 2436 2459 2458
f 2437 2460 2459
f 2438 2461 2460
f 2439 2440 2462
f 2440 2463 2462
f 2440 2441 2463
f 2441 2464 2463
f 2441 2442 2464
f 2442 2465 2464
f 2442 2443 2465
f 2443 2466 2465
f 2443 2444 2466
f 2444 2467 2466
f 2444 2445 2467
f 2445 2468 2467
f 2445 2446 2468
f 2446 2469 2468
f 2446 2447 2469
f 2447 2470 2469
f 2447 2448 2470
f 2448 2471 2470
f 2448 2449 2471
f 2449 2472 2471
f 2449 2450 2472
f 2450 2473 2472
f 2450 2451 2473
f 2451 2474 2473
f 2451 2452 2474
f 2452 2475 2474
f 2452 2453 2475
f 2453 2476 2475
f 2453 2454 2476
f 2454 2477 2476
f 2454 2455 2477
f 2455 2478 2477
f 2455 2456 2478
f 2456 2479 2478
f 2456 2457 2479
f 2457 2480 2479
f 2457 2458 2480
f 2458 2481 2480
f 2458 2459 2481
f 2459 2482 2481
f 2459 2460 2482
f 2460 2483 2482
f 2460 2461 2483
f 2461 2484 2483
f 2462 2463 2485
f 2463 2486 2485
f 2463 2464 2486
f 2464 2487 2486
f 2464 2465 2487
f 2465 2488 2487
f 2465 2466 2488
f 2466 2489 2488
f 2466 2467 2489
f 2467 2490 2489
f 2467 2468 2490
f 2468 2491 2490
f 2468 2469 2491
f 2469 2492 2491
f 2469 2470 2492
f 2470 2493 2492
f 2470 2471 2493
f 2471 2494 2493
f 2471 2472 2494
f 2472 2495 2494
f 2472 2473 2495
f 2473 2496 2495
f 2473 2474 2496
f 2474 2497 2496
f 2474 2475 2497
f 2475 2498 2497
f 2475 2476 2498
f 2476 2499 2498
f 2476 2477 2499
f 2477 2500 2499
f 2477 2478 2500
f 2478 2501 2500
f 2478 2479 2501
f 2479 2502 2501
f 2479 2480 2502
f 2480 2503 2502
f 2480 2481 2503
f 2481 2504 2503
f 2481 2482 2504
f 2482 2505 2504
f 2482 2483 2505
f 2483 2506 2505
f 2483 2484 2506
f 2484 2507 2506
f 2485 2486 2508
f 2486 2509 2508
f 2486 2487 2509
f 2487 2510 2509
f 2487 2488 2510
f 2488 2511 2510
f 2488 2489 2511
f 2489 2512 2511
f 2489 2490 2512
f 2490 2513 2512
f 2490 2491 2513
f 2491 2514 2513
f 2491 2492 2514
f 2492 2515 2514
f 2492 2493 2515
f 2493 2516 2515
f 2493 2494 2516
f 2494 2517 2516
f 2494 2495 2517
f 2495 2518 2517
f 2495 2496 2518
f 2496 2519 2518
f 2496 2497 2519
f 2497 2520 2519
f 2497 2498 2520
f 2498 2521 2520
f 2498 2499 2521
f 2499 2522 2521
f 2499 2500 2522
f 2500 2523 2522
f 2500 2501 2523
f 2501 2524 2523
f 2501 2502 2524
f 2502 2525 2524
f 2502 2503 2525
f 2503 2526 2525
f 2503 2504 2526
f 2504 2527 2526
f 2504 2505 2527
f 2505 2528 2527
f 2505 2506 2528
f 2506 2529 2528
f 2506 2507 2529
f 2507 2530 2529
f 2508 2509 2531
f 2509 2532 2531
f 2509 2510 2532
f 2510 2533 2532
f 2510 2511 2533
f 2511 2534 2533
f 2511 2512 2534
f 2512 2535 2534
f 2512 2513 2535
f 2513 2536 2535
f 2513 2514 2536
f 2514 2537 2536
f 2514 2515 2537
f 2515 2538 2537
f 2515 2516 2538
f 2516 2539 2538
f 2516 2517 2539
f 2517 2540 2539
f 2517 2518 2540
f 2518 2541 2540
f 2518 2519 2541
f 2519 2542 2541
f 2519 2520 2542
f 2520 2543 2542
f 2520 2521 2543
f 2521 2544 2543
f 2521 2522 2544
f 2522 2545 2544
f 2522 2523 2545
f 2523 2546 2545
f 2523 2524 2546
f 2524 2547 2546
f 2524 2525 2547
f 2525 2548 2547
f 2525 2526 2548
f 2526 2549 2548
f 2526 2527 2549
f 2527 2550 2549
f 2527 2528 2550
f 2528 2551 2550
f 2528 2529 2551
f 2529 2552 2551
f 2529 2530 2552
f 2530 2553 2552
f 2531 2532 2554
f 2532 2555 2554
f 2532 2533 2555
f 2533 2556 2555
f 2533 2534 2556
f 2534 2557 2556
f 2534 2535 2557
f 2535 2558 2557
f 2535 2536 2558
f 2536 2559 2558
f 2536 2537 2559
f 2537 2560 2559
f 2537 2538 2560
f 2538 2561 2560
f 2538 2539 2561
f 2539 2562 2561
f 2539 2540 2562
f 2540 2563 2562
f 2540 2541 2563
f 2541 2564 2563
f 2541 2542 2564
f 2542 2565 2564
f 2542 2543 2565
f 2543 2566 2565
f 2543 2544 2566
f 2544 2567 2566
f 2544 2545 2567
f 2545 2568 2567
f 2545 2546 2568
f 2546 2569 2568
f 2546 2547 2569
f 2547 2570 2569
f 2547 2548 2570
f 2548 2571 2570
f 2548 2549 2571
f 2549 2572 2571
f 2549 2550 2572
f 2550 2573 2572
f 2550 2551 2573
f 2551 2574 2573
f 2551 2552 2574
f 2552 2575 2574
f 2552 2553 2575
f 2553 2576 2575
f 2554 2555 2577
f 2555 2578 2577
f 2555 2556 2578
f 2556 2579 2578
f 2556 2557 2579
f 2557 2580 2579
f 2557 2558 2580
f 2558 2581 2580
f 2558 2559 2581
f 2559 2582 2581
f 2559 2560 2582
f 2560 2583 2582
f 2560 2561 2583
f 2561 2584 2583
f 2561 2562 2584
f 2562 2585 2584
f 2562 2563 2585
f 2563 2586 2585
f 2563 2564 2586
f 2564 2587 2586
f 2564 2565 2587
f 2565 2588 2587
f 2565 2566 2588
f 2566 2589 2588
f 2566 2567 2589
f 2567 2590 2589
f 2567 2568 2590
f 2568 2591 2590
f 2568 2569 2591
f 2569 2592 2591
f 2569 2570 2592
f 2570 2593 2592
f 2570 2571 2593
f 2571 2594 2593
f 2571 2572 2594
f 2572 2595 2594
f 2572 2573 2595
f 2573 2596 2595
f 2573 2574 2596
f 2574 2597 2596
f 2574 2575 2597
f 2575 2598 2597
f 2575 2576 2598
f 2576 2599 2598
f 2577 2578 2600
f 2578 2601 2600
f 2578 2579 2601
f 2579 2602 2601
f 2579 2580 2602
f 2580 2603 2602
f 2580 2581 2603
f 2581 2604 2603
f 2581 2582 2604
f 2582 2605 2604
f 2582 2583 2605
f 2583 2606 2605
f 2583 2584 2606
f 2584 2607 2606
f 2584 2585 2607
f 2585 2608 2607
f 2585 2586 2608
f 2586 2609 2608
f 2586 2587 2609
f 2587 2610 2609
f 2587 2588 2610
f 2588 2611 2610
f 2588 2589 2611
f 2589 2612 2611
f 2589 2590 2612
f 2590 2613 2612
f 2590 2591 2613
f 2591 2614 2613
f 2591 2592 2614
f 2592 2615 2614
f 2592 2593 2615
f 2593 2616 2615
f 2593 2594 2616
f 2594 2617 2616
f 2594 2595 2617
f 2595 2618 2617
f 2595 2596 2618
f 2596 2619 2618
f 2596 2597 2619
f 2597 2620 2619
f 2597 2598 2620
f 2598 2621 2620
f 2598 2599 2621
f 2599 2622 2621
f 2600 2601 2623
f 2601 2624 2623
f 2601 2602 2624
f 2602 2625 2624
f 2602 2603 2625
f 2603 2626 2625
f 2603 2604 2626
f 2604 2627 2626
f 2604 2605 2627
f 2605 2628 2627
f 2605 2606 2628
f 2606 2629 2628
f 2606 2607 2629
f 2607 2630 2629
f 2607 2608 2630
f 2608 2631 2630
f 2608 2609 2631
f 2609 2632 2631
f 2609 2610 2632
f 2610 2633 2632
f 2610 2611 2633
f 2611 2634 2633
f 2611 2612 2634
f 2612 2635 2634
f 2612 2613 2635
f 2613 2636 2635
f 2613 2614 2636
f 2614 2637 2636
f 2614 2615 2637
f 2615 2638 2637
f 2615 2616 2638
f 2616 2639 2638
f 2616 2617 2639
f 2617 2640 2639
f 2617 2618 2640
f 2618 2641 2640
f 2618 2619 2641
f 2619 2642 2641
f 2619 2620 2642
f 2620 2643 2642
f 2620 2621 2643
f 2621 2644 2643
f 2621 2622 2644
f 2622 2645 2644
f 2623 2624 2646
f 2624 2647 2646
f 2624 2625 2647
f 2625 2648 2647
f 2625 2626 2648
f 2626 2649 2648
f 2626 2627 2649
f 2627 2650 2649
f 2627 2628 2650
f 2628 2651 2650
f 2628 2629 2651
f 2629 2652 2651
f 2629 2630 2652
f 2630 2653 2652
f 2630 2631 2653
f 2631 2654 2653
f 2631 2632 2654
f 2632 2655 2654
f 2632 2633 2655
f 2633 2656 2655
f 2633 2634 2656
f 2634 2657 2656
f 2634 2635 2657
f 2635 2658 2657
f 2635 2636 2658
f 2636 2659 2658
f 2636 2637 2659
f 2637 2660 2659
f 2637 2638 2660
f 2638 2661 2660
f 2638 2639 2661
f 2639 2662 2661
f 2639 2640 2662
f 2640 2663 2662
f 2640 2641 2663
f 2641 2664 2663
f 2641 2642 2664
f 2642 2665 2664
f 2642 2643 2665
f 2643 2666 2665
f 2643 2644 2666
f 2644 2667 2666
f 2644 2645 2667
f 2645 2668 2667
f 2646 2647 2669
f 2647 2670 2669
f 2647 2648 2670
f 2648 2671 2670
f 2648 2649 2671
f 2649 2672 2671
f 2649 2650 2672
f 2650 2673 2672
f 2650 2651 2673
f 2651 2674 2673
f 2651 2652 2674
f 2652 2675 2674
f 2652 2653 2675
f 2653 2676 2675
f 2653 2654 2676
f 2654 2677 2676
f 2654 2655 2677
f 2655 2678 2677
f 2655 2656 2678
f 2656 2679 2678
f 2656 2657 2679
f 2657 2680 2679
f 2657 2658 2680
f 2658 2681 2680
f 2658 2659 2681
f 2659 2682 2681
f 2659 2660 2682
f 2660 2683 2682
f 2660 2661 2683
f 2661 2684 2683
f 2661 2662 2684
f 2662 2685 2684
f 2662 2663 2685
f 2663 2686 2685
f 2663 2664 2686
f 2664 2687 2686
f 2664 2665 2687
f 2665 2688 2687
f 2665 2666 2688
f 2666 2689 2688
f 2666 2667 2689
f 2667 2690 2689
f 2667 2668 2690
f 2668 2691 2690
f 2669 2670 2692
f 2670 2693 2692
f 2670 2671 2693
f 2671 2694 2693
f 2671 2672 2694
f 2672 2695 2694
f 2672 2673 2695
f 2673 2696 2695
f 2673 2674 2696
f 2674 2697 2696
f 2674 2675 2697
f 2675 2698 2697
f 2675 2676 2698
f 2676 2699 2698
f 2676 2677 2699
f 2677 2700 2699
f 2677 2678 2700
f 2678 2701 2700
f 2678 2679 2701
f 2679 2702 2701
f 2679 2680 2702
f 2680 2703 2702
f 2680 2681 2703
f 2681 2704 2703
f 2681 2682 2704
f 2682 2705 2704
f 2682 2683 2705
f 2683 2706 2705
f 2683 2684 2706
f 2684 2707 2706
f 2684 2685 2707
f 2685 2708 2707
f 2685 2686 2708
f 2686 2709 2708
f 2686 2687 2709
f 2687 2710 2709
f 2687 2688 2710
f 2688 2711 2710
f 2688 2689 2711
f 2689 2712 2711
f 2689 2690 2712
f 2690 2713 2712
f 2690 2691 2713
f 2691 2714 2713
f 2692 2693 2715
f 2693 2716 2715
f 2693 2694 2716
f 2694 2717 2716
f 2694 2695 2717
f 2695 2718 2717
f 2695 2696 2718
f 2696 2719 2718
f 2696 2697 2719
f 2697 2720 2719
f 2697 2698 2720
f 2698 2721 2720
f 2698 2699 2721
f 2699 2722 2721
f 2699 2700 2722
f 2700 2723 2722
f 2700 2701 2723
f 2701 2724 2723
f 2701 2702 2724
f 2702 2725 2724
f 2702 2703 2725
f 2703 2726 2725
f 2703 2704 2726
f 2704 2727 2726
f 2704 2705 2727
f 2705 2728 2727
f 2705 2706 2728
f 2706 2729 2728
f 2706 2707 2729
f 2707 2730 2729
f 2707 2708 2730
f 2708 2731 2730
f 2708 2709 2731
f 2709 2732 2731
f 2709 2710 2732
f 2710 2733 2732
f 2710 2711 2733
f 2711 2734 2733
f 2711 2712 2734
f 2712 2735 2734
f 2712 2713 2735
f 2713 2736 2735
f 2713 2714 2736
f 2714 2737 2736
f 2715 2716 2738
f 2716 2717 2739
f 2717 2718 2740
f 2718 2719 2741
f 2719 2720 2742
f 2720 2721 2743
f 2721 2722 2744
f 2722 2723 2745
f 2723 2724 2746
f 2724 2725 2747
f 2725 2726 2748
f 2726 2727 2749
f 2727 2728 2750
f 2728 2729 2751
f 2729 2730 2752
f 2730 2731 2753
f 2731 2732 2754
f 2732 2733 2755
f 2733 2734 2756
f 2734 2735 2757
f 2735 2736 2758
f 2736 2737 2759
usemtl rock_2
f 2762 2785 2784
f 2763 2786 2785
f 2764 2787 2786
f 2765 2788 2787
f 2766 2789 2788
f 2767 2790 2789
f 2768 2791 2790
f 2769 2792 2791
f 2770 2793 2792
f 2771 2794 2793
f 2772 2795 2794
f 2773 2796 2795
f 2774 2797 2796
f 2775 2798 2797
f 2776 2799 2798
f 2777 2800 2799
f 2778 2801 2800
f 2779 2802 2801
f 2780 2803 2802
f 2781 2804 2803
f 2782 2805 2804
f 2783 2806 2805
f 2784 2785 2807
f 2785 2808 2807
f 2785 2786 2808
f 2786 2809 2808
f 2786 2787 2809
f 2787 2810 2809
f 2787 2788 2810
f 2788 2811 2810
f 2788 2789 2811
f 2789 2812 2811
f 2789 2790 2812
f 2790 2813 2812
f 2790 2791 2813
f 2791 2814 2813
f 2791 2792 2814
f 2792 2815 2814
f 2792 2793 2815
f 2793 2816 2815
f 2793 2794 2816
f 2794 2817 2816
f 2794 2795 2817
f 2795 2818 2817
f 2795 2796 2818
f 2796 2819 2818
f 2796 2797 2819
f 2797 2820 2819
f 2797 2798 2820
f 2798 2821 2820
f 2798 2799 2821
f 2799 2822 2821
f 2799 2800 2822
f 2800 2823 2822
f 2800 2801 2823
f 2801 2824 2823
f 2801 2802 2824
f 2802 2825 2824
f 2802 2803 2825
f 2803 2826 2825
f 2803 2804 2826
f 2804 2827 2826
f 2804 2805 2827
f 2805 2828 2827
f 2805 2806 2828
f 2806 2829 2828
f 2807 2808 2830
f 2808 2831 2830
f 2808 2809 2831
f 2809 2832 2831
f 2809 2810 2832
f 2810 2833 2832
f 2810 2811 2833
f 2811 2834 2833
f 2811 2812 2834
f 2812 2835 2834
f 2812 2813 2835
f 2813 2836 2835
f 2813 2814 2836
f 2814 2837 2836
f 2814 2815 2837
f 2815 2838 2837
f 2815 2816 2838
f 2816 2839 2838
f 2816 2817 2839
f 2817 2840 2839
f 2817 2818 2840
f 2818 2841 2840
f 2818 2819 2841
f 2819 2842 2841
f 2819 2820 2842
f 2820 2843 2842
f 2820 2821 2843
f 2821 2844 2843
f 2821 2822 2844
f 2822 2845 2844
f 2822 2823 2845
f 2823 2846 2845
f 2823 2824 2846
f 2824 2847 2846
f 2824 2825 2847
f 2825 2848 2847
f 2825 2826 2848
f 2826 2849 2848
f 2826 2827 2849
f 2827 2850 2849
f 2827 2828 2850
f 2828 2851 2850
f 2828 2829 2851
f 2829 2852 2851
f 2830 2831 2853
f 2831 2854 2853
f 2831 2832 2854
f 2832 2855 2854
f 2832 2833 2855
f 2833 2856 2855
f 2833 2834 2856
f 2834 2857 2856
f 2834 2835 2857
f 2835 2858 2857
f 2835 2836 2858
f 2836 2859 2858
f 2836 2837 2859
f 2837 2860 2859
f 2837 2838 2860
f 2838 2861 2860
f 2838 2839 2861
f 2839 2862 2861
f 2839 2840 2862
f 2840 2863 2862
f 2840 2841 2863
f 2841 2864 2863
f 2841 2842 2864
f 2842 2865 2864
f 2842 2843 2865
f 2843 2866 2865
f 2843 2844 2866
f 2844 2867 2866
f 2844 2845 2867
f 2845 2868 2867
f 2845 2846 2868
f 2846 2869 2868
f 2846 2847 2869
f 2847 2870 2869
f 2847 2848 2870
f 2848 2871 2870
f 2848 2849 2871
f 2849 2872 2871
f 2849 2850 2872
f 2850 2873 2872
f 2850 2851 2873
f 2851 2874 2873
f 2851 2852 2874
f 2852 2875 2874
f 2853 2854 2876
f 2854 2877 2876
f 2854 2855 2877
f 2855 2878 2877
f 2855 2856 2878
f 2856 2879 2878
f 2856 2857 2879
f 2857 2880 2879
f 2857 2858 2880
f 2858 2881 2880
f 2858 2859 2881
f 2859 2882 2881
f 2859 2860 2882
f 2860 2883 2882
f 2860 2861 2883
f 2861 2884 2883
f 2861 2862 2884
f 2862 2885 2884
f 2862 2863 2885
f 2863 2886 2885
f 2863 2864 2886
f 2864 2887 2886
f 2864 2865 2887
f 2865 2888 2887
f 2865 2866 2888
f 2866 2889 2888
f 2866 2867 2889
f 2867 2890 2889
f 2867 2868 2890
f 2868 2891 2890
f 2868 2869 2891
f 2869 2892 2891
f 2869 2870 2892
f 2870 2893 2892
f 2870 2871 2893
f 2871 2894 2893
f 2871 2872 2894
f 2872 2895 2894
f 2872 2873 2895
f 2873 2896 2895
f 2873 2874 2896
f 2874 2897 2896
f 2874 2875 2897
f 2875 2898 2897
f 2876 2877 2899
f 2877 2900 2899
f 2877 2878 2900
f 2878 2901 2900
f 2878 2879 2901
f 2879 2902 2901
f 2879 2880 2902
f 2880 2903 2902
f 2880 2881 2903
f 2881 2904 2903
f 2881 2882 2904
f 2882 2905 2904
f 2882 2883 2905
f 2883 2906 2905
f 2883 2884 2906
f 2884 2907 2906
f 2884 2885 2907
f 2885 2908 2907
f 2885 2886 2908
f 2886 2909 2908
f 2886 2887 2909
f 2887 2910 2909
f 2887 2888 2910
f 2888 2911 2910
f 2888 2889 2911
f 2889 2912 2911
f 2889 2890 2912
f 2890 2913 2912
f 2890 2891 2913
f 2891 2914 2913
f 2891 2892 2914
f 2892 2915 2914
f 2892 2893 2915
f 2893 2916 2915
f 2893 2894 2916
f 2894 2917 2916
f 2894 2895 2917
f 2895 2918 2917
f 2895 2896 2918
f 2896 2919 2918
f 2896 2897 2919
f 2897 2920 2919
f 2897 2898 2920
f 2898 2921 2920
f 2899 2900 2922
f 2900 2923 2922
f 2900 2901 2923
f 2901 2924 2923
f 2901 2902 2924
f 2902 2925 2924
f 2902 2903 2925
f 2903 2926 2925
f 2903 2904 2926
f 2904 2927 2926
f 2904 2905 2927
f 2905 2928 2927
f 2905 2906 2928
f 2906 2929 2928
f 2906 2907 2929
f 2907 2930 2929
f 2907 2908 2930
f 2908 2931 2930
f 2908 2909 2931
f 2909 2932 2931
f 2909 2910 2932
f 2910 2933 2932
f 2910 2911 2933
f 2911 2934 2933
f 2911 2912 2934
f 2912 2935 2934
f 2912 2913 2935
f 2913 2936 2935
f 2913 2914 2936
f 2914 2937 2936
f 2914 2915 2937
f 2915 2938 2937
f 2915 2916 2938
f 2916 2939 2938
f 2916 2917 2939
f 2917 2940 2939
f 2917 2918 2940
f 2918 2941 2940
f 2918 2919 2941
f 2919 2942 2941
f 2919 2920 2942
f 2920 2943 2942
f 2920 2921 2943
f 2921 2944 2943
f 2922 2923 2945
f 2923 2946 2945
f 2923 2924 2946
f 2924 2947 2946
f 2924 2925 2947
f 2925 2948 2947
f 2925 2926 2948
f 2926 2949 2948
f 2926 2927 2949
f 2927 2950 2949
f 2927 2928 2950
f 2928 2951 2950
f 2928 2929 2951
f 2929 2952 2951
f 2929 2930 2952
f 2930 2953 2952
f 2930 2931 2953
f 2931 2954 2953
f 2931 2932 2954
f 2932 2955 2954
f 2932 2933 2955
f 2933 2956 2955
f 2933 2934 2956
f 2934 2957 2956
f 2934 2935 2957
f 2935 2958 2957
f 2935 2936 2958
f 2936 2959 2958
f 2936 2937 2959
f 2937 2960 2959
f 2937 2938 2960
f 2938 2961 2960
f 2938 2939 2961
f 2939 2962 2961
f 2939 2940 2962
f 2940 2963 2962
f 2940 2941 2963
f 2941 2964 2963
f 2941 2942 2964
f 2942 2965 2964
f 2942 2943 2965
f 2943 2966 2965
f 2943 2944 2966
f 2944 2967 2966
f 2945 2946 2968
f 2946 2969 2968
f 2946 2947 2969
f 2947 2970 2969
f 2947 2948 2970
f 2948 2971 2970
f 2948 2949 2971
f 2949 2972 2971
f 2949 2950 2972
f 2950 2973 2972
f 2950 2951 2973
f 2951 2974 2973
f 2951 2952 2974
f 2952 2975 2974
f 2952 2953 2975
f 2953 2976 2975
f 2953 2954 2976
f 2954 2977 2976
f 2954 2955 2977
f 2955 2978 2977
f 2955 2956 2978
f 2956 2979 2978
f 2956 2957 2979
f 2957 2980 2979
f 2957 2958 2980
f 2958 2981 2980
f 2958 2959 2981
f 2959 2982 2981
f 2959 2960 2982
f 2960 2983 2982
f 2960 2961 2983
f 2961 2984 2983
f 2961 2962 2984
f 2962 2985 2984
f 2962 2963 2985
f 2963 2986 2985
f 2963 2964 2986
f 2964 2987 2986
f 2964 2965 2987
f 2965 2988 2987
f 2965 2966 2988
f 2966 2989 2988
f 2966 2967 2989
f 2967 2990 2989
f 2968 2969 2991
f 2969 2992 2991
f 2969 2970 2992
f 2970 2993 2992
f 2970 2971 2993
f 2971 2994 2993
f 2971 2972 2994
f 2972 2995 2994
f 2972 2973 2995
f 2973 2996 2995
f 2973 2974 2996
f 2974 2997 2996
f 2974 2975 2997
f 2975 2998 2997
f 2975 2976 2998
f 2976 2999 2998
f 2976 2977 2999
f 2977 3000 2999
f 2977 2978 3000
f 2978 3001 3000
f 2978 2979 3001
f 2979 3002 3001
f 2979 2980 3002
f 2980 3003 3002
f 2980 2981 3003
f 2981 3004 3003
f 2981 2982 3004
f 2982 3005 3004
f 2982 2983 3005
f 2983 3006 3005
f 2983 2984 3006
f 2984 3007 3006
f 2984 2985 3007
f 2985 3008 3007
f 2985 2986 3008
f 2986 3009 3008
f 2986 2987 3009
f 2987 3010 3009
f 2987 2988 3010
f 2988 3011 3010
f 2988 2989 3011
f 2989 3012 3011
f 2989 2990 3012
f 2990 3013 3012
f 2991 2992 3014
f 2992 3015 3014
f 2992 2993 3015
f 2993 3016 3015
f 2993 2994 3016
f 2994 3017 3016
f 2994 2995 3017
f 2995 3018 3017
f 2995 2996 3018
f 2996 3019 3018
f 2996 2997 3019
f 2997 3020 3019
f 2997 2998 3020
f 2998 3021 3020
f 2998 2999 3021
f 2999 3022 3021
f 2999 3000 3022
f 3000 3023 3022
f 3000 3001 3023
f 3001 3024 3023
f 3001 3002 3024
f 3002 3025 3024
f 3002 3003 3025
f 3003 3026 3025
f 3003 3004 3026
f 3004 3027 3026
f 3004 3005 3027
f 3005 3028 3027
f 3005 3006 3028
f 3006 3029 3028
f 3006 3007 3029
f 3007 3030 3029
f 3007 3008 3030
f 3008 3031 3030
f 3008 3009 3031
f 3009 3032 3031
f 3009 3010 3032
f 3010 3033 3032
f 3010 3011 3033
f 3011 3034 3033
f 3011 3012 3034
f 3012 3035 3034
f 3012 3013 3035
f 3013 3036 3035
f 3014 3015 3037
f 3015 3038 3037
f 3015 3016 3038
f 3016 3039 3038
f 3016 3017 3039
f 3017 3040 3039
f 3017 3018 3040
f 3018 3041 3040
f 3018 3019 3041
f 3019 3042 3041
f 3019 3020 3042
f 3020 3043 3042
f 3020 3021 3043
f 3021 3044 3043
f 3021 3022 3044
f 3022 3045 3044
f 3022 3023 3045
f 3023 3046 3045
f 3023 3024 3046
f 3024 3047 3046
f 3024 3025 3047
f 3025 3048 3047
f 3025 3026 3048
f 3026 3049 3048
f 3026 3027 3049
f 3027 3050 3049
f 3027 3028 3050
f 3028 3051 3050
f 3028 3029 3051
f 3029 3052 3051
f 3029 3030 3052
f 3030 3053 3052
f 3030 3031 3053
f 3031 3054 3053
f 3031 3032 3054
f 3032 3055 3054
f 3032 3033 3055
f 3033 3056 3055
f 3033 3034 3056
f 3034 3057 3056
f 3034 3035 3057
f 3035 3058 3057
f 3035 3036 3058
f 3036 3059 3058
f 3037 3038 3060
f 3038 3061 3060
f 3038 3039 3061
f 3039 3062 3061
f 3039 3040 3062
f 3040 3063 3062
f 3040 3041 3063
f 3041 3064 3063
f 3041 3042 3064
f 3042 3065 3064
f 3042 3043 3065
f 3043 3066 3065
f 3043 3044 3066
f 3044 3067 3066
f 3044 3045 3067
f 3045 3068 3067
f 3045 3046 3068
f 3046 3069 3068
f 3046 3047 3069
f 3047 3070 3069
f 3047 3048 3070
f 3048 3071 3070
f 3048 3049 3071
f 3049 3072 3071
f 3049 3050 3072
f 3050 3073 3072
f 3050 3051 3073
f 3051 3074 3073
f 3051 3052 3074
f 3052 3075 3074
f 3052 3053 3075
f 3053 3076 3075
f 3053 3054 3076
f 3054 3077 3076
f 3054 3055 3077
f 3055 3078 3077
f 3055 3056 3078
f 3056 3079 3078
f 3056 3057 3079
f 3057 3080 3079
f 3057 3058 3080
f 3058 3081 3080
f 3058 3059 3081
f 3059 3082 3081
f 3060 3061 3083
f 3061 3062 3084
f 3062 3063 3085
f 3063 3064 3086
f 3064 3065 3087
f 3065 3066 3088
f 3066 3067 3089
f 3067 3068 3090
f 3068 3069 3091
f 3069 3070 3092
f 3070 3071 3093
f 3071 3072 3094
f 3072 3073 3095
f 3073 3074 3096
f 3074 3075 3097
f 3075 3076 3098
f 3076 3077 3099
f 3077 3078 3100
f 3078 3079 3101
f 3079 3080 3102
f 3080 3081 3103
f 3081 3082 3104
usemtl rock_0
f 3107 3130 3129
f 3108 3131 3130
f 3109 3132 3131
f 3110 3133 3132
f 3111 3134 3133
f 3112 3135 3134
f 3113 3136 3135
f 3114 3137 3136
f 3115 3138 3137
f 3116 3139 3138
f 3117 3140 3139
f 3118 3141 3140
f 3119 3142 3141
f 3120 3143 3142
f 3121 3144 3143
f 3122 3145 3144
f 3123 3146 3145
f 3124 3147 3146
f 3125 3148 3147
f 3126 3149 3148
f 3127 3150 3149
f 3128 3151 3150
f 3129 3130 3152
f 3130 3153 3152
f 3130 3131 3153
f 3131 3154 3153
f 3131 3132 3154
f 3132 3155 3154
f 3132 3133 3155
f 3133 3156 3155
f 3133 3134 3156
f 3134 3157 3156
f 3134 3135 3157
f 3135 3158 3157
f 3135 3136 3158
f 3136 3159 3158
f 3136 3137 3159
f 3137 3160 3159
f 3137 3138 3160
f 3138 3161 3160
f 3138 3139 3161
f 3139 3162 3161
f 3139 3140 3162
f 3140 3163 3162
f 3140 3141 3163
f 3141 3164 3163
f 3141 3142 3164
f 3142 3165 3164
f 3142 3143 3165
f 3143 3166 3165
f 3143 3144 3166
f 3144 3167 3166
f 3144 3145 3167
f 3145 3168 3167
f 3145 3146 3168
f 3146 3169 3168
f 3146 3147 3169
f 3147 3170 3169
f 3147 3148 3170
f 3148 3171 3170
f 3148 3149 3171
f 3149 3172 3171
f 3149 3150 3172
f 3150 3173 3172
f 3150 3151 3173
f 3151 3174 3173
f 3152 3153 3175
f 3153 3176 3175
f 3153 3154 3176
f 3154 3177 3176
f 3154 3155 3177
f 3155 3178 3177
f 3155 3156 3178
f 3156 3179 3178
f 3156 3157 3179
f 3157 3180 3179
f 3157 3158 3180
f 3158 3181 3180
f 3158 3159 3181
f 3159 3182 3181
f 3159 3160 3182
f 3160 3183 3182
f 3160 3161 3183
f 3161 3184 3183
f 3161 3162 3184
f 3162 3185 3184
f 3162 3163 3185
f 3163 3186 3185
f 3163 3164 3186
f 3164 3187 3186
f 3164 3165 3187
f 3165 3188 3187
f 3165 3166 3188
f 3166 3189 3188
f 3166 3167 3189
f 3167 3190 3189
f 3167 3168 3190
f 3168 3191 3190
f 3168 3169 3191
f 3169 3192 3191
f 3169 3170 3192
f 3170 3193 3192
f 3170 3171 3193
f 3171 3194 3193
f 3171 3172 3194
f 3172 3195 3194
f 3172 3173 3195
f 3173 3196 3195
f 3173 3174 3196
f 3174 3197 3196
f 3175 3176 3198
f 3176 3199 3198
f 3176 3177 3199
f 3177 3200 3199
f 3177 3178 3200
f 3178 3201 3200
f 3178 3179 3201
f 3179 3202 3201
f 3179 3180 3202
f 3180 3203 3202
f 3180 3181 3203
f 3181 3204 3203
f 3181 3182 3204
f 3182 3205 3204
f 3182 3183 3205
f 3183 3206 3205
f 3183 3184 3206
f 3184 3207 3206
f 3184 3185 3207
f 3185 3208 3207
f 3185 3186 3208
f 3186 3209 3208
f 3186 3187 3209
f 3187 3210 3209
f 3187 3188 3210
f 3188 3211 3210
f 3188 3189 3211
f 3189 3212 3211
f 3189 3190 3212
f 3190 3213 3212
f 3190 3191 3213
f 3191 3214 3213
f 3191 3192 3214
f 3192 3215 3214
f 3192 3193 3215
f 3193 3216 3215
f 3193 3194 3216
f 3194 3217 3216
f 3194 3195 3217
f 3195 3218 3217
f 3195 3196 3218
f 3196 3219 3218
f 3196 3197 3219
f 3197 3220 3219
f 3198 3199 3221
f 3199 3222 3221
f 3199 3200 3222
f 3200 3223 3222
f 3200 3201 3223
f 3201 3224 3223
f 3201 3202 3224
f 3202 3225 3224
f 3202 3203 3225
f 3203 3226 3225
f 3203 3204 3226
f 3204 3227 3226
f 3204 3205 3227
f 3205 3228 3227
f 3205 3206 3228
f 3206 3229 3228
f 3206 3207 3229
f 3207 3230 3229
f 3207 3208 3230
f 3208 3231 3230
f 3208 3209 3231
f 3209 3232 3231
f 3209 3210 3232
f 3210 3233 3232
f 3210 3211 3233
f 3211 3234 3233
f 3211 3212 3234
f 3212 3235 3234
f 3212 3213 3235
f 3213 3236 3235
f 3213 3214 3236
f 3214 3237 3236
f 3214 3215 3237
f 3215 3238 3237
f 3215 3216 3238
f 3216 3239 3238
f 3216 3217 3239
f 3217 3240 3239
f 3217 3218 3240
f 3218 3241 3240
f 3218 3219 3241
f 3219 3242 3241
f 3219 3220 3242
f 3220 3243 3242
f 3221 3222 3244
f 3222 3245 3244
f 3222 3223 3245
f 3223 3246 3245
f 3223 3224 3246
f 3224 3247 3246
f 3224 3225 3247
f 3225 3248 3247
f 3225 3226 3248
f 3226 3249 3248
f 3226 3227 3249
f 3227 3250 3249
f 3227 3228 3250
f 3228 3251 3250
f 3228 3229 3251
f 3229 3252 3251
f 3229 3230 3252
f 3230 3253 3252
f 3230 3231 3253
f 3231 3254 3253
f 3231 3232 3254
f 3232 3255 3254
f 3232 3233 3255
f 3233 3256 3255
f 3233 3234 3256
f 3234 3257 3256
f 3234 3235 3257
f 3235 3258 3257
f 3235 3236 3258
f 3236 3259 3258
f 3236 3237 3259
f 3237 3260 3259
f 3237 3238 3260
f 3238 3261 3260
f 3238 3239 3261
f 3239 3262 3261
f 3239 3240 3262
f 3240 3263 3262
f 3240 3241 3263
f 3241 3264 3263
f 3241 3242 3264
f 3242 3265 3264
f 3242 3243 3265
f 3243 3266 3265
f 3244 3245 3267
f 3245 3268 3267
f 3245 3246 3268
f 3246 3269 3268
f 3246 3247 3269
f 3247 3270 3269
f 3247 3248 3270
f 3248 3271 3270
f 3248 3249 3271
f 3249 3272 3271
f 3249 3250 3272
f 3250 3273 3272
f 3250 3251 3273
f 3251 3274 3273
f 3251 3252 3274
f 3252 3275 3274
f 3252 3253 3275
f 3253 3276 3275
f 3253 3254 3276
f 3254 3277 3276
f 3254 3255 3277
f 3255 3278 3277
f 3255 3256 3278
f 3256 3279 3278
f 3256 3257 3279
f 3257 3280 3279
f 3257 3258 3280
f 3258 3281 3280
f 3258 3259 3281
f 3259 3282 3281
f 3259 3260 3282
f 3260 3283 3282
f 3260 3261 3283
f 3261 3284 3283
f 3261 3262 3284
f 3262 3285 3284
f 3262 3263 3285
f 3263 3286 3285
f 3263 3264 3286
f 3264 3287 3286
f 3264 3265 3287
f 3265 3288 3287
f 3265 3266 3288
f 3266 3289 3288
f 3267 3268 3290
f 3268 3291 3290
f 3268 3269 3291
f 3269 3292 3291
f 3269 3270 3292
f 3270 3293 3292
f 3270 3271 3293
f 3271 3294 3293
f 3271 3272 3294
f 3272 3295 3294
f 3272 3273 3295
f 3273 3296 3295
f 3273 3274 3296
f 3274 3297 3296
f 3274 3275 3297
f 3275 3298 3297
f 3275 3276 3298
f 3276 3299 3298
f 3276 3277 3299
f 3277 3300 3299
f 3277 3278 3300
f 3278 3301 3300
f 3278 3279 3301
f 3279 3302 3301
f 3279 3280 3302
f 3280 3303 3302
f 3280 3281 3303
f 3281 3304 3303
f 3281 3282 3304
f 3282 3305 3304
f 3282 3283 3305
f 3283 3306 3305
f 3283 3284 3306
f 3284 3307 3306
f 3284 3285 3307
f 3285 3308 3307
f 3285 3286 3308
f 3286 3309 3308
f 3286 3287 3309
f 3287 3310 3309
f 3287 3288 3310
f 3288 3311 3310
f 3288 3289 3311
f 3289 3312 3311
f 3290 3291 3313
f 3291 3314 3313
f 3291 3292 3314
f 3292 3315 3314
f 3292 3293 3315
f 3293 3316 3315
f 3293 3294 3316
f 3294 3317 3316
f 3294 3295 3317
f 3295 3318 3317
f 3295 3296 3318
f 3296 3319 3318
f 3296 3297 3319
f 3297 3320 3319
f 3297 3298 3320
f 3298 3321 3320
f 3298 3299 3321
f 3299 3322 3321
f 3299 3300 3322
f 3300 3323 3322
f 3300 3301 3323
f 3301 3324 3323
f 3301 3302 3324
f 3302 3325 3324
f 3302 3303 3325
f 3303 3326 3325
f 3303 3304 3326
f 3304 3327 3326
f 3304 3305 3327
f 3305 3328 3327
f 3305 3306 3328
f 3306 3329 3328
f 3306 3307 3329
f 3307 3330 3329
f 3307 3308 3330
f 3308 3331 3330
f 3308 3309 3331
f 3309 3332 3331
f 3309 3310 3332
f 3310 3333 3332
f 3310 3311 3333
f 3311 3334 3333
f 3311 3312 3334
f 3312 3335 3334
f 3313 3314 3336
f 3314 3337 3336
f 3314 3315 3337
f 3315 3338 3337
f 3315 3316 3338
f 3316 3339 3338
f 3316 3317 3339
f 3317 3340 3339
f 3317 3318 3340
f 3318 3341 3340
f 3318 3319 3341
f 3319 3342 3341
f 3319 3320 3342
f 3320 3343 3342
f 3320 3321 3343
f 3321 3344 3343
f 3321 3322 3344
f 3322 3345 3344
f 3322 3323 3345
f 3323 3346 3345
f 3323 3324 3346
f 3324 3347 3346
f 3324 3325 3347
f 3325 3348 3347
f 3325 3326 3348
f 3326 3349 3348
f 3326 3327 3349
f 3327 3350 3349
f 3327 3328 3350
f 3328 3351 3350
f 3328 3329 3351
f 3329 3352 3351
f 3329 3330 3352
f 3330 3353 3352
f 3330 3331 3353
f 3331 3354 3353
f 3331 3332 3354
f 3332 3355 3354
f 3332 3333 3355
f 3333 3356 3355
f 3333 3334 3356
f 3334 3357 3356
f 3334 3335 3357
f 3335 3358 3357
f 3336 3337 3359
f 3337 3360 3359
f 3337 3338 3360
f 3338 3361 3360
f 3338 3339 3361
f 3339 3362 3361
f 3339 3340 3362
f 3340 3363 3362
f 3340 3341 3363
f 3341 3364 3363
f 3341 3342 3364
f 3342 3365 3364
f 3342 3343 3365
f 3343 3366 3365
f 3343 3344 3366
f 3344 3367 3366
f 3344 3345 3367
f 3345 3368 3367
f 3345 3346 3368
f 3346 3369 3368
f 3346 3347 3369
f 3347 3370 3369
f 3347 3348 3370
f 3348 3371 3370
f 3348 3349 3371
f 3349 3372 3371
f 3349 3350 3372
f 3350 3373 3372
f 3350 3351 3373
f 3351 3374 3373
f 3351 3352 3374
f 3352 3375 3374
f 3352 3353 3375
f 3353 3376 3375
f 3353 3354 3376
f 3354 3377 3376
f 3354 3355 3377
f 3355 3378 3377
f 3355 3356 3378
f 3356 3379 3378
f 3356 3357 3379
f 3357 3380 3379
f 3357 3358 3380
f 3358 3381 3380
f 3359 3360 3382
f 3360 3383 3382
f 3360 3361 3383
f 3361 3384 3383
f 3361 3362 3384
f 3362 3385 3384
f 3362 3363 3385
f 3363 3386 3385
f 3363 3364 3386
f 3364 3387 3386
f 3364 3365 3387
f 3365 3388 3387
f 3365 3366 3388
f 3366 3389 3388
f 3366 3367 3389
f 3367 3390 3389
f 3367 3368 3390
f 3368 3391 3390
f 3368 3369 3391
f 3369 3392 3391
f 3369 3370 3392
f 3370 3393 3392
f 3370 3371 3393
f 3371 3394 3393
f 3371 3372 3394
f 3372 3395 3394
f 3372 3373 3395
f 3373 3396 3395
f 3373 3374 3396
f 3374 3397 3396
f 3374 3375 3397
f 3375 3398 3397
f 3375 3376 3398
f 3376 3399 3398
f 3376 3377 3399
f 3377 3400 3399
f 3377 3378 3400
f 3378 3401 3400
f 3378 3379 3401
f 3379 3402 3401
f 3379 3380 3402
f 3380 3403 3402
f 3380 3381 3403
f 3381 3404 3403
f 3382 3383 3405
f 3383 3406 3405
f 3383 3384 3406
f 3384 3407 3406
f 3384 3385 3407
f 3385 3408 3407
f 3385 3386 3408
f 3386 3409 3408
f 3386 3387 3409
f 3387 3410 3409
f 3387 3388 3410
f 3388 3411 3410
f 3388 3389 3411
f 3389 3412 3411
f 3389 3390 3412
f 3390 3413 3412
f 3390 3391 3413
f 3391 3414 3413
f 3391 3392 3414
f 3392 3415 3414
f 3392 3393 3415
f 3393 3416 3415
f 3393 3394 3416
f 3394 3417 3416
f 3394 3395 3417
f 3395 3418 3417
f 3395 3396 3418
f 3396 3419 3418
f 3396 3397 3419
f 3397 3420 3419
f 3397 3398 3420
f 3398 3421 3420
f 3398 3399 3421
f 3399 3422 3421
f 3399 3400 3422
f 3400 3423 3422
f 3400 3401 3423
f 3401 3424 3423
f 3401 3402 3424
f 3402 3425 3424
f 3402 3403 3425
f 3403 3426 3425
f 3403 3404 3426
f 3404 3427 3426
f 3405 3406 3428
f 3406 3407 3429
f 3407 3408 3430
f 3408 3409 3431
f 3409 3410 3432
f 3410 3411 3433
f 3411 3412 3434
f 3412 3413 3435
f 3413 3414 3436
f 3414 3415 3437
f 3415 3416 3438
f 3416 3417 3439
f 3417 3418 3440
f 3418 3419 3441
f 3419 3420 3442
f 3420 3421 3443
f 3421 3422 3444
f 3422 3423 3445
f 3423 3424 3446
f 3424 3425 3447
f 3425 3426 3448
f 3426 3427 3449
usemtl rock_1
f 3452 3475 3474
f 3453 3476 3475
f 3454 3477 3476
f 3455 3478 3477
f 3456 3479 3478
f 3457 3480 3479
f 3458 3481 3480
f 3459 3482 3481
f 3460 3483 3482
f 3461 3484 3483
f 3462 3485 3484
f 3463 3486 3485
f 3464 3487 3486
f 3465 3488 3487
f 3466 3489 3488
f 3467 3490 3489
f 3468 3491 3490
f 3469 3492 3491
f 3470 3493 3492
f 3471 3494 3493
f 3472 3495 3494
f 3473 3496 3495
f 3474 3475 3497
f 3475 3498 3497
f 3475 3476 3498
f 3476 3499 3498
f 3476 3477 3499
f 3477 3500 3499
f 3477 3478 3500
f 3478 3501 3500
f 3478 3479 3501
f 3479 3502 3501
f 3479 3480 3502
f 3480 3503 3502
f 3480 3481 3503
f 3481 3504 3503
f 3481 3482 3504
f 3482 3505 3504
f 3482 3483 3505
f 3483 3506 3505
f 3483 3484 3506
f 3484 3507 3506
f 3484 3485 3507
f 3485 3508 3507
f 3485 3486 3508
f 3486 3509 3508
f 3486 3487 3509
f 3487 3510 3509
f 3487 3488 3510
f 3488 3511 3510
f 3488 3489 3511
f 3489 3512 3511
f 3489 3490 3512
f 3490 3513 3512
f 3490 3491 3513
f 3491 3514 3513
f 3491 3492 3514
f 3492 3515 3514
f 3492 3493 3515
f 3493 3516 3515
f 3493 3494 3516
f 3494 3517 3516
f 3494 3495 3517
f 3495 3518 3517
f 3495 3496 3518
f 3496 3519 3518
f 3497 3498 3520
f 3498 3521 3520
f 3498 3499 3521
f 3499 3522 3521
f 3499 3500 3522
f 3500 3523 3522
f 3500 3501 3523
f 3501 3524 3523
f 3501 3502 3524
f 3502 3525 3524
f 3502 3503 3525
f 3503 3526 3525
f 3503 3504 3526
f 3504 3527 3526
f 3504 3505 3527
f 3505 3528 3527
f 3505 3506 3528
f 3506 3529 3528
f 3506 3507 3529
f 3507 3530 3529
f 3507 3508 3530
f 3508 3531 3530
f 3508 3509 3531
f 3509 3532 3531
f 3509 3510 3532
f 3510 3533 3532
f 3510 3511 3533
f 3511 3534 3533
f 3511 3512 3534
f 3512 3535 3534
f 3512 3513 3535
f 3513 3536 3535
f 3513 3514 3536
f 3514 3537 3536
f 3514 3515 3537
f 3515 3538 3537
f 3515 3516 3538
f 3516 3539 3538
f 3516 3517 3539
f 3517 3540 3539
f 3517 3518 3540
f 3518 3541 3540
f 3518 3519 3541
f 3519 3542 3541
f 3520 3521 3543
f 3521 3544 3543
f 3521 3522 3544
f 3522 3545 3544
f 3522 3523 3545
f 3523 3546 3545
f 3523 3524 3546
f 3524 3547 3546
f 3524 3525 3547
f 3525 3548 3547
f 3525 3526 3548
f 3526 3549 3548
f 3526 3527 3549
f 3527 3550 3549
f 3527 3528 3550
f 3528 3551 3550
f 3528 3529 3551
f 3529 3552 3551
f 3529 3530 3552
f 3530 3553 3552
f 3530 3531 3553
f 3531 3554 3553
f 3531 3532 3554
f 3532 3555 3554
f 3532 3533 3555
f 3533 3556 3555
f 3533 3534 3556
f 3534 3557 3556
f 3534 3535 3557
f 3535 3558 3557
f 3535 3536 3558
f 3536 3559 3558
f 3536 3537 3559
f 3537 3560 3559
f 3537 3538 3560
f 3538 3561 3560
f 3538 3539 3561
f 3539 3562 3561
f 3539 3540 3562
f 3540 3563 3562
f 3540 3541 3563
f 3541 3564 3563
f 3541 3542 3564
f 3542 3565 3564
f 3543 3544 3566
f 3544 3567 3566
f 3544 3545 3567
f 3545 3568 3567
f 3545 3546 3568
f 3546 3569 3568
f 3546 3547 3569
f 3547 3570 3569
f 3547 3548 3570
f 3548 3571 3570
f 3548 3549 3571
f 3549 3572 3571
f 3549 3550 3572
f 3550 3573 3572
f 3550 3551 3573
f 3551 3574 3573
f 3551 3552 3574
f 3552 3575 3574
f 3552 3553 3575
f 3553 3576 3575
f 3553 3554 3576
f 3554 3577 3576
f 3554 3555 3577
f 3555 3578 3577
f 3555 3556 3578
f 3556 3579 3578
f 3556 3557 3579
f 3557 3580 3579
f 3557 3558 3580
f 3558 3581 3580
f 3558 3559 3581
f 3559 3582 3581
f 3559 3560 3582
f 3560 3583 3582
f 3560 3561 3583
f 3561 3584 3583
f 3561 3562 3584
f 3562 3585 3584
f 3562 3563 3585
f 3563 3586 3585
f 3563 3564 3586
f 3564 3587 3586
f 3564 3565 3587
f 3565 3588 3587
f 3566 3567 3589
f 3567 3590 3589
f 3567 3568 3590
f 3568 3591 3590
f 3568 3569 3591
f 3569 3592 3591
f 3569 3570 3592
f 3570 3593 3592
f 3570 3571 3593
f 3571 3594 3593
f 3571 3572 3594
f 3572 3595 3594
f 3572 3573 3595
f 3573 3596 3595
f 3573 3574 3596
f 3574 3597 3596
f 3574 3575 3597
f 3575 3598 3597
f 3575 3576 3598
f 3576 3599 3598
f 3576 3577 3599
f 3577 3600 3599
f 3577 3578 3600
f 3578 3601 3600
f 3578 3579 3601
f 3579 3602 3601
f 3579 3580 3602
f 3580 3603 3602
f 3580 3581 3603
f 3581 3604 3603
f 3581 3582 3604
f 3582 3605 3604
f 3582 3583 3605
f 3583 3606 3605
f 3583 3584 3606
f 3584 3607 3606
f 3584 3585 3607
f 3585 3608 3607
f 3585 3586 3608
f 3586 3609 3608
f 3586 3587 3609
f 3587 3610 3609
f 3587 3588 3610
f 3588 3611 3610
f 3589 3590 3612
f 3590 3613 3612
f 3590 3591 3613
f 3591 3614 3613
f 3591 3592 3614
f 3592 3615 3614
f 3592 3593 3615
f 3593 3616 3615
f 3593 3594 3616
f 3594 3617 3616
f 3594 3595 3617
f 3595 3618 3617
f 3595 3596 3618
f 3596 3619 3618
f 3596 3597 3619
f 3597 3620 3619
f 3597 3598 3620
f 3598 3621 3620
f 3598 3599 3621
f 3599 3622 3621
f 3599 3600 3622
f 3600 3623 3622
f 3600 3601 3623
f 3601 3624 3623
f 3601 3602 3624
f 3602 3625 3624
f 3602 3603 3625
f 3603 3626 3625
f 3603 3604 3626
f 3604 3627 3626
f 3604 3605 3627
f 3605 3628 3627
f 3605 3606 3628
f 3606 3629 3628
f 3606 3607 3629
f 3607 3630 3629
f 3607 3608 3630
f 3608 3631 3630
f 3608 3609 3631
f 3609 3632 3631
f 3609 3610 3632
f 3610 3633 3632
f 3610 3611 3633
f 3611 3634 3633
f 3612 3613 3635
f 3613 3636 3635
f 3613 3614 3636
f 3614 3637 3636
f 3614 3615 3637
f 3615 3638 3637
f 3615 3616 3638
f 3616 3639 3638
f 3616 3617 3639
f 3617 3640 3639
f 3617 3618 3640
f 3618 3641 3640
f 3618 3619 3641
f 3619 3642 3641
f 3619 3620 3642
f 3620 3643 3642
f 3620 3621 3643
f 3621 3644 3643
f 3621 3622 3644
f 3622 3645 3644
f 3622 3623 3645
f 3623 3646 3645
f 3623 3624 3646
f 3624 3647 3646
f 3624 3625 3647
f 3625 3648 3647
f 3625 3626 3648
f 3626 3649 3648
f 3626 3627 3649
f 3627 3650 3649
f 3627 3628 3650
f 3628 3651 3650
f 3628 3629 3651
f 3629 3652 3651
f 3629 3630 3652
f 3630 3653 3652
f 3630 3631 3653
f 3631 3654 3653
f 3631 3632 3654
f 3632 3655 3654
f 3632 3633 3655
f 3633 3656 3655
f 3633 3634 3656
f 3634 3657 3656
f 3635 3636 3658
f 3636 3659 3658
f 3636 3637 3659
f 3637 3660 3659
f 3637 3638 3660
f 3638 3661 3660
f 3638 3639 3661
f 3639 3662 3661
f 3639 3640 3662
f 3640 3663 3662
f 3640 3641 3663
f 3641 3664 3663
f 3641 3642 3664
f 3642 3665 3664
f 3642 3643 3665
f 3643 3666 3665
f 3643 3644 3666
f 3644 3667 3666
f 3644 3645 3667
f 3645 3668 3667
f 3645 3646 3668
f 3646 3669 3668
f 3646 3647 3669
f 3647 3670 3669
f 3647 3648 3670
f 3648 3671 3670
f 3648 3649 3671
f 3649 3672 3671
f 3649 3650 3672
f 3650 3673 3672
f 3650 3651 3673
f 3651 3674 3673
f 3651 3652 3674
f 3652 3675 3674
f 3652 3653 3675
f 3653 3676 3675
f 3653 3654 3676
f 3654 3677 3676
f 3654 3655 3677
f 3655 3678 3677
f 3655 3656 3678
f 3656 3679 3678
f 3656 3657 3679
f 3657 3680 3679
f 3658 3659 3681
f 3659 3682 3681
f 3659 3660 3682
f 3660 3683 3682
f 3660 3661 3683
f 3661 3684 3683
f 3661 3662 3684
f 3662 3685 3684
f 3662 3663 3685
f 3663 3686 3685
f 3663 3664 3686
f 3664 3687 3686
f 3664 3665 3687
f 3665 3688 3687
f 3665 3666 3688
f 3666 3689 3688
f 3666 3667 3689
f 3667 3690 3689
f 3667 3668 3690
f 3668 3691 3690
f 3668 3669 3691
f 3669 3692 3691
f 3669 3670 3692
f 3670 3693 3692
f 3670 3671 3693
f 3671 3694 3693
f 3671 3672 3694
f 3672 3695 3694
f 3672 3673 3695
f 3673 3696 3695
f 3673 3674 3696
f 3674 3697 3696
f 3674 3675 3697
f 3675 3698 3697
f 3675 3676 3698
f 3676 3699 3698
f 3676 3677 3699
f 3677 3700 3699
f 3677 3678 3700
f 3678 3701 3700
f 3678 3679 3701
f 3679 3702 3701
f 3679 3680 3702
f 3680 3703 3702
f 3681 3682 3704
f 3682 3705 3704
f 3682 3683 3705
f 3683 3706 3705
f 3683 3684 3706
f 3684 3707 3706
f 3684 3685 3707
f 3685 3708 3707
f 3685 3686 3708
f 3686 3709 3708
f 3686 3687 3709
f 3687 3710 3709
f 3687 3688 3710
f 3688 3711 3710
f 3688 3689 3711
f 3689 3712 3711
f 3689 3690 3712
f 3690 3713 3712
f 3690 3691 3713
f 3691 3714 3713
f 3691 3692 3714
f 3692 3715 3714
f 3692 3693 3715
f 3693 3716 3715
f 3693 3694 3716
f 3694 3717 3716
f 3694 3695 3717
f 3695 3718 3717
f 3695 3696 3718
f 3696 3719 3718
f 3696 3697 3719
f 3697 3720 3719
f 3697 3698 3720
f 3698 3721 3720
f 3698 3699 3721
f 3699 3722 3721
f 3699 3700 3722
f 3700 3723 3722
f 3700 3701 3723
f 3701 3724 3723
f 3701 3702 3724
f 3702 3725 3724
f 3702 3703 3725
f 3703 3726 3725
f 3704 3705 3727
f 3705 3728 3727
f 3705 3706 3728
f 3706 3729 3728
f 3706 3707 3729
f 3707 3730 3729
f 3707 3708 3730
f 3708 3731 3730
f 3708 3709 3731
f 3709 3732 3731
f 3709 3710 3732
f 3710 3733 3732
f 3710 3711 3733
f 3711 3734 3733
f 3711 3712 3734
f 3712 3735 3734
f 3712 3713 3735
f 3713 3736 3735
f 3713 3714 3736
f 3714 3737 3736
f 3714 3715 3737
f 3715 3738 3737
f 3715 3716 3738
f 3716 3739 3738
f 3716 3717 3739
f 3717 3740 3739
f 3717 3718 3740
f 3718 3741 3740
f 3718 3719 3741
f 3719 3742 3741
f 3719 3720 3742
f 3720 3743 3742
f 3720 3721 3743
f 3721 3744 3743
f 3721 3722 3744
f 3722 3745 3744
f 3722 3723 3745
f 3723 3746 3745
f 3723 3724 3746
f 3724 3747 3746
f 3724 3725 3747
f 3725 3748 3747
f 3725 3726 3748
f 3726 3749 3748
f 3727 3728 3750
f 3728 3751 3750
f 3728 3729 3751
f 3729 3752 3751
f 3729 3730 3752
f 3730 3753 3752
f 3730 3731 3753
f 3731 3754 3753
f 3731 3732 3754
f 3732 3755 3754
f 3732 3733 3755
f 3733 3756 3755
f 3733 3734 3756
f 3734 3757 3756
f 3734 3735 3757
f 3735 3758 3757
f 3735 3736 3758
f 3736 3759 3758
f 3736 3737 3759
f 3737 3760 3759
f 3737 3738 3760
f 3738 3761 3760
f 3738 3739 3761
f 3739 3762 3761
f 3739 3740 3762
f 3740 3763 3762
f 3740 3741 3763
f 3741 3764 3763
f 3741 3742 3764
f 3742 3765 3764
f 3742 3743 3765
f 3743 3766 3765
f 3743 3744 3766
f 3744 3767 3766
f 3744 3745 3767
f 3745 3768 3767
f 3745 3746 3768
f 3746 3769 3768
f 3746 3747 3769
f 3747 3770 3769
f 3747 3748 3770
f 3748 3771 3770
f 3748 3749 3771
f 3749 3772 3771
f 3750 3751 3773
f 3751 3752 3774
f 3752 3753 3775
f 3753 3754 3776
f 3754 3755 3777
f 3755 3756 3778
f 3756 3757 3779
f 3757 3758 3780
f 3758 3759 3781
f 3759 3760 3782
f 3760 3761 3783
f 3761 3762 3784
f 3762 3763 3785
f 3763 3764 3786
f 3764 3765 3787
f 3765 3766 3788
f 3766 3767 3789
f 3767 3768 3790
f 3768 3769 3791
f 3769 3770 3792
f 3770 3771 3793
f 3771 3772 3794
usemtl rock_2
f 3797 3820 3819
f 3798 3821 3820
f 3799 3822 3821
f 3800 3823 3822
f 3801 3824 3823
f 3802 3825 3824
f 3803 3826 3825
f 3804 3827 3826
f 3805 3828 3827
f 3806 3829 3828
f 3807 3830 3829
f 3808 3831 3830
f 3809 3832 3831
f 3810 3833 3832
f 3811 3834 3833
f 3812 3835 3834
f 3813 3836 3835
f 3814 3837 3836
f 3815 3838 3837
f 3816 3839 3838
f 3817 3840 3839
f 3818 3841 3840
f 3819 3820 3842
f 3820 3843 3842
f 3820 3821 3843
f 3821 3844 3843
f 3821 3822 3844
f 3822 3845 3844
f 3822 3823 3845
f 3823 3846 3845
f 3823 3824 3846
f 3824 3847 3846
f 3824 3825 3847
f 3825 3848 3847
f 3825 3826 3848
f 3826 3849 3848
f 3826 3827 3849
f 3827 3850 3849
f 3827 3828 3850
f 3828 3851 3850
f 3828 3829 3851
f 3829 3852 3851
f 3829 3830 3852
f 3830 3853 3852
f 3830 3831 3853
f 3831 3854 3853
f 3831 3832 3854
f 3832 3855 3854
f 3832 3833 3855
f 3833 3856 3855
f 3833 3834 3856
f 3834 3857 3856
f 3834 3835 3857
f 3835 3858 3857
f 3835 3836 3858
f 3836 3859 3858
f 3836 3837 3859
f 3837 3860 3859
f 3837 3838 3860
f 3838 3861 3860
f 3838 3839 3861
f 3839 3862 3861
f 3839 3840 3862
f 3840 3863 3862
f 3840 3841 3863
f 3841 3864 3863
f 3842 3843 3865
f 3843 3866 3865
f 3843 3844 3866
f 3844 3867 3866
f 3844 3845 3867
f 3845 3868 3867
f 3845 3846 3868
f 3846 3869 3868
f 3846 3847 3869
f 3847 3870 3869
f 3847 3848 3870
f 3848 3871 3870
f 3848 3849 3871
f 3849 3872 3871
f 3849 3850 3872
f 3850 3873 3872
f 3850 3851 3873
f 3851 3874 3873
f 3851 3852 3874
f 3852 3875 3874
f 3852 3853 3875
f 3853 3876 3875
f 3853 3854 3876
f 3854 3877 3876
f 3854 3855 3877
f 3855 3878 3877
f 3855 3856 3878
f 3856 3879 3878
f 3856 3857 3879
f 3857 3880 3879
f 3857 3858 3880
f 3858 3881 3880
f 3858 3859 3881
f 3859 3882 3881
f 3859 3860 3882
f 3860 3883 3882
f 3860 3861 3883
f 3861 3884 3883
f 3861 3862 3884
f 3862 3885 3884
f 3862 3863 3885
f 3863 3886 3885
f 3863 3864 3886
f 3864 3887 3886
f 3865 3866 3888
f 3866 3889 3888
f 3866 3867 3889
f 3867 3890 3889
f 3867 3868 3890
f 3868 3891 3890
f 3868 3869 3891
f 3869 3892 3891
f 3869 3870 3892
f 3870 3893 3892
f 3870 3871 3893
f 3871 3894 3893
f 3871 3872 3894
f 3872 3895 3894
f 3872 3873 3895
f 3873 3896 3895
f 3873 3874 3896
f 3874 3897 3896
f 3874 3875 3897
f 3875 3898 3897
f 3875 3876 3898
f 3876 3899 3898
f 3876 3877 3899
f 3877 3900 3899
f 3877 3878 3900
f 3878 3901 3900
f 3878 3879 3901
f 3879 3902 3901
f 3879 3880 3902
f 3880 3903 3902
f 3880 3881 3903
f 3881 3904 3903
f 3881 3882 3904
f 3882 3905 3904
f 3882 3883 3905
f 3883 3906 3905
f 3883 3884 3906
f 3884 3907 3906
f 3884 3885 3907
f 3885 3908 3907
f 3885 3886 3908
f 3886 3909 3908
f 3886 3887 3909
f 3887 3910 3909
f 3888 3889 3911
f 3889 3912 3911
f 3889 3890 3912
f 3890 3913 3912
f 3890 3891 3913
f 3891 3914 3913
f 3891 3892 3914
f 3892 3915 3914
f 3892 3893 3915
f 3893 3916 3915
f 3893 3894 3916
f 3894 3917 3916
f 3894 3895 3917
f 3895 3918 3917
f 3895 3896 3918
f 3896 3919 3918
f 3896 3897 3919
f 3897 3920 3919
f 3897 3898 3920
f 3898 3921 3920
f 3898 3899 3921
f 3899 3922 3921
f 3899 3900 3922
f 3900 3923 3922
f 3900 3901 3923
f 3901 3924 3923
f 3901 3902 3924
f 3902 3925 3924
f 3902 3903 3925
f 3903 3926 3925
f 3903 3904 3926
f 3904 3927 3926
f 3904 3905 3927
f 3905 3928 3927
f 3905 3906 3928
f 3906 3929 3928
f 3906 3907 3929
f 3907 3930 3929
f 3907 3908 3930
f 3908 3931 3930
f 3908 3909 3931
f 3909 3932 3931
f 3909 3910 3932
f 3910 3933 3932
f 3911 3912 3934
f 3912 3935 3934
f 3912 3913 3935
f 3913 3936 3935
f 3913 3914 3936
f 3914 3937 3936
f 3914 3915 3937
f 3915 3938 3937
f 3915 3916 3938
f 3916 3939 3938
f 3916 3917 3939
f 3917 3940 3939
f 3917 3918 3940
f 3918 3941 3940
f 3918 3919 3941
f 3919 3942 3941
f 3919 3920 3942
f 3920 3943 3942
f 3920 3921 3943
f 3921 3944 3943
f 3921 3922 3944
f 3922 3945 3944
f 3922 3923 3945
f 3923 3946 3945
f 3923 3924 3946
f 3924 3947 3946
f 3924 3925 3947
f 3925 3948 3947
f 3925 3926 3948
f 3926 3949 3948
f 3926 3927 3949
f 3927 3950 3949
f 3927 3928 3950
f 3928 3951 3950
f 3928 3929 3951
f 3929 3952 3951
f 3929 3930 3952
f 3930 3953 3952
f 3930 3931 3953
f 3931 3954 3953
f 3931 3932 3954
f 3932 3955 3954
f 3932 3933 3955
f 3933 3956 3955
f 3934 3935 3957
f 3935 3958 3957
f 3935 3936 3958
f 3936 3959 3958
f 3936 3937 3959
f 3937 3960 3959
f 3937 3938 3960
f 3938 3961 3960
f 3938 3939 3961
f 3939 3962 3961
f 3939 3940 3962
f 3940 3963 3962
f 3940 3941 3963
f 3941 3964 3963
f 3941 3942 3964
f 3942 3965 3964
f 3942 3943 3965
f 3943 3966 3965
f 3943 3944 3966
f 3944 3967 3966
f 3944 3945 3967
f 3945 3968 3967
f 3945 3946 3968
f 3946 3969 3968
f 3946 3947 3969
f 3947 3970 3969
f 3947 3948 3970
f 3948 3971 3970
f 3948 3949 3971
f 3949 3972 3971
f 3949 3950 3972
f 3950 3973 3972
f 3950 3951 3973
f 3951 3974 3973
f 3951 3952 3974
f 3952 3975 3974
f 3952 3953 3975
f 3953 3976 3975
f 3953 3954 3976
f 3954 3977 3976
f 3954 3955 3977
f 3955 3978 3977
f 3955 3956 3978
f 3956 3979 3978
f 3957 3958 3980
f 3958 3981 3980
f 3958 3959 3981
f 3959 3982 3981
f 3959 3960 3982
f 3960 3983 3982
f 3960 3961 3983
f 3961 3984 3983
f 3961 3962 3984
f 3962 3985 3984
f 3962 3963 3985
f 3963 3986 3985
f 3963 3964 3986
f 3964 3987 3986
f 3964 3965 3987
f 3965 3988 3987
f 3965 3966 3988
f 3966 3989 3988
f 3966 3967 3989
f 3967 3990 3989
f 3967 3968 3990
f 3968 3991 3990
f 3968 3969 3991
f 3969 3992 3991
f 3969 3970 3992
f 3970 3993 3992
f 3970 3971 3993
f 3971 3994 3993
f 3971 3972 3994
f 3972 3995 3994
f 3972 3973 3995
f 3973 3996 3995
f 3973 3974 3996
f 3974 3997 3996
f 3974 3975 3997
f 3975 3998 3997
f 3975 3976 3998
f 3976 3999 3998
f 3976 3977 3999
f 3977 4000 3999
f 3977 3978 4000
f 3978 4001 4000
f 3978 3979 4001
f 3979 4002 4001
f 3980 3981 4003
f 3981 4004 4003
f 3981 3982 4004
f 3982 4005 4004
f 3982 3983 4005
f 3983 4006 4005
f 3983 3984 4006
f 3984 4007 4006
f 3984 3985 4007
f 3985 4008 4007
f 3985 3986 4008
f 3986 4009 4008
f 3986 3987 4009
f 3987 4010 4009
f 3987 3988 4010
f 3988 4011 4010
f 3988 3989 4011
f 3989 4012 4011
f 3989 3990 4012
f 3990 4013 4012
f 3990 3991 4013
f 3991 4014 4013
f 3991 3992 4014
f 3992 4015 4014
f 3992 3993 4015
f 3993 4016 4015
f 3993 3994 4016
f 3994 4017 4016
f 3994 3995 4017
f 3995 4018 4017
f 3995 3996 4018
f 3996 4019 4018
f 3996 3997 4019
f 3997 4020 4019
f 3997 3998 4020
f 3998 4021 4020
f 3998 3999 4021
f 3999 4022 4021
f 3999 4000 4022
f 4000 4023 4022
f 4000 4001 4023
f 4001 4024 4023
f 4001 4002 4024
f 4002 4025 4024
f 4003 4004 4026
f 4004 4027 4026
f 4004 4005 4027
f 4005 4028 4027
f 4005 4006 4028
f 4006 4029 4028
f 4006 4007 4029
f 4007 4030 4029
f 4007 4008 4030
f 4008 4031 4030
f 4008 4009 4031
f 4009 4032 4031
f 4009 4010 4032
f 4010 4033 4032
f 4010 4011 4033
f 4011 4034 4033
f 4011 4012 4034
f 4012 4035 4034
f 4012 4013 4035
f 4013 4036 4035
f 4013 4014 4036
f 4014 4037 4036
f 4014 4015 4037
f 4015 4038 4037
f 4015 4016 4038
f 4016 4039 4038
f 4016 4017 4039
f 4017 4040 4039
f 4017 4018 4040
f 4018 4041 4040
f 4018 4019 4041
f 4019 4042 4041
f 4019 4020 4042
f 4020 4043 4042
f 4020 4021 4043
f 4021 4044 4043
f 4021 4022 4044
f 4022 4045 4044
f 4022 4023 4045
f 4023 4046 4045
f 4023 4024 4046
f 4024 4047 4046
f 4024 4025 4047
f 4025 4048 4047
f 4026 4027 4049
f 4027 4050 4049
f 4027 4028 4050
f 4028 4051 4050
f 4028 4029 4051
f 4029 4052 4051
f 4029 4030 4052
f 4030 4053 4052
f 4030 4031 4053
f 4031 4054 4053
f 4031 4032 4054
f 4032 4055 4054
f 4032 4033 4055
f 4033 4056 4055
f 4033 4034 4056
f 4034 4057 4056
f 4034 4035 4057
f 4035 4058 4057
f 4035 4036 4058
f 4036 4059 4058
f 4036 4037 4059
f 4037 4060 4059
f 4037 4038 4060
f 4038 4061 4060
f 4038 4039 4061
f 4039 4062 4061
f 4039 4040 4062
f 4040 4063 4062
f 4040 4041 4063
f 4041 4064 4063
f 4041 4042 4064
f 4042 4065 4064
f 4042 4043 4065
f 4043 4066 4065
f 4043 4044 4066
f 4044 4067 4066
f 4044 4045 4067
f 4045 4068 4067
f 4045 4046 4068
f 4046 4069 4068
f 4046 4047 4069
f 4047 4070 4069
f 4047 4048 4070
f 4048 4071 4070
f 4049 4050 4072
f 4050 4073 4072
f 4050 4051 4073
f 4051 4074 4073
f 4051 4052 4074
f 4052 4075 4074
f 4052 4053 4075
f 4053 4076 4075
f 4053 4054 4076
f 4054 4077 4076
f 4054 4055 4077
f 4055 4078 4077
f 4055 4056 4078
f 4056 4079 4078
f 4056 4057 4079
f 4057 4080 4079
f 4057 4058 4080
f 4058 4081 4080
f 4058 4059 4081
f 4059 4082 4081
f 4059 4060 4082
f 4060 4083 4082
f 4060 4061 4083
f 4061 4084 4083
f 4061 4062 4084
f 4062 4085 4084
f 4062 4063 4085
f 4063 4086 4085
f 4063 4064 4086
f 4064 4087 4086
f 4064 4065 4087
f 4065 4088 4087
f 4065 4066 4088
f 4066 4089 4088
f 4066 4067 4089
f 4067 4090 4089
f 4067 4068 4090
f 4068 4091 4090
f 4068 4069 4091
f 4069 4092 4091
f 4069 4070 4092
f 4070 4093 4092
f 4070 4071 4093
f 4071 4094 4093
f 4072 4073 4095
f 4073 4096 4095
f 4073 4074 4096
f 4074 4097 4096
f 4074 4075 4097
f 4075 4098 4097
f 4075 4076 4098
f 4076 4099 4098
f 4076 4077 4099
f 4077 4100 4099
f 4077 4078 4100
f 4078 4101 4100
f 4078 4079 4101
f 4079 4102 4101
f 4079 4080 4102
f 4080 4103 4102
f 4080 4081 4103
f 4081 4104 4103
f 4081 4082 4104
f 4082 4105 4104
f 4082 4083 4105
f 4083 4106 4105
f 4083 4084 4106
f 4084 4107 4106
f 4084 4085 4107
f 4085 4108 4107
f 4085 4086 4108
f 4086 4109 4108
f 4086 4087 4109
f 4087 4110 4109
f 4087 4088 4110
f 4088 4111 4110
f 4088 4089 4111
f 4089 4112 4111
f 4089 4090 4112
f 4090 4113 4112
f 4090 4091 4113
f 4091 4114 4113
f 4091 4092 4114
f 4092 4115 4114
f 4092 4093 4115
f 4093 4116 4115
f 4093 4094 4116
f 4094 4117 4116
f 4095 4096 4118
f 4096 4097 4119
f 4097 4098 4120
f 4098 4099 4121
f 4099 4100 4122
f 4100 4101 4123
f 4101 4102 4124
f 4102 4103 4125
f 4103 4104 4126
f 4104 4105 4127
f 4105 4106 4128
f 4106 4107 4129
f 4107 4108 4130
f 4108 4109 4131
f 4109 4110 4132
f 4110 4111 4133
f 4111 4112 4134
f 4112 4113 4135
f 4113 4114 4136
f 4114 4115 4137
f 4115 4116 4138
f 4116 4117 4139
usemtl rock_0
f 4142 4165 4164
f 4143 4166 4165
f 4144 4167 4166
f 4145 4168 4167
f 4146 4169 4168
f 4147 4170 4169
f 4148 4171 4170
f 4149 4172 4171
f 4150 4173 4172
f 4151 4174 4173
f 4152 4175 4174
f 4153 4176 4175
f 4154 4177 4176
f 4155 4178 4177
f 4156 4179 4178
f 4157 4180 4179
f 4158 4181 4180
f 4159 4182 4181
f 4160 4183 4182
f 4161 4184 4183
f 4162 4185 4184
f 4163 4186 4185
f 4164 4165 4187
f 4165 4188 4187
f 4165 4166 4188
f 4166 4189 4188
f 4166 4167 4189
f 4167 4190 4189
f 4167 4168 4190
f 4168 4191 4190
f 4168 4169 4191
f 4169 4192 4191
f 4169 4170 4192
f 4170 4193 4192
f 4170 4171 4193
f 4171 4194 4193
f 4171 4172 4194
f 4172 4195 4194
f 4172 4173 4195
f 4173 4196 4195
f 4173 4174 4196
f 4174 4197 4196
f 4174 4175 4197
f 4175 4198 4197
f 4175 4176 4198
f 4176 4199 4198
f 4176 4177 4199
f 4177 4200 4199
f 4177 4178 4200
f 4178 4201 4200
f 4178 4179 4201
f 4179 4202 4201
f 4179 4180 4202
f 4180 4203 4202
f 4180 4181 4203
f 4181 4204 4203
f 4181 4182 4204
f 4182 4205 4204
f 4182 4183 4205
f 4183 4206 4205
f 4183 4184 4206
f 4184 4207 4206
f 4184 4185 4207
f 4185 4208 4207
f 4185 4186 4208
f 4186 4209 4208
f 4187 4188 4210
f 4188 4211 4210
f 4188 4189 4211
f 4189 4212 4211
f 4189 4190 4212
f 4190 4213 4212
f 4190 4191 4213
f 4191 4214 4213
f 4191 4192 4214
f 4192 4215 4214
f 4192 4193 4215
f 4193 4216 4215
f 4193 4194 4216
f 4194 4217 4216
f 4194 4195 4217
f 4195 4218 4217
f 4195 4196 4218
f 4196 4219 4218
f 4196 4197 4219
f 4197 4220 4219
f 4197 4198 4220
f 4198 4221 4220
f 4198 4199 4221
f 4199 4222 4221
f 4199 4200 4222
f 4200 4223 4222
f 4200 4201 4223
f 4201 4224 4223
f 4201 4202 4224
f 4202 4225 4224
f 4202 4203 4225
f 4203 4226 4225
f 4203 4204 4226
f 4204 4227 4226
f 4204 4205 4227
f 4205 4228 4227
f 4205 4206 4228
f 4206 4229 4228
f 4206 4207 4229
f 4207 4230 4229
f 4207 4208 4230
f 4208 4231 4230
f 4208 4209 4231
f 4209 4232 4231
f 4210 4211 4233
f 4211 4234 4233
f 4211 4212 4234
f 4212 4235 4234
f 4212 4213 4235
f 4213 4236 4235
f 4213 4214 4236
f 4214 4237 4236
f 4214 4215 4237
f 4215 4238 4237
f 4215 4216 4238
f 4216 4239 4238
f 4216 4217 4239
f 4217 4240 4239
f 4217 4218 4240
f 4218 4241 4240
f 4218 4219 4241
f 4219 4242 4241
f 4219 4220 4242
f 4220 4243 4242
f 4220 4221 4243
f 4221 4244 4243
f 4221 4222 4244
f 4222 4245 4244
f 4222 4223 4245
f 4223 4246 4245
f 4223 4224 4246
f 4224 4247 4246
f 4224 4225 4247
f 4225 4248 4247
f 4225 4226 4248
f 4226 4249 4248
f 4226 4227 4249
f 4227 4250 4249
f 4227 4228 4250
f 4228 4251 4250
f 4228 4229 4251
f 4229 4252 4251
f 4229 4230 4252
f 4230 4253 4252
f 4230 4231 4253
f 4231 4254 4253
f 4231 4232 4254
f 4232 4255 4254
f 4233 4234 4256
f 4234 4257 4256
f 4234 4235 4257
f 4235 4258 4257
f 4235 4236 4258
f 4236 4259 4258
f 4236 4237 4259
f 4237 4260 4259
f 4237 4238 4260
f 4238 4261 4260
f 4238 4239 4261
f 4239 4262 4261
f 4239 4240 4262
f 4240 4263 4262
f 4240 4241 4263
f 4241 4264 4263
f 4241 4242 4264
f 4242 4265 4264
f 4242 4243 4265
f 4243 4266 4265
f 4243 4244 4266
f 4244 4267 4266
f 4244 4245 4267
f 4245 4268 4267
f 4245 4246 4268
f 4246 4269 4268
f 4246 4247 4269
f 4247 4270 4269
f 4247 4248 4270
f 4248 4271 4270
f 4248 4249 4271
f 4249 4272 4271
f 4249 4250 4272
f 4250 4273 4272
f 4250 4251 4273
f 4251 4274 4273
f 4251 4252 4274
f 4252 4275 4274
f 4252 4253 4275
f 4253 4276 4275
f 4253 4254 4276
f 4254 4277 4276
f 4254 4255 4277
f 4255 4278 4277
f 4256 4257 4279
f 4257 4280 4279
f 4257 4258 4280
f 4258 4281 4280
f 4258 4259 4281
f 4259 4282 4281
f 4259 4260 4282
f 4260 4283 4282
f 4260 4261 4283
f 4261 4284 4283
f 4261 4262 4284
f 4262 4285 4284
f 4262 4263 4285
f 4263 4286 4285
f 4263 4264 4286
f 4264 4287 4286
f 4264 4265 4287
f 4265 4288 4287
f 4265 4266 4288
f 4266 4289 4288
f 4266 4267 4289
f 4267 4290 4289
f 4267 4268 4290
f 4268 4291 4290
f 4268 4269 4291
f 4269 4292 4291
f 4269 4270 4292
f 4270 4293 4292
f 4270 4271 4293
f 4271 4294 4293
f 4271 4272 4294
f 4272 4295 4294
f 4272 4273 4295
f 4273 4296 4295
f 4273 4274 4296
f 4274 4297 4296
f 4274 4275 4297
f 4275 4298 4297
f 4275 4276 4298
f 4276 4299 4298
f 4276 4277 4299
f 4277 4300 4299
f 4277 4278 4300
f 4278 4301 4300
f 4279 4280 4302
f 4280 4303 4302
f 4280 4281 4303
f 4281 4304 4303
f 4281 4282 4304
f 4282 4305 4304
f 4282 4283 4305
f 4283 4306 4305
f 4283 4284 4306
f 4284 4307 4306
f 4284 4285 4307
f 4285 4308 4307
f 4285 4286 4308
f 4286 4309 4308
f 4286 4287 4309
f 4287 4310 4309
f 4287 4288 4310
f 4288 4311 4310
f 4288 4289 4311
f 4289 4312 4311
f 4289 4290 4312
f 4290 4313 4312
f 4290 4291 4313
f 4291 4314 4313
f 4291 4292 4314
f 4292 4315 4314
f 4292 4293 4315
f 4293 4316 4315
f 4293 4294 4316
f 4294 4317 4316
f 4294 4295 4317
f 4295 4318 4317
f 4295 4296 4318
f 4296 4319 4318
f 4296 4297 4319
f 4297 4320 4319
f 4297 4298 4320
f 4298 4321 4320
f 4298 4299 4321
f 4299 4322 4321
f 4299 4300 4322
f 4300 4323 4322
f 4300 4301 4323
f 4301 4324 4323
f 4302 4303 4325
f 4303 4326 4325
f 4303 4304 4326
f 4304 4327 4326
f 4304 4305 4327
f 4305 4328 4327
f 4305 4306 4328
f 4306 4329 4328
f 4306 4307 4329
f 4307 4330 4329
f 4307 4308 4330
f 4308 4331 4330
f 4308 4309 4331
f 4309 4332 4331
f 4309 4310 4332
f 4310 4333 4332
f 4310 4311 4333
f 4311 4334 4333
f 4311 4312 4334
f 4312 4335 4334
f 4312 4313 4335
f 4313 4336 4335
f 4313 4314 4336
f 4314 4337 4336
f 4314 4315 4337
f 4315 4338 4337
f 4315 4316 4338
f 4316 4339 4338
f 4316 4317 4339
f 4317 4340 4339
f 4317 4318 4340
f 4318 4341 4340
f 4318 4319 4341
f 4319 4342 4341
f 4319 4320 4342
f 4320 4343 4342
f 4320 4321 4343
f 4321 4344 4343
f 4321 4322 4344
f 4322 4345 4344
f 4322 4323 4345
f 4323 4346 4345
f 4323 4324 4346
f 4324 4347 4346
f 4325 4326 4348
f 4326 4349 4348
f 4326 4327 4349
f 4327 4350 4349
f 4327 4328 4350
f 4328 4351 4350
f 4328 4329 4351
f 4329 4352 4351
f 4329 4330 4352
f 4330 4353 4352
f 4330 4331 4353
f 4331 4354 4353
f 4331 4332 4354
f 4332 4355 4354
f 4332 4333 4355
f 4333 4356 4355
f 4333 4334 4356
f 4334 4357 4356
f 4334 4335 4357
f 4335 4358 4357
f 4335 4336 4358
f 4336 4359 4358
f 4336 4337 4359
f 4337 4360 4359
f 4337 4338 4360
f 4338 4361 4360
f 4338 4339 4361
f 4339 4362 4361
f 4339 4340 4362
f 4340 4363 4362
f 4340 4341 4363
f 4341 4364 4363
f 4341 4342 4364
f 4342 4365 4364
f 4342 4343 4365
f 4343 4366 4365
f 4343 4344 4366
f 4344 4367 4366
f 4344 4345 4367
f 4345 4368 4367
f 4345 4346 4368
f 4346 4369 4368
f 4346 4347 4369
f 4347 4370 4369
f 4348 4349 4371
f 4349 4372 4371
f 4349 4350 4372
f 4350 4373 4372
f 4350 4351 4373
f 4351 4374 4373
f 4351 4352 4374
f 4352 4375 4374
f 4352 4353 4375
f 4353 4376 4375
f 4353 4354 4376
f 4354 4377 4376
f 4354 4355 4377
f 4355 4378 4377
f 4355 4356 4378
f 4356 4379 4378
f 4356 4357 4379
f 4357 4380 4379
f 4357 4358 4380
f 4358 4381 4380
f 4358 4359 4381
f 4359 4382 4381
f 4359 4360 4382
f 4360 4383 4382
f 4360 4361 4383
f 4361 4384 4383
f 4361 4362 4384
f 4362 4385 4384
f 4362 4363 4385
f 4363 4386 4385
f 4363 4364 4386
f 4364 4387 4386
f 4364 4365 4387
f 4365 4388 4387
f 4365 4366 4388
f 4366 4389 4388
f 4366 4367 4389
f 4367 4390 4389
f 4367 4368 4390
f 4368 4391 4390
f 4368 4369 4391
f 4369 4392 4391
f 4369 4370 4392
f 4370 4393 4392
f 4371 4372 4394
f 4372 4395 4394
f 4372 4373 4395
f 4373 4396 4395
f 4373 4374 4396
f 4374 4397 4396
f 4374 4375 4397
f 4375 4398 4397
f 4375 4376 4398
f 4376 4399 4398
f 4376 4377 4399
f 4377 4400 4399
f 4377 4378 4400
f 4378 4401 4400
f 4378 4379 4401
f 4379 4402 4401
f 4379 4380 4402
f 4380 4403 4402
f 4380 4381 4403
f 4381 4404 4403
f 4381 4382 4404
f 4382 4405 4404
f 4382 4383 4405
f 4383 4406 4405
f 4383 4384 4406
f 4384 4407 4406
f 4384 4385 4407
f 4385 4408 4407
f 4385 4386 4408
f 4386 4409 4408
f 4386 4387 4409
f 4387 4410 4409
f 4387 4388 4410
f 4388 4411 4410
f 4388 4389 4411
f 4389 4412 4411
f 4389 4390 4412
f 4390 4413 4412
f 4390 4391 4413
f 4391 4414 4413
f 4391 4392 4414
f 4392 4415 4414
f 4392 4393 4415
f 4393 4416 4415
f 4394 4395 4417
f 4395 4418 4417
f 4395 4396 4418
f 4396 4419 4418
f 4396 4397 4419
f 4397 4420 4419
f 4397 4398 4420
f 4398 4421 4420
f 4398 4399 4421
f 4399 4422 4421
f 4399 4400 4422
f 4400 4423 4422
f 4400 4401 4423
f 4401 4424 4423
f 4401 4402 4424
f 4402 4425 4424
f 4402 4403 4425
f 4403 4426 4425
f 4403 4404 4426
f 4404 4427 4426
f 4404 4405 4427
f 4405 4428 4427
f 4405 4406 4428
f 4406 4429 4428
f 4406 4407 4429
f 4407 4430 4429
f 4407 4408 4430
f 4408 4431 4430
f 4408 4409 4431
f 4409 4432 4431
f 4409 4410 4432
f 4410 4433 4432
f 4410 4411 4433
f 4411 4434 4433
f 4411 4412 4434
f 4412 4435 4434
f 4412 4413 4435
f 4413 4436 4435
f 4413 4414 4436
f 4414 4437 4436
f 4414 4415 4437
f 4415 4438 4437
f 4415 4416 4438
f 4416 4439 4438
f 4417 4418 4440
f 4418 4441 4440
f 4418 4419 4441
f 4419 4442 4441
f 4419 4420 4442
f 4420 4443 4442
f 4420 4421 4443
f 4421 4444 4443
f 4421 4422 4444
f 4422 4445 4444
f 4422 4423 4445
f 4423 4446 4445
f 4423 4424 4446
f 4424 4447 4446
f 4424 4425 4447
f 4425 4448 4447
f 4425 4426 4448
f 4426 4449 4448
f 4426 4427 4449
f 4427 4450 4449
f 4427 4428 4450
f 4428 4451 4450
f 4428 4429 4451
f 4429 4452 4451
f 4429 4430 4452
f 4430 4453 4452
f 4430 4431 4453
f 4431 4454 4453
f 4431 4432 4454
f 4432 4455 4454
f 4432 4433 4455
f 4433 4456 4455
f 4433 4434 4456
f 4434 4457 4456
f 4434 4435 4457
f 4435 4458 4457
f 4435 4436 4458
f 4436 4459 4458
f 4436 4437 4459
f 4437 4460 4459
f 4437 4438 4460
f 4438 4461 4460
f 4438 4439 4461
f 4439 4462 4461
f 4440 4441 4463
f 4441 4442 4464
f 4442 4443 4465
f 4443 4444 4466
f 4444 4445 4467
f 4445 4446 4468
f 4446 4447 4469
f 4447 4448 4470
f 4448 4449 4471
f 4449 4450 4472
f 4450 4451 4473
f 4451 4452 4474
f 4452 4453 4475
f 4453 4454 4476
f 4454 4455 4477
f 4455 4456 4478
f 4456 4457 4479
f 4457 4458 4480
f 4458 4459 4481
f 4459 4460 4482
f 4460 4461 4483
f 4461 4462 4484
usemtl rock_1
f 4487 4510 4509
f 4488 4511 4510
f 4489 4512 4511
f 4490 4513 4512
f 4491 4514 4513
f 4492 4515 4514
f 4493 4516 4515
f 4494 4517 4516
f 4495 4518 4517
f 4496 4519 4518
f 4497 4520 4519
f 4498 4521 4520
f 4499 4522 4521
f 4500 4523 4522
f 4501 4524 4523
f 4502 4525 4524
f 4503 4526 4525
f 4504 4527 4526
f 4505 4528 4527
f 4506 4529 4528
f 4507 4530 4529
f 4508 4531 4530
f 4509 4510 4532
f 4510 4533 4532
f 4510 4511 4533
f 4511 4534 4533
f 4511 4512 4534
f 4512 4535 4534
f 4512 4513 4535
f 4513 4536 4535
f 4513 4514 4536
f 4514 4537 4536
f 4514 4515 4537
f 4515 4538 4537
f 4515 4516 4538
f 4516 4539 4538
f 4516 4517 4539
f 4517 4540 4539
f 4517 4518 4540
f 4518 4541 4540
f 4518 4519 4541
f 4519 4542 4541
f 4519 4520 4542
f 4520 4543 4542
f 4520 4521 4543
f 4521 4544 4543
f 4521 4522 4544
f 4522 4545 4544
f 4522 4523 4545
f 4523 4546 4545
f 4523 4524 4546
f 4524 4547 4546
f 4524 4525 4547
f 4525 4548 4547
f 4525 4526 4548
f 4526 4549 4548
f 4526 4527 4549
f 4527 4550 4549
f 4527 4528 4550
f 4528 4551 4550
f 4528 4529 4551
f 4529 4552 4551
f 4529 4530 4552
f 4530 4553 4552
f 4530 4531 4553
f 4531 4554 4553
f 4532 4533 4555
f 4533 4556 4555
f 4533 4534 4556
f 4534 4557 4556
f 4534 4535 4557
f 4535 4558 4557
f 4535 4536 4558
f 4536 4559 4558
f 4536 4537 4559
f 4537 4560 4559
f 4537 4538 4560
f 4538 4561 4560
f 4538 4539 4561
f 4539 4562 4561
f 4539 4540 4562
f 4540 4563 4562
f 4540 4541 4563
f 4541 4564 4563
f 4541 4542 4564
f 4542 4565 4564
f 4542 4543 4565
f 4543 4566 4565
f 4543 4544 4566
f 4544 4567 4566
f 4544 4545 4567
f 4545 4568 4567
f 4545 4546 4568
f 4546 4569 4568
f 4546 4547 4569
f 4547 4570 4569
f 4547 4548 4570
f 4548 4571 4570
f 4548 4549 4571
f 4549 4572 4571
f 4549 4550 4572
f 4550 4573 4572
f 4550 4551 4573
f 4551 4574 4573
f 4551 4552 4574
f 4552 4575 4574
f 4552 4553 4575
f 4553 4576 4575
f 4553 4554 4576
f 4554 4577 4576
f 4555 4556 4578
f 4556 4579 4578
f 4556 4557 4579
f 4557 4580 4579
f 4557 4558 4580
f 4558 4581 4580
f 4558 4559 4581
f 4559 4582 4581
f 4559 4560 4582
f 4560 4583 4582
f 4560 4561 4583
f 4561 4584 4583
f 4561 4562 4584
f 4562 4585 4584
f 4562 4563 4585
f 4563 4586 4585
f 4563 4564 4586
f 4564 4587 4586
f 4564 4565 4587
f 4565 4588 4587
f 4565 4566 4588
f 4566 4589 4588
f 4566 4567 4589
f 4567 4590 4589
f 4567 4568 4590
f 4568 4591 4590
f 4568 4569 4591
f 4569 4592 4591
f 4569 4570 4592
f 4570 4593 4592
f 4570 4571 4593
f 4571 4594 4593
f 4571 4572 4594
f 4572 4595 4594
f 4572 4573 4595
f 4573 4596 4595
f 4573 4574 4596
f 4574 4597 4596
f 4574 4575 4597
f 4575 4598 4597
f 4575 4576 4598
f 4576 4599 4598
f 4576 4577 4599
f 4577 4600 4599
f 4578 4579 4601
f 4579 4602 4601
f 4579 4580 4602
f 4580 4603 4602
f 4580 4581 4603
f 4581 4604 4603
f 4581 4582 4604
f 4582 4605 4604
f 4582 4583 4605
f 4583 4606 4605
f 4583 4584 4606
f 4584 4607 4606
f 4584 4585 4607
f 4585 4608 4607
f 4585 4586 4608
f 4586 4609 4608
f 4586 4587 4609
f 4587 4610 4609
f 4587 4588 4610
f 4588 4611 4610
f 4588 4589 4611
f 4589 4612 4611
f 4589 4590 4612
f 4590 4613 4612
f 4590 4591 4613
f 4591 4614 4613
f 4591 4592 4614
f 4592 4615 4614
f 4592 4593 4615
f 4593 4616 4615
f 4593 4594 4616
f 4594 4617 4616
f 4594 4595 4617
f 4595 4618 4617
f 4595 4596 4618
f 4596 4619 4618
f 4596 4597 4619
f 4597 4620 4619
f 4597 4598 4620
f 4598 4621 4620
f 4598 4599 4621
f 4599 4622 4621
f 4599 4600 4622
f 4600 4623 4622
f 4601 4602 4624
f 4602 4625 4624
f 4602 4603 4625
f 4603 4626 4625
f 4603 4604 4626
f 4604 4627 4626
f 4604 4605 4627
f 4605 4628 4627
f 4605 4606 4628
f 4606 4629 4628
f 4606 4607 4629
f 4607 4630 4629
f 4607 4608 4630
f 4608 4631 4630
f 4608 4609 4631
f 4609 4632 4631
f 4609 4610 4632
f 4610 4633 4632
f 4610 4611 4633
f 4611 4634 4633
f 4611 4612 4634
f 4612 4635 4634
f 4612 4613 4635
f 4613 4636 4635
f 4613 4614 4636
f 4614 4637 4636
f 4614 4615 4637
f 4615 4638 4637
f 4615 4616 4638
f 4616 4639 4638
f 4616 4617 4639
f 4617 4640 4639
f 4617 4618 4640
f 4618 4641 4640
f 4618 4619 4641
f 4619 4642 4641
f 4619 4620 4642
f 4620 4643 4642
f 4620 4621 4643
f 4621 4644 4643
f 4621 4622 4644
f 4622 4645 4644
f 4622 4623 4645
f 4623 4646 4645
f 4624 4625 4647
f 4625 4648 4647
f 4625 4626 4648
f 4626 4649 4648
f 4626 4627 4649
f 4627 4650 4649
f 4627 4628 4650
f 4628 4651 4650
f 4628 4629 4651
f 4629 4652 4651
f 4629 4630 4652
f 4630 4653 4652
f 4630 4631 4653
f 4631 4654 4653
f 4631 4632 4654
f 4632 4655 4654
f 4632 4633 4655
f 4633 4656 4655
f 4633 4634 4656
f 4634 4657 4656
f 4634 4635 4657
f 4635 4658 4657
f 4635 4636 4658
f 4636 4659 4658
f 4636 4637 4659
f 4637 4660 4659
f 4637 4638 4660
f 4638 4661 4660
f 4638 4639 4661
f 4639 4662 4661
f 4639 4640 4662
f 4640 4663 4662
f 4640 4641 4663
f 4641 4664 4663
f 4641 4642 4664
f 4642 4665 4664
f 4642 4643 4665
f 4643 4666 4665
f 4643 4644 4666
f 4644 4667 4666
f 4644 4645 4667
f 4645 4668 4667
f 4645 4646 4668
f 4646 4669 4668
f 4647 4648 4670
f 4648 4671 4670
f 4648 4649 4671
f 4649 4672 4671
f 4649 4650 4672
f 4650 4673 4672
f 4650 4651 4673
f 4651 4674 4673
f 4651 4652 4674
f 4652 4675 4674
f 4652 4653 4675
f 4653 4676 4675
f 4653 4654 4676
f 4654 4677 4676
f 4654 4655 4677
f 4655 4678 4677
f 4655 4656 4678
f 4656 4679 4678
f 4656 4657 4679
f 4657 4680 4679
f 4657 4658 4680
f 4658 4681 4680
f 4658 4659 4681
f 4659 4682 4681
f 4659 4660 4682
f 4660 4683 4682
f 4660 4661 4683
f 4661 4684 4683
f 4661 4662 4684
f 4662 4685 4684
f 4662 4663 4685
f 4663 4686 4685
f 4663 4664 4686
f 4664 4687 4686
f 4664 4665 4687
f 4665 4688 4687
f 4665 4666 4688
f 4666 4689 4688
f 4666 4667 4689
f 4667 4690 4689
f 4667 4668 4690
f 4668 4691 4690
f 4668 4669 4691
f 4669 4692 4691
f 4670 4671 4693
f 4671 4694 4693
f 4671 4672 4694
f 4672 4695 4694
f 4672 4673 4695
f 4673 4696 4695
f 4673 4674 4696
f 4674 4697 4696
f 4674 4675 4697
f 4675 4698 4697
f 4675 4676 4698
f 4676 4699 4698
f 4676 4677 4699
f 4677 4700 4699
f 4677 4678 4700
f 4678 4701 4700
f 4678 4679 4701
f 4679 4702 4701
f 4679 4680 4702
f 4680 4703 4702
f 4680 4681 4703
f 4681 4704 4703
f 4681 4682 4704
f 4682 4705 4704
f 4682 4683 4705
f 4683 4706 4705
f 4683 4684 4706
f 4684 4707 4706
f 4684 4685 4707
f 4685 4708 4707
f 4685 4686 4708
f 4686 4709 4708
f 4686 4687 4709
f 4687 4710 4709
f 4687 4688 4710
f 4688 4711 4710
f 4688 4689 4711
f 4689 4712 4711
f 4689 4690 4712
f 4690 4713 4712
f 4690 4691 4713
f 4691 4714 4713
f 4691 4692 4714
f 4692 4715 4714
f 4693 4694 4716
f 4694 4717 4716
f 4694 4695 4717
f 4695 4718 4717
f 4695 4696 4718
f 4696 4719 4718
f 4696 4697 4719
f 4697 4720 4719
f 4697 4698 4720
f 4698 4721 4720
f 4698 4699 4721
f 4699 4722 4721
f 4699 4700 4722
f 4700 4723 4722
f 4700 4701 4723
f 4701 4724 4723
f 4701 4702 4724
f 4702 4725 4724
f 4702 4703 4725
f 4703 4726 4725
f 4703 4704 4726
f 4704 4727 4726
f 4704 4705 4727
f 4705 4728 4727
f 4705 4706 4728
f 4706 4729 4728
f 4706 4707 4729
f 4707 4730 4729
f 4707 4708 4730
f 4708 4731 4730
f 4708 4709 4731
f 4709 4732 4731
f 4709 4710 4732
f 4710 4733 4732
f 4710 4711 4733
f 4711 4734 4733
f 4711 4712 4734
f 4712 4735 4734
f 4712 4713 4735
f 4713 4736 4735
f 4713 4714 4736
f 4714 4737 4736
f 4714 4715 4737
f 4715 4738 4737
f 4716 4717 4739
f 4717 4740 4739
f 4717 4718 4740
f 4718 4741 4740
f 4718 4719 4741
f 4719 4742 4741
f 4719 4720 4742
f 4720 4743 4742
f 4720 4721 4743
f 4721 4744 4743
f 4721 4722 4744
f 4722 4745 4744
f 4722 4723 4745
f 4723 4746 4745
f 4723 4724 4746
f 4724 4747 4746
f 4724 4725 4747
f 4725 4748 4747
f 4725 4726 4748
f 4726 4749 4748
f 4726 4727 4749
f 4727 4750 4749
f 4727 4728 4750
f 4728 4751 4750
f 4728 4729 4751
f 4729 4752 4751
f 4729 4730 4752
f 4730 4753 4752
f 4730 4731 4753
f 4731 4754 4753
f 4731 4732 4754
f 4732 4755 4754
f 4732 4733 4755
f 4733 4756 4755
f 4733 4734 4756
f 4734 4757 4756
f 4734 4735 4757
f 4735 4758 4757
f 4735 4736 4758
f 4736 4759 4758
f 4736 4737 4759
f 4737 4760 4759
f 4737 4738 4760
f 4738 4761 4760
f 4739 4740 4762
f 4740 4763 4762
f 4740 4741 4763
f 4741 4764 4763
f 4741 4742 4764
f 4742 4765 4764
f 4742 4743 4765
f 4743 4766 4765
f 4743 4744 4766
f 4744 4767 4766
f 4744 4745 4767
f 4745 4768 4767
f 4745 4746 4768
f 4746 4769 4768
f 4746 4747 4769
f 4747 4770 4769
f 4747 4748 4770
f 4748 4771 4770
f 4748 4749 4771
f 4749 4772 4771
f 4749 4750 4772
f 4750 4773 4772
f 4750 4751 4773
f 4751 4774 4773
f 4751 4752 4774
f 4752 4775 4774
f 4752 4753 4775
f 4753 4776 4775
f 4753 4754 4776
f 4754 4777 4776
f 4754 4755 4777
f 4755 4778 4777
f 4755 4756 4778
f 4756 4779 4778
f 4756 4757 4779
f 4757 4780 4779
f 4757 4758 4780
f 4758 4781 4780
f 4758 4759 4781
f 4759 4782 4781
f 4759 4760 4782
f 4760 4783 4782
f 4760 4761 4783
f 4761 4784 4783
f 4762 4763 4785
f 4763 4786 4785
f 4763 4764 4786
f 4764 4787 4786
f 4764 4765 4787
f 4765 4788 4787
f 4765 4766 4788
f 4766 4789 4788
f 4766 4767 4789
f 4767 4790 4789
f 4767 4768 4790
f 4768 4791 4790
f 4768 4769 4791
f 4769 4792 4791
f 4769 4770 4792
f 4770 4793 4792
f 4770 4771 4793
f 4771 4794 4793
f 4771 4772 4794
f 4772 4795 4794
f 4772 4773 4795
f 4773 4796 4795
f 4773 4774 4796
f 4774 4797 4796
f 4774 4775 4797
f 4775 4798 4797
f 4775 4776 4798
f 4776 4799 4798
f 4776 4777 4799
f 4777 4800 4799
f 4777 4778 4800
f 4778 4801 4800
f 4778 4779 4801
f 4779 4802 4801
f 4779 4780 4802
f 4780 4803 4802
f 4780 4781 4803
f 4781 4804 4803
f 4781 4782 4804
f 4782 4805 4804
f 4782 4783 4805
f 4783 4806 4805
f 4783 4784 4806
f 4784 4807 4806
f 4785 4786 4808
f 4786 4787 4809
f 4787 4788 4810
f 4788 4789 4811
f 4789 4790 4812
f 4790 4791 4813
f 4791 4792 4814
f 4792 4793 4815
f 4793 4794 4816
f 4794 4795 4817
f 4795 4796 4818
f 4796 4797 4819
f 4797 4798 4820
f 4798 4799 4821
f 4799 4800 4822
f 4800 4801 4823
f 4801 4802 4824
f 4802 4803 4825
f 4803 4804 4826
f 4804 4805 4827
f 4805 4806 4828
f 4806 4807 4829
usemtl rock_2
f 4832 4855 4854
f 4833 4856 4855
f 4834 4857 4856
f 4835 4858 4857
f 4836 4859 4858
f 4837 4860 4859
f 4838 4861 4860
f 4839 4862 4861
f 4840 4863 4862
f 4841 4864 4863
f 4842 4865 4864
f 4843 4866 4865
f 4844 4867 4866
f 4845 4868 4867
f 4846 4869 4868
f 4847 4870 4869
f 4848 4871 4870
f 4849 4872 4871
f 4850 4873 4872
f 4851 4874 4873
f 4852 4875 4874
f 4853 4876 4875
f 4854 4855 4877
f 4855 4878 4877
f 4855 4856 4878
f 4856 4879 4878
f 4856 4857 4879
f 4857 4880 4879
f 4857 4858 4880
f 4858 4881 4880
f 4858 4859 4881
f 4859 4882 4881
f 4859 4860 4882
f 4860 4883 4882
f 4860 4861 4883
f 4861 4884 4883
f 4861 4862 4884
f 4862 4885 4884
f 4862 4863 4885
f 4863 4886 4885
f 4863 4864 4886
f 4864 4887 4886
f 4864 4865 4887
f 4865 4888 4887
f 4865 4866 4888
f 4866 4889 4888
f 4866 4867 4889
f 4867 4890 4889
f 4867 4868 4890
f 4868 4891 4890
f 4868 4869 4891
f 4869 4892 4891
f 4869 4870 4892
f 4870 4893 4892
f 4870 4871 4893
f 4871 4894 4893
f 4871 4872 4894
f 4872 4895 4894
f 4872 4873 4895
f 4873 4896 4895
f 4873 4874 4896
f 4874 4897 4896
f 4874 4875 4897
f 4875 4898 4897
f 4875 4876 4898
f 4876 4899 4898
f 4877 4878 4900
f 4878 4901 4900
f 4878 4879 4901
f 4879 4902 4901
f 4879 4880 4902
f 4880 4903 4902
f 4880 4881 4903
f 4881 4904 4903
f 4881 4882 4904
f 4882 4905 4904
f 4882 4883 4905
f 4883 4906 4905
f 4883 4884 4906
f 4884 4907 4906
f 4884 4885 4907
f 4885 4908 4907
f 4885 4886 4908
f 4886 4909 4908
f 4886 4887 4909
f 4887 4910 4909
f 4887 4888 4910
f 4888 4911 4910
f 4888 4889 4911
f 4889 4912 4911
f 4889 4890 4912
f 4890 4913 4912
f 4890 4891 4913
f 4891 4914 4913
f 4891 4892 4914
f 4892 4915 4914
f 4892 4893 4915
f 4893 4916 4915
f 4893 4894 4916
f 4894 4917 4916
f 4894 4895 4917
f 4895 4918 4917
f 4895 4896 4918
f 4896 4919 4918
f 4896 4897 4919
f 4897 4920 4919
f 4897 4898 4920
f 4898 4921 4920
f 4898 4899 4921
f 4899 4922 4921
f 4900 4901 4923
f 4901 4924 4923
f 4901 4902 4924
f 4902 4925 4924
f 4902 4903 4925
f 4903 4926 4925
f 4903 4904 4926
f 4904 4927 4926
f 4904 4905 4927
f 4905 4928 4927
f 4905 4906 4928
f 4906 4929 4928
f 4906 4907 4929
f 4907 4930 4929
f 4907 4908 4930
f 4908 4931 4930
f 4908 4909 4931
f 4909 4932 4931
f 4909 4910 4932
f 4910 4933 4932
f 4910 4911 4933
f 4911 4934 4933
f 4911 4912 4934
f 4912 4935 4934
f 4912 4913 4935
f 4913 4936 4935
f 4913 4914 4936
f 4914 4937 4936
f 4914 4915 4937
f 4915 4938 4937
f 4915 4916 4938
f 4916 4939 4938
f 4916 4917 4939
f 4917 4940 4939
f 4917 4918 4940
f 4918 4941 4940
f 4918 4919 4941
f 4919 4942 4941
f 4919 4920 4942
f 4920 4943 4942
f 4920 4921 4943
f 4921 4944 4943
f 4921 4922 4944
f 4922 4945 4944
f 4923 4924 4946
f 4924 4947 4946
f 4924 4925 4947
f 4925 4948 4947
f 4925 4926 4948
f 4926 4949 4948
f 4926 4927 4949
f 4927 4950 4949
f 4927 4928 4950
f 4928 4951 4950
f 4928 4929 4951
f 4929 4952 4951
f 4929 4930 4952
f 4930 4953 4952
f 4930 4931 4953
f 4931 4954 4953
f 4931 4932 4954
f 4932 4955 4954
f 4932 4933 4955
f 4933 4956 4955
f 4933 4934 4956
f 4934 4957 4956
f 4934 4935 4957
f 4935 4958 4957
f 4935 4936 4958
f 4936 4959 4958
f 4936 4937 4959
f 4937 4960 4959
f 4937 4938 4960
f 4938 4961 4960
f 4938 4939 4961
f 4939 4962 4961
f 4939 4940 4962
f 4940 4963 4962
f 4940 4941 4963
f 4941 4964 4963
f 4941 4942 4964
f 4942 4965 4964
f 4942 4943 4965
f 4943 4966 4965
f 4943 4944 4966
f 4944 4967 4966
f 4944 4945 4967
f 4945 4968 4967
f 4946 4947 4969
f 4947 4970 4969
f 4947 4948 4970
f 4948 4971 4970
f 4948 4949 4971
f 4949 4972 4971
f 4949 4950 4972
f 4950 4973 4972
f 4950 4951 4973
f 4951 4974 4973
f 4951 4952 4974
f 4952 4975 4974
f 4952 4953 4975
f 4953 4976 4975
f 4953 4954 4976
f 4954 4977 4976
f 4954 4955 4977
f 4955 4978 4977
f 4955 4956 4978
f 4956 4979 4978
f 4956 4957 4979
f 4957 4980 4979
f 4957 4958 4980
f 4958 4981 4980
f 4958 4959 4981
f 4959 4982 4981
f 4959 4960 4982
f 4960 4983 4982
f 4960 4961 4983
f 4961 4984 4983
f 4961 4962 4984
f 4962 4985 4984
f 4962 4963 4985
f 4963 4986 4985
f 4963 4964 4986
f 4964 4987 4986
f 4964 4965 4987
f 4965 4988 4987
f 4965 4966 4988
f 4966 4989 4988
f 4966 4967 4989
f 4967 4990 4989
f 4967 4968 4990
f 4968 4991 4990
f 4969 4970 4992
f 4970 4993 4992
f 4970 4971 4993
f 4971 4994 4993
f 4971 4972 4994
f 4972 4995 4994
f 4972 4973 4995
f 4973 4996 4995
f 4973 4974 4996
f 4974 4997 4996
f 4974 4975 4997
f 4975 4998 4997
f 4975 4976 4998
f 4976 4999 4998
f 4976 4977 4999
f 4977 5000 4999
f 4977 4978 5000
f 4978 5001 5000
f 4978 4979 5001
f 4979 5002 5001
f 4979 4980 5002
f 4980 5003 5002
f 4980 4981 5003
f 4981 5004 5003
f 4981 4982 5004
f 4982 5005 5004
f 4982 4983 5005
f 4983 5006 5005
f 4983 4984 5006
f 4984 5007 5006
f 4984 4985 5007
f 4985 5008 5007
f 4985 4986 5008
f 4986 5009 5008
f 4986 4987 5009
f 4987 5010 5009
f 4987 4988 5010
f 4988 5011 5010
f 4988 4989 5011
f 4989 5012 5011
f 4989 4990 5012
f 4990 5013 5012
f 4990 4991 5013
f 4991 5014 5013
f 4992 4993 5015
f 4993 5016 5015
f 4993 4994 5016
f 4994 5017 5016
f 4994 4995 5017
f 4995 5018 5017
f 4995 4996 5018
f 4996 5019 5018
f 4996 4997 5019
f 4997 5020 5019
f 4997 4998 5020
f 4998 5021 5020
f 4998 4999 5021
f 4999 5022 5021
f 4999 5000 5022
f 5000 5023 5022
f 5000 5001 5023
f 5001 5024 5023
f 5001 5002 5024
f 5002 5025 5024
f 5002 5003 5025
f 5003 5026 5025
f 5003 5004 5026
f 5004 5027 5026
f 5004 5005 5027
f 5005 5028 5027
f 5005 5006 5028
f 5006 5029 5028
f 5006 5007 5029
f 5007 5030 5029
f 5007 5008 5030
f 5008 5031 5030
f 5008 5009 5031
f 5009 5032 5031
f 5009 5010 5032
f 5010 5033 5032
f 5010 5011 5033
f 5011 5034 5033
f 5011 5012 5034
f 5012 5035 5034
f 5012 5013 5035
f 5013 5036 5035
f 5013 5014 5036
f 5014 5037 5036
f 5015 5016 5038
f 5016 5039 5038
f 5016 5017 5039
f 5017 5040 5039
f 5017 5018 5040
f 5018 5041 5040
f 5018 5019 5041
f 5019 5042 5041
f 5019 5020 5042
f 5020 5043 5042
f 5020 5021 5043
f 5021 5044 5043
f 5021 5022 5044
f 5022 5045 5044
f 5022 5023 5045
f 5023 5046 5045
f 5023 5024 5046
f 5024 5047 5046
f 5024 5025 5047
f 5025 5048 5047
f 5025 5026 5048
f 5026 5049 5048
f 5026 5027 5049
f 5027 5050 5049
f 5027 5028 5050
f 5028 5051 5050
f 5028 5029 5051
f 5029 5052 5051
f 5029 5030 5052
f 5030 5053 5052
f 5030 5031 5053
f 5031 5054 5053
f 5031 5032 5054
f 5032 5055 5054
f 5032 5033 5055
f 5033 5056 5055
f 5033 5034 5056
f 5034 5057 5056
f 5034 5035 5057
f 5035 5058 5057
f 5035 5036 5058
f 5036 5059 5058
f 5036 5037 5059
f 5037 5060 5059
f 5038 5039 5061
f 5039 5062 5061
f 5039 5040 5062
f 5040 5063 5062
f 5040 5041 5063
f 5041 5064 5063
f 5041 5042 5064
f 5042 5065 5064
f 5042 5043 5065
f 5043 5066 5065
f 5043 5044 5066
f 5044 5067 5066
f 5044 5045 5067
f 5045 5068 5067
f 5045 5046 5068
f 5046 5069 5068
f 5046 5047 5069
f 5047 5070 5069
f 5047 5048 5070
f 5048 5071 5070
f 5048 5049 5071
f 5049 5072 5071
f 5049 5050 5072
f 5050 5073 5072
f 5050 5051 5073
f 5051 5074 5073
f 5051 5052 5074
f 5052 5075 5074
f 5052 5053 5075
f 5053 5076 5075
f 5053 5054 5076
f 5054 5077 5076
f 5054 5055 5077
f 5055 5078 5077
f 5055 5056 5078
f 5056 5079 5078
f 5056 5057 5079
f 5057 5080 5079
f 5057 5058 5080
f 5058 5081 5080
f 5058 5059 5081
f 5059 5082 5081
f 5059 5060 5082
f 5060 5083 5082
f 5061 5062 5084
f 5062 5085 5084
f 5062 5063 5085
f 5063 5086 5085
f 5063 5064 5086
f 5064 5087 5086
f 5064 5065 5087
f 5065 5088 5087
f 5065 5066 5088
f 5066 5089 5088
f 5066 5067 5089
f 5067 5090 5089
f 5067 5068 5090
f 5068 5091 5090
f 5068 5069 5091
f 5069 5092 5091
f 5069 5070 5092
f 5070 5093 5092
f 5070 5071 5093
f 5071 5094 5093
f 5071 5072 5094
f 5072 5095 5094
f 5072 5073 5095
f 5073 5096 5095
f 5073 5074 5096
f 5074 5097 5096
f 5074 5075 5097
f 5075 5098 5097
f 5075 5076 5098
f 5076 5099 5098
f 5076 5077 5099
f 5077 5100 5099
f 5077 5078 5100
f 5078 5101 5100
f 5078 5079 5101
f 5079 5102 5101
f 5079 5080 5102
f 5080 5103 5102
f 5080 5081 5103
f 5081 5104 5103
f 5081 5082 5104
f 5082 5105 5104
f 5082 5083 5105
f 5083 5106 5105
f 5084 5085 5107
f 5085 5108 5107
f 5085 5086 5108
f 5086 5109 5108
f 5086 5087 5109
f 5087 5110 5109
f 5087 5088 5110
f 5088 5111 5110
f 5088 5089 5111
f 5089 5112 5111
f 5089 5090 5112
f 5090 5113 5112
f 5090 5091 5113
f 5091 5114 5113
f 5091 5092 5114
f 5092 5115 5114
f 5092 5093 5115
f 5093 5116 5115
f 5093 5094 5116
f 5094 5117 5116
f 5094 5095 5117
f 5095 5118 5117
f 5095 5096 5118
f 5096 5119 5118
f 5096 5097 5119
f 5097 5120 5119
f 5097 5098 5120
f 5098 5121 5120
f 5098 5099 5121
f 5099 5122 5121
f 5099 5100 5122
f 5100 5123 5122
f 5100 5101 5123
f 5101 5124 5123
f 5101 5102 5124
f 5102 5125 5124
f 5102 5103 5125
f 5103 5126 5125
f 5103 5104 5126
f 5104 5127 5126
f 5104 5105 5127
f 5105 5128 5127
f 5105 5106 5128
f 5106 5129 5128
f 5107 5108 5130
f 5108 5131 5130
f 5108 5109 5131
f 5109 5132 5131
f 5109 5110 5132
f 5110 5133 5132
f 5110 5111 5133
f 5111 5134 5133
f 5111 5112 5134
f 5112 5135 5134
f 5112 5113 5135
f 5113 5136 5135
f 5113 5114 5136
f 5114 5137 5136
f 5114 5115 5137
f 5115 5138 5137
f 5115 5116 5138
f 5116 5139 5138
f 5116 5117 5139
f 5117 5140 5139
f 5117 5118 5140
f 5118 5141 5140
f 5118 5119 5141
f 5119 5142 5141
f 5119 5120 5142
f 5120 5143 5142
f 5120 5121 5143
f 5121 5144 5143
f 5121 5122 5144
f 5122 5145 5144
f 5122 5123 5145
f 5123 5146 5145
f 5123 5124 5146
f 5124 5147 5146
f 5124 5125 5147
f 5125 5148 5147
f 5125 5126 5148
f 5126 5149 5148
f 5126 5127 5149
f 5127 5150 5149
f 5127 5128 5150
f 5128 5151 5150
f 5128 5129 5151
f 5129 5152 5151
f 5130 5131 5153
f 5131 5132 5154
f 5132 5133 5155
f 5133 5134 5156
f 5134 5135 5157
f 5135 5136 5158
f 5136 5137 5159
f 5137 5138 5160
f 5138 5139 5161
f 5139 5140 5162
f 5140 5141 5163
f 5141 5142 5164
f 5142 5143 5165
f 5143 5144 5166
f 5144 5145 5167
f 5145 5146 5168
f 5146 5147 5169
f 5147 5148 5170
f 5148 5149 5171
f 5149 5150 5172
f 5150 5151 5173
f 5151 5152 5174
usemtl rock_0
f 5177 5200 5199
f 5178 5201 5200
f 5179 5202 5201
f 5180 5203 5202
f 5181 5204 5203
f 5182 5205 5204
f 5183 5206 5205
f 5184 5207 5206
f 5185 5208 5207
f 5186 5209 5208
f 5187 5210 5209
f 5188 5211 5210
f 5189 5212 5211
f 5190 5213 5212
f 5191 5214 5213
f 5192 5215 5214
f 5193 5216 5215
f 5194 5217 5216
f 5195 5218 5217
f 5196 5219 5218
f 5197 5220 5219
f 5198 5221 5220
f 5199 5200 5222
f 5200 5223 5222
f 5200 5201 5223
f 5201 5224 5223
f 5201 5202 5224
f 5202 5225 5224
f 5202 5203 5225
f 5203 5226 5225
f 5203 5204 5226
f 5204 5227 5226
f 5204 5205 5227
f 5205 5228 5227
f 5205 5206 5228
f 5206 5229 5228
f 5206 5207 5229
f 5207 5230 5229
f 5207 5208 5230
f 5208 5231 5230
f 5208 5209 5231
f 5209 5232 5231
f 5209 5210 5232
f 5210 5233 5232
f 5210 5211 5233
f 5211 5234 5233
f 5211 5212 5234
f 5212 5235 5234
f 5212 5213 5235
f 5213 5236 5235
f 5213 5214 5236
f 5214 5237 5236
f 5214 5215 5237
f 5215 5238 5237
f 5215 5216 5238
f 5216 5239 5238
f 5216 5217 5239
f 5217 5240 5239
f 5217 5218 5240
f 5218 5241 5240
f 5218 5219 5241
f 5219 5242 5241
f 5219 5220 5242
f 5220 5243 5242
f 5220 5221 5243
f 5221 5244 5243
f 5222 5223 5245
f 5223 5246 5245
f 5223 5224 5246
f 5224 5247 5246
f 5224 5225 5247
f 5225 5248 5247
f 5225 5226 5248
f 5226 5249 5248
f 5226 5227 5249
f 5227 5250 5249
f 5227 5228 5250
f 5228 5251 5250
f 5228 5229 5251
f 5229 5252 5251
f 5229 5230 5252
f 5230 5253 5252
f 5230 5231 5253
f 5231 5254 5253
f 5231 5232 5254
f 5232 5255 5254
f 5232 5233 5255
f 5233 5256 5255
f 5233 5234 5256
f 5234 5257 5256
f 5234 5235 5257
f 5235 5258 5257
f 5235 5236 5258
f 5236 5259 5258
f 5236 5237 5259
f 5237 5260 5259
f 5237 5238 5260
f 5238 5261 5260
f 5238 5239 5261
f 5239 5262 5261
f 5239 5240 5262
f 5240 5263 5262
f 5240 5241 5263
f 5241 5264 5263
f 5241 5242 5264
f 5242 5265 5264
f 5242 5243 5265
f 5243 5266 5265
f 5243 5244 5266
f 5244 5267 5266
f 5245 5246 5268
f 5246 5269 5268
f 5246 5247 5269
f 5247 5270 5269
f 5247 5248 5270
f 5248 5271 5270
f 5248 5249 5271
f 5249 5272 5271
f 5249 5250 5272
f 5250 5273 5272
f 5250 5251 5273
f 5251 5274 5273
f 5251 5252 5274
f 5252 5275 5274
f 5252 5253 5275
f 5253 5276 5275
f 5253 5254 5276
f 5254 5277 5276
f 5254 5255 5277
f 5255 5278 5277
f 5255 5256 5278
f 5256 5279 5278
f 5256 5257 5279
f 5257 5280 5279
f 5257 5258 5280
f 5258 5281 5280
f 5258 5259 5281
f 5259 5282 5281
f 5259 5260 5282
f 5260 5283 5282
f 5260 5261 5283
f 5261 5284 5283
f 5261 5262 5284
f 5262 5285 5284
f 5262 5263 5285
f 5263 5286 5285
f 5263 5264 5286
f 5264 5287 5286
f 5264 5265 5287
f 5265 5288 5287
f 5265 5266 5288
f 5266 5289 5288
f 5266 5267 5289
f 5267 5290 5289
f 5268 5269 5291
f 5269 5292 5291
f 5269 5270 5292
f 5270 5293 5292
f 5270 5271 5293
f 5271 5294 5293
f 5271 5272 5294
f 5272 5295 5294
f 5272 5273 5295
f 5273 5296 5295
f 5273 5274 5296
f 5274 5297 5296
f 5274 5275 5297
f 5275 5298 5297
f 5275 5276 5298
f 5276 5299 5298
f 5276 5277 5299
f 5277 5300 5299
f 5277 5278 5300
f 5278 5301 5300
f 5278 5279 5301
f 5279 5302 5301
f 5279 5280 5302
f 5280 5303 5302
f 5280 5281 5303
f 5281 5304 5303
f 5281 5282 5304
f 5282 5305 5304
f 5282 5283 5305
f 5283 5306 5305
f 5283 5284 5306
f 5284 5307 5306
f 5284 5285 5307
f 5285 5308 5307
f 5285 5286 5308
f 5286 5309 5308
f 5286 5287 5309
f 5287 5310 5309
f 5287 5288 5310
f 5288 5311 5310
f 5288 5289 5311
f 5289 5312 5311
f 5289 5290 5312
f 5290 5313 5312
f 5291 5292 5314
f 5292 5315 5314
f 5292 5293 5315
f 5293 5316 5315
f 5293 5294 5316
f 5294 5317 5316
f 5294 5295 5317
f 5295 5318 5317
f 5295 5296 5318
f 5296 5319 5318
f 5296 5297 5319
f 5297 5320 5319
f 5297 5298 5320
f 5298 5321 5320
f 5298 5299 5321
f 5299 5322 5321
f 5299 5300 5322
f 5300 5323 5322
f 5300 5301 5323
f 5301 5324 5323
f 5301 5302 5324
f 5302 5325 5324
f 5302 5303 5325
f 5303 5326 5325
f 5303 5304 5326
f 5304 5327 5326
f 5304 5305 5327
f 5305 5328 5327
f 5305 5306 5328
f 5306 5329 5328
f 5306 5307 5329
f 5307 5330 5329
f 5307 5308 5330
f 5308 5331 5330
f 5308 5309 5331
f 5309 5332 5331
f 5309 5310 5332
f 5310 5333 5332
f 5310 5311 5333
f 5311 5334 5333
f 5311 5312 5334
f 5312 5335 5334
f 5312 5313 5335
f 5313 5336 5335
f 5314 5315 5337
f 5315 5338 5337
f 5315 5316 5338
f 5316 5339 5338
f 5316 5317 5339
f 5317 5340 5339
f 5317 5318 5340
f 5318 5341 5340
f 5318 5319 5341
f 5319 5342 5341
f 5319 5320 5342
f 5320 5343 5342
f 5320 5321 5343
f 5321 5344 5343
f 5321 5322 5344
f 5322 5345 5344
f 5322 5323 5345
f 5323 5346 5345
f 5323 5324 5346
f 5324 5347 5346
f 5324 5325 5347
f 5325 5348 5347
f 5325 5326 5348
f 5326 5349 5348
f 5326 5327 5349
f 5327 5350 5349
f 5327 5328 5350
f 5328 5351 5350
f 5328 5329 5351
f 5329 5352 5351
f 5329 5330 5352
f 5330 5353 5352
f 5330 5331 5353
f 5331 5354 5353
f 5331 5332 5354
f 5332 5355 5354
f 5332 5333 5355
f 5333 5356 5355
f 5333 5334 5356
f 5334 5357 5356
f 5334 5335 5357
f 5335 5358 5357
f 5335 5336 5358
f 5336 5359 5358
f 5337 5338 5360
f 5338 5361 5360
f 5338 5339 5361
f 5339 5362 5361
f 5339 5340 5362
f 5340 5363 5362
f 5340 5341 5363
f 5341 5364 5363
f 5341 5342 5364
f 5342 5365 5364
f 5342 5343 5365
f 5343 5366 5365
f 5343 5344 5366
f 5344 5367 5366
f 5344 5345 5367
f 5345 5368 5367
f 5345 5346 5368
f 5346 5369 5368
f 5346 5347 5369
f 5347 5370 5369
f 5347 5348 5370
f 5348 5371 5370
f 5348 5349 5371
f 5349 5372 5371
f 5349 5350 5372
f 5350 5373 5372
f 5350 5351 5373
f 5351 5374 5373
f 5351 5352 5374
f 5352 5375 5374
f 5352 5353 5375
f 5353 5376 5375
f 5353 5354 5376
f 5354 5377 5376
f 5354 5355 5377
f 5355 5378 5377
f 5355 5356 5378
f 5356 5379 5378
f 5356 5357 5379
f 5357 5380 5379
f 5357 5358 5380
f 5358 5381 5380
f 5358 5359 5381
f 5359 5382 5381
f 5360 5361 5383
f 5361 5384 5383
f 5361 5362 5384
f 5362 5385 5384
f 5362 5363 5385
f 5363 5386 5385
f 5363 5364 5386
f 5364 5387 5386
f 5364 5365 5387
f 5365 5388 5387
f 5365 5366 5388
f 5366 5389 5388
f 5366 5367 5389
f 5367 5390 5389
f 5367 5368 5390
f 5368 5391 5390
f 5368 5369 5391
f 5369 5392 5391
f 5369 5370 5392
f 5370 5393 5392
f 5370 5371 5393
f 5371 5394 5393
f 5371 5372 5394
f 5372 5395 5394
f 5372 5373 5395
f 5373 5396 5395
f 5373 5374 5396
f 5374 5397 5396
f 5374 5375 5397
f 5375 5398 5397
f 5375 5376 5398
f 5376 5399 5398
f 5376 5377 5399
f 5377 5400 5399
f 5377 5378 5400
f 5378 5401 5400
f 5378 5379 5401
f 5379 5402 5401
f 5379 5380 5402
f 5380 5403 5402
f 5380 5381 5403
f 5381 5404 5403
f 5381 5382 5404
f 5382 5405 5404
f 5383 5384 5406
f 5384 5407 5406
f 5384 5385 5407
f 5385 5408 5407
f 5385 5386 5408
f 5386 5409 5408
f 5386 5387 5409
f 5387 5410 5409
f 5387 5388 5410
f 5388 5411 5410
f 5388 5389 5411
f 5389 5412 5411
f 5389 5390 5412
f 5390 5413 5412
f 5390 5391 5413
f 5391 5414 5413
f 5391 5392 5414
f 5392 5415 5414
f 5392 5393 5415
f 5393 5416 5415
f 5393 5394 5416
f 5394 5417 5416
f 5394 5395 5417
f 5395 5418 5417
f 5395 5396 5418
f 5396 5419 5418
f 5396 5397 5419
f 5397 5420 5419
f 5397 5398 5420
f 5398 5421 5420
f 5398 5399 5421
f 5399 5422 5421
f 5399 5400 5422
f 5400 5423 5422
f 5400 5401 5423
f 5401 5424 5423
f 5401 5402 5424
f 5402 5425 5424
f 5402 5403 5425
f 5403 5426 5425
f 5403 5404 5426
f 5404 5427 5426
f 5404 5405 5427
f 5405 5428 5427
f 5406 5407 5429
f 5407 5430 5429
f 5407 5408 5430
f 5408 5431 5430
f 5408 5409 5431
f 5409 5432 5431
f 5409 5410 5432
f 5410 5433 5432
f 5410 5411 5433
f 5411 5434 5433
f 5411 5412 5434
f 5412 5435 5434
f 5412 5413 5435
f 5413 5436 5435
f 5413 5414 5436
f 5414 5437 5436
f 5414 5415 5437
f 5415 5438 5437
f 5415 5416 5438
f 5416 5439 5438
f 5416 5417 5439
f 5417 5440 5439
f 5417 5418 5440
f 5418 5441 5440
f 5418 5419 5441
f 5419 5442 5441
f 5419 5420 5442
f 5420 5443 5442
f 5420 5421 5443
f 5421 5444 5443
f 5421 5422 5444
f 5422 5445 5444
f 5422 5423 5445
f 5423 5446 5445
f 5423 5424 5446
f 5424 5447 5446
f 5424 5425 5447
f 5425 5448 5447
f 5425 5426 5448
f 5426 5449 5448
f 5426 5427 5449
f 5427 5450 5449
f 5427 5428 5450
f 5428 5451 5450
f 5429 5430 5452
f 5430 5453 5452
f 5430 5431 5453
f 5431 5454 5453
f 5431 5432 5454
f 5432 5455 5454
f 5432 5433 5455
f 5433 5456 5455
f 5433 5434 5456
f 5434 5457 5456
f 5434 5435 5457
f 5435 5458 5457
f 5435 5436 5458
f 5436 5459 5458
f 5436 5437 5459
f 5437 5460 5459
f 5437 5438 5460
f 5438 5461 5460
f 5438 5439 5461
f 5439 5462 5461
f 5439 5440 5462
f 5440 5463 5462
f 5440 5441 5463
f 5441 5464 5463
f 5441 5442 5464
f 5442 5465 5464
f 5442 5443 5465
f 5443 5466 5465
f 5443 5444 5466
f 5444 5467 5466
f 5444 5445 5467
f 5445 5468 5467
f 5445 5446 5468
f 5446 5469 5468
f 5446 5447 5469
f 5447 5470 5469
f 5447 5448 5470
f 5448 5471 5470
f 5448 5449 5471
f 5449 5472 5471
f 5449 5450 5472
f 5450 5473 5472
f 5450 5451 5473
f 5451 5474 5473
f 5452 5453 5475
f 5453 5476 5475
f 5453 5454 5476
f 5454 5477 5476
f 5454 5455 5477
f 5455 5478 5477
f 5455 5456 5478
f 5456 5479 5478
f 5456 5457 5479
f 5457 5480 5479
f 5457 5458 5480
f 5458 5481 5480
f 5458 5459 5481
f 5459 5482 5481
f 5459 5460 5482
f 5460 5483 5482
f 5460 5461 5483
f 5461 5484 5483
f 5461 5462 5484
f 5462 5485 5484
f 5462 5463 5485
f 5463 5486 5485
f 5463 5464 5486
f 5464 5487 5486
f 5464 5465 5487
f 5465 5488 5487
f 5465 5466 5488
f 5466 5489 5488
f 5466 5467 5489
f 5467 5490 5489
f 5467 5468 5490
f 5468 5491 5490
f 5468 5469 5491
f 5469 5492 5491
f 5469 5470 5492
f 5470 5493 5492
f 5470 5471 5493
f 5471 5494 5493
f 5471 5472 5494
f 5472 5495 5494
f 5472 5473 5495
f 5473 5496 5495
f 5473 5474 5496
f 5474 5497 5496
f 5475 5476 5498
f 5476 5477 5499
f 5477 5478 5500
f 5478 5479 5501
f 5479 5480 5502
f 5480 5481 5503
f 5481 5482 5504
f 5482 5483 5505
f 5483 5484 5506
f 5484 5485 5507
f 5485 5486 5508
f 5486 5487 5509
f 5487 5488 5510
f 5488 5489 5511
f 5489 5490 5512
f 5490 5491 5513
f 5491 5492 5514
f 5492 5493 5515
f 5493 5494 5516
f 5494 5495 5517
f 5495 5496 5518
f 5496 5497 5519
usemtl rock_1
f 5522 5545 5544
f 5523 5546 5545
f 5524 5547 5546
f 5525 5548 5547
f 5526 5549 5548
f 5527 5550 5549
f 5528 5551 5550
f 5529 5552 5551
f 5530 5553 5552
f 5531 5554 5553
f 5532 5555 5554
f 5533 5556 5555
f 5534 5557 5556
f 5535 5558 5557
f 5536 5559 5558
f 5537 5560 5559
f 5538 5561 5560
f 5539 5562 5561
f 5540 5563 5562
f 5541 5564 5563
f 5542 5565 5564
f 5543 5566 5565
f 5544 5545 5567
f 5545 5568 5567
f 5545 5546 5568
f 5546 5569 5568
f 5546 5547 5569
f 5547 5570 5569
f 5547 5548 5570
f 5548 5571 5570
f 5548 5549 5571
f 5549 5572 5571
f 5549 5550 5572
f 5550 5573 5572
f 5550 5551 5573
f 5551 5574 5573
f 5551 5552 5574
f 5552 5575 5574
f 5552 5553 5575
f 5553 5576 5575
f 5553 5554 5576
f 5554 5577 5576
f 5554 5555 5577
f 5555 5578 5577
f 5555 5556 5578
f 5556 5579 5578
f 5556 5557 5579
f 5557 5580 5579
f 5557 5558 5580
f 5558 5581 5580
f 5558 5559 5581
f 5559 5582 5581
f 5559 5560 5582
f 5560 5583 5582
f 5560 5561 5583
f 5561 5584 5583
f 5561 5562 5584
f 5562 5585 5584
f 5562 5563 5585
f 5563 5586 5585
f 5563 5564 5586
f 5564 5587 5586
f 5564 5565 5587
f 5565 5588 5587
f 5565 5566 5588
f 5566 5589 5588
f 5567 5568 5590
f 5568 5591 5590
f 5568 5569 5591
f 5569 5592 5591
f 5569 5570 5592
f 5570 5593 5592
f 5570 5571 5593
f 5571 5594 5593
f 5571 5572 5594
f 5572 5595 5594
f 5572 5573 5595
f 5573 5596 5595
f 5573 5574 5596
f 5574 5597 5596
f 5574 5575 5597
f 5575 5598 5597
f 5575 5576 5598
f 5576 5599 5598
f 5576 5577 5599
f 5577 5600 5599
f 5577 5578 5600
f 5578 5601 5600
f 5578 5579 5601
f 5579 5602 5601
f 5579 5580 5602
f 5580 5603 5602
f 5580 5581 5603
f 5581 5604 5603
f 5581 5582 5604
f 5582 5605 5604
f 5582 5583 5605
f 5583 5606 5605
f 5583 5584 5606
f 5584 5607 5606
f 5584 5585 5607
f 5585 5608 5607
f 5585 5586 5608
f 5586 5609 5608
f 5586 5587 5609
f 5587 5610 5609
f 5587 5588 5610
f 5588 5611 5610
f 5588 5589 5611
f 5589 5612 5611
f 5590 5591 5613
f 5591 5614 5613
f 5591 5592 5614
f 5592 5615 5614
f 5592 5593 5615
f 5593 5616 5615
f 5593 5594 5616
f 5594 5617 5616
f 5594 5595 5617
f 5595 5618 5617
f 5595 5596 5618
f 5596 5619 5618
f 5596 5597 5619
f 5597 5620 5619
f 5597 5598 5620
f 5598 5621 5620
f 5598 5599 5621
f 5599 5622 5621
f 5599 5600 5622
f 5600 5623 5622
f 5600 5601 5623
f 5601 5624 5623
f 5601 5602 5624
f 5602 5625 5624
f 5602 5603 5625
f 5603 5626 5625
f 5603 5604 5626
f 5604 5627 5626
f 5604 5605 5627
f 5605 5628 5627
f 5605 5606 5628
f 5606 5629 5628
f 5606 5607 5629
f 5607 5630 5629
f 5607 5608 5630
f 5608 5631 5630
f 5608 5609 5631
f 5609 5632 5631
f 5609 5610 5632
f 5610 5633 5632
f 5610 5611 5633
f 5611 5634 5633
f 5611 5612 5634
f 5612 5635 5634
f 5613 5614 5636
f 5614 5637 5636
f 5614 5615 5637
f 5615 5638 5637
f 5615 5616 5638
f 5616 5639 5638
f 5616 5617 5639
f 5617 5640 5639
f 5617 5618 5640
f 5618 5641 5640
f 5618 5619 5641
f 5619 5642 5641
f 5619 5620 5642
f 5620 5643 5642
f 5620 5621 5643
f 5621 5644 5643
f 5621 5622 5644
f 5622 5645 5644
f 5622 5623 5645
f 5623 5646 5645
f 5623 5624 5646
f 5624 5647 5646
f 5624 5625 5647
f 5625 5648 5647
f 5625 5626 5648
f 5626 5649 5648
f 5626 5627 5649
f 5627 5650 5649
f 5627 5628 5650
f 5628 5651 5650
f 5628 5629 5651
f 5629 5652 5651
f 5629 5630 5652
f 5630 5653 5652
f 5630 5631 5653
f 5631 5654 5653
f 5631 5632 5654
f 5632 5655 5654
f 5632 5633 5655
f 5633 5656 5655
f 5633 5634 5656
f 5634 5657 5656
f 5634 5635 5657
f 5635 5658 5657
f 5636 5637 5659
f 5637 5660 5659
f 5637 5638 5660
f 5638 5661 5660
f 5638 5639 5661
f 5639 5662 5661
f 5639 5640 5662
f 5640 5663 5662
f 5640 5641 5663
f 5641 5664 5663
f 5641 5642 5664
f 5642 5665 5664
f 5642 5643 5665
f 5643 5666 5665
f 5643 5644 5666
f 5644 5667 5666
f 5644 5645 5667
f 5645 5668 5667
f 5645 5646 5668
f 5646 5669 5668
f 5646 5647 5669
f 5647 5670 5669
f 5647 5648 5670
f 5648 5671 5670
f 5648 5649 5671
f 5649 5672 5671
f 5649 5650 5672
f 5650 5673 5672
f 5650 5651 5673
f 5651 5674 5673
f 5651 5652 5674
f 5652 5675 5674
f 5652 5653 5675
f 5653 5676 5675
f 5653 5654 5676
f 5654 5677 5676
f 5654 5655 5677
f 5655 5678 5677
f 5655 5656 5678
f 5656 5679 5678
f 5656 5657 5679
f 5657 5680 5679
f 5657 5658 5680
f 5658 5681 5680
f 5659 5660 5682
f 5660 5683 5682
f 5660 5661 5683
f 5661 5684 5683
f 5661 5662 5684
f 5662 5685 5684
f 5662 5663 5685
f 5663 5686 5685
f 5663 5664 5686
f 5664 5687 5686
f 5664 5665 5687
f 5665 5688 5687
f 5665 5666 5688
f 5666 5689 5688
f 5666 5667 5689
f 5667 5690 5689
f 5667 5668 5690
f 5668 5691 5690
f 5668 5669 5691
f 5669 5692 5691
f 5669 5670 5692
f 5670 5693 5692
f 5670 5671 5693
f 5671 5694 5693
f 5671 5672 5694
f 5672 5695 5694
f 5672 5673 5695
f 5673 5696 5695
f 5673 5674 5696
f 5674 5697 5696
f 5674 5675 5697
f 5675 5698 5697
f 5675 5676 5698
f 5676 5699 5698
f 5676 5677 5699
f 5677 5700 5699
f 5677 5678 5700
f 5678 5701 5700
f 5678 5679 5701
f 5679 5702 5701
f 5679 5680 5702
f 5680 5703 5702
f 5680 5681 5703
f 5681 5704 5703
f 5682 5683 5705
f 5683 5706 5705
f 5683 5684 5706
f 5684 5707 5706
f 5684 5685 5707
f 5685 5708 5707
f 5685 5686 5708
f 5686 5709 5708
f 5686 5687 5709
f 5687 5710 5709
f 5687 5688 5710
f 5688 5711 5710
f 5688 5689 5711
f 5689 5712 5711
f 5689 5690 5712
f 5690 5713 5712
f 5690 5691 5713
f 5691 5714 5713
f 5691 5692 5714
f 5692 5715 5714
f 5692 5693 5715
f 5693 5716 5715
f 5693 5694 5716
f 5694 5717 5716
f 5694 5695 5717
f 5695 5718 5717
f 5695 5696 5718
f 5696 5719 5718
f 5696 5697 5719
f 5697 5720 5719
f 5697 5698 5720
f 5698 5721 5720
f 5698 5699 5721
f 5699 5722 5721
f 5699 5700 5722
f 5700 5723 5722
f 5700 5701 5723
f 5701 5724 5723
f 5701 5702 5724
f 5702 5725 5724
f 5702 5703 5725
f 5703 5726 5725
f 5703 5704 5726
f 5704 5727 5726
f 5705 5706 5728
f 5706 5729 5728
f 5706 5707 5729
f 5707 5730 5729
f 5707 5708 5730
f 5708 5731 5730
f 5708 5709 5731
f 5709 5732 5731
f 5709 5710 5732
f 5710 5733 5732
f 5710 5711 5733
f 5711 5734 5733
f 5711 5712 5734
f 5712 5735 5734
f 5712 5713 5735
f 5713 5736 5735
f 5713 5714 5736
f 5714 5737 5736
f 5714 5715 5737
f 5715 5738 5737
f 5715 5716 5738
f 5716 5739 5738
f 5716 5717 5739
f 5717 5740 5739
f 5717 5718 5740
f 5718 5741 5740
f 5718 5719 5741
f 5719 5742 5741
f 5719 5720 5742
f 5720 5743 5742
f 5720 5721 5743
f 5721 5744 5743
f 5721 5722 5744
f 5722 5745 5744
f 5722 5723 5745
f 5723 5746 5745
f 5723 5724 5746
f 5724 5747 5746
f 5724 5725 5747
f 5725 5748 5747
f 5725 5726 5748
f 5726 5749 5748
f 5726 5727 5749
f 5727 5750 5749
f 5728 5729 5751
f 5729 5752 5751
f 5729 5730 5752
f 5730 5753 5752
f 5730 5731 5753
f 5731 5754 5753
f 5731 5732 5754
f 5732 5755 5754
f 5732 5733 5755
f 5733 5756 5755
f 5733 5734 5756
f 5734 5757 5756
f 5734 5735 5757
f 5735 5758 5757
f 5735 5736 5758
f 5736 5759 5758
f 5736 5737 5759
f 5737 5760 5759
f 5737 5738 5760
f 5738 5761 5760
f 5738 5739 5761
f 5739 5762 5761
f 5739 5740 5762
f 5740 5763 5762
f 5740 5741 5763
f 5741 5764 5763
f 5741 5742 5764
f 5742 5765 5764
f 5742 5743 5765
f 5743 5766 5765
f 5743 5744 5766
f 5744 5767 5766
f 5744 5745 5767
f 5745 5768 5767
f 5745 5746 5768
f 5746 5769 5768
f 5746 5747 5769
f 5747 5770 5769
f 5747 5748 5770
f 5748 5771 5770
f 5748 5749 5771
f 5749 5772 5771
f 5749 5750 5772
f 5750 5773 5772
f 5751 5752 5774
f 5752 5775 5774
f 5752 5753 5775
f 5753 5776 5775
f 5753 5754 5776
f 5754 5777 5776
f 5754 5755 5777
f 5755 5778 5777
f 5755 5756 5778
f 5756 5779 5778
f 5756 5757 5779
f 5757 5780 5779
f 5757 5758 5780
f 5758 5781 5780
f 5758 5759 5781
f 5759 5782 5781
f 5759 5760 5782
f 5760 5783 5782
f 5760 5761 5783
f 5761 5784 5783
f 5761 5762 5784
f 5762 5785 5784
f 5762 5763 5785
f 5763 5786 5785
f 5763 5764 5786
f 5764 5787 5786
f 5764 5765 5787
f 5765 5788 5787
f 5765 5766 5788
f 5766 5789 5788
f 5766 5767 5789
f 5767 5790 5789
f 5767 5768 5790
f 5768 5791 5790
f 5768 5769 5791
f 5769 5792 5791
f 5769 5770 5792
f 5770 5793 5792
f 5770 5771 5793
f 5771 5794 5793
f 5771 5772 5794
f 5772 5795 5794
f 5772 5773 5795
f 5773 5796 5795
f 5774 5775 5797
f 5775 5798 5797
f 5775 5776 5798
f 5776 5799 5798
f 5776 5777 5799
f 5777 5800 5799
f 5777 5778 5800
f 5778 5801 5800
f 5778 5779 5801
f 5779 5802 5801
f 5779 5780 5802
f 5780 5803 5802
f 5780 5781 5803
f 5781 5804 5803
f 5781 5782 5804
f 5782 5805 5804
f 5782 5783 5805
f 5783 5806 5805
f 5783 5784 5806
f 5784 5807 5806
f 5784 5785 5807
f 5785 5808 5807
f 5785 5786 5808
f 5786 5809 5808
f 5786 5787 5809
f 5787 5810 5809
f 5787 5788 5810
f 5788 5811 5810
f 5788 5789 5811
f 5789 5812 5811
f 5789 5790 5812
f 5790 5813 5812
f 5790 5791 5813
f 5791 5814 5813
f 5791 5792 5814
f 5792 5815 5814
f 5792 5793 5815
f 5793 5816 5815
f 5793 5794 5816
f 5794 5817 5816
f 5794 5795 5817
f 5795 5818 5817
f 5795 5796 5818
f 5796 5819 5818
f 5797 5798 5820
f 5798 5821 5820
f 5798 5799 5821
f 5799 5822 5821
f 5799 5800 5822
f 5800 5823 5822
f 5800 5801 5823
f 5801 5824 5823
f 5801 5802 5824
f 5802 5825 5824
f 5802 5803 5825
f 5803 5826 5825
f 5803 5804 5826
f 5804 5827 5826
f 5804 5805 5827
f 5805 5828 5827
f 5805 5806 5828
f 5806 5829 5828
f 5806 5807 5829
f 5807 5830 5829
f 5807 5808 5830
f 5808 5831 5830
f 5808 5809 5831
f 5809 5832 5831
f 5809 5810 5832
f 5810 5833 5832
f 5810 5811 5833
f 5811 5834 5833
f 5811 5812 5834
f 5812 5835 5834
f 5812 5813 5835
f 5813 5836 5835
f 5813 5814 5836
f 5814 5837 5836
f 5814 5815 5837
f 5815 5838 5837
f 5815 5816 5838
f 5816 5839 5838
f 5816 5817 5839
f 5817 5840 5839
f 5817 5818 5840
f 5818 5841 5840
f 5818 5819 5841
f 5819 5842 5841
f 5820 5821 5843
f 5821 5822 5844
f 5822 5823 5845
f 5823 5824 5846
f 5824 5825 5847
f 5825 5826 5848
f 5826 5827 5849
f 5827 5828 5850
f 5828 5829 5851
f 5829 5830 5852
f 5830 5831 5853
f 5831 5832 5854
f 5832 5833 5855
f 5833 5834 5856
f 5834 5835 5857
f 5835 5836 5858
f 5836 5837 5859
f 5837 5838 5860
f 5838 5839 5861
f 5839 5840 5862
f 5840 5841 5863
f 5841 5842 5864
usemtl rock_2
f 5867 5890 5889
f 5868 5891 5890
f 5869 5892 5891
f 5870 5893 5892
f 5871 5894 5893
f 5872 5895 5894
f 5873 5896 5895
f 5874 5897 5896
f 5875 5898 5897
f 5876 5899 5898
f 5877 5900 5899
f 5878 5901 5900
f 5879 5902 5901
f 5880 5903 5902
f 5881 5904 5903
f 5882 5905 5904
f 5883 5906 5905
f 5884 5907 5906
f 5885 5908 5907
f 5886 5909 5908
f 5887 5910 5909
f 5888 5911 5910
f 5889 5890 5912
f 5890 5913 5912
f 5890 5891 5913
f 5891 5914 5913
f 5891 5892 5914
f 5892 5915 5914
f 5892 5893 5915
f 5893 5916 5915
f 5893 5894 5916
f 5894 5917 5916
f 5894 5895 5917
f 5895 5918 5917
f 5895 5896 5918
f 5896 5919 5918
f 5896 5897 5919
f 5897 5920 5919
f 5897 5898 5920
f 5898 5921 5920
f 5898 5899 5921
f 5899 5922 5921
f 5899 5900 5922
f 5900 5923 5922
f 5900 5901 5923
f 5901 5924 5923
f 5901 5902 5924
f 5902 5925 5924
f 5902 5903 5925
f 5903 5926 5925
f 5903 5904 5926
f 5904 5927 5926
f 5904 5905 5927
f 5905 5928 5927
f 5905 5906 5928
f 5906 5929 5928
f 5906 5907 5929
f 5907 5930 5929
f 5907 5908 5930
f 5908 5931 5930
f 5908 5909 5931
f 5909 5932 5931
f 5909 5910 5932
f 5910 5933 5932
f 5910 5911 5933
f 5911 5934 5933
f 5912 5913 5935
f 5913 5936 5935
f 5913 5914 5936
f 5914 5937 5936
f 5914 5915 5937
f 5915 5938 5937
f 5915 5916 5938
f 5916 5939 5938
f 5916 5917 5939
f 5917 5940 5939
f 5917 5918 5940
f 5918 5941 5940
f 5918 5919 5941
f 5919 5942 5941
f 5919 5920 5942
f 5920 5943 5942
f 5920 5921 5943
f 5921 5944 5943
f 5921 5922 5944
f 5922 5945 5944
f 5922 5923 5945
f 5923 5946 5945
f 5923 5924 5946
f 5924 5947 5946
f 5924 5925 5947
f 5925 5948 5947
f 5925 5926 5948
f 5926 5949 5948
f 5926 5927 5949
f 5927 5950 5949
f 5927 5928 5950
f 5928 5951 5950
f 5928 5929 5951
f 5929 5952 5951
f 5929 5930 5952
f 5930 5953 5952
f 5930 5931 5953
f 5931 5954 5953
f 5931 5932 5954
f 5932 5955 5954
f 5932 5933 5955
f 5933 5956 5955
f 5933 5934 5956
f 5934 5957 5956
f 5935 5936 5958
f 5936 5959 5958
f 5936 5937 5959
f 5937 5960 5959
f 5937 5938 5960
f 5938 5961 5960
f 5938 5939 5961
f 5939 5962 5961
f 5939 5940 5962
f 5940 5963 5962
f 5940 5941 5963
f 5941 5964 5963
f 5941 5942 5964
f 5942 5965 5964
f 5942 5943 5965
f 5943 5966 5965
f 5943 5944 5966
f 5944 5967 5966
f 5944 5945 5967
f 5945 5968 5967
f 5945 5946 5968
f 5946 5969 5968
f 5946 5947 5969
f 5947 5970 5969
f 5947 5948 5970
f 5948 5971 5970
f 5948 5949 5971
f 5949 5972 5971
f 5949 5950 5972
f 5950 5973 5972
f 5950 5951 5973
f 5951 5974 5973
f 5951 5952 5974
f 5952 5975 5974
f 5952 5953 5975
f 5953 5976 5975
f 5953 5954 5976
f 5954 5977 5976
f 5954 5955 5977
f 5955 5978 5977
f 5955 5956 5978
f 5956 5979 5978
f 5956 5957 5979
f 5957 5980 5979
f 5958 5959 5981
f 5959 5982 5981
f 5959 5960 5982
f 5960 5983 5982
f 5960 5961 5983
f 5961 5984 5983
f 5961 5962 5984
f 5962 5985 5984
f 5962 5963 5985
f 5963 5986 5985
f 5963 5964 5986
f 5964 5987 5986
f 5964 5965 5987
f 5965 5988 5987
f 5965 5966 5988
f 5966 5989 5988
f 5966 5967 5989
f 5967 5990 5989
f 5967 5968 5990
f 5968 5991 5990
f 5968 5969 5991
f 5969 5992 5991
f 5969 5970 5992
f 5970 5993 5992
f 5970 5971 5993
f 5971 5994 5993
f 5971 5972 5994
f 5972 5995 5994
f 5972 5973 5995
f 5973 5996 5995
f 5973 5974 5996
f 5974 5997 5996
f 5974 5975 5997
f 5975 5998 5997
f 5975 5976 5998
f 5976 5999 5998
f 5976 5977 5999
f 5977 6000 5999
f 5977 5978 6000
f 5978 6001 6000
f 5978 5979 6001
f 5979 6002 6001
f 5979 5980 6002
f 5980 6003 6002
f 5981 5982 6004
f 5982 6005 6004
f 5982 5983 6005
f 5983 6006 6005
f 5983 5984 6006
f 5984 6007 6006
f 5984 5985 6007
f 5985 6008 6007
f 5985 5986 6008
f 5986 6009 6008
f 5986 5987 6009
f 5987 6010 6009
f 5987 5988 6010
f 5988 6011 6010
f 5988 5989 6011
f 5989 6012 6011
f 5989 5990 6012
f 5990 6013 6012
f 5990 5991 6013
f 5991 6014 6013
f 5991 5992 6014
f 5992 6015 6014
f 5992 5993 6015
f 5993 6016 6015
f 5993 5994 6016
f 5994 6017 6016
f 5994 5995 6017
f 5995 6018 6017
f 5995 5996 6018
f 5996 6019 6018
f 5996 5997 6019
f 5997 6020 6019
f 5997 5998 6020
f 5998 6021 6020
f 5998 5999 6021
f 5999 6022 6021
f 5999 6000 6022
f 6000 6023 6022
f 6000 6001 6023
f 6001 6024 6023
f 6001 6002 6024
f 6002 6025 6024
f 6002 6003 6025
f 6003 6026 6025
f 6004 6005 6027
f 6005 6028 6027
f 6005 6006 6028
f 6006 6029 6028
f 6006 6007 6029
f 6007 6030 6029
f 6007 6008 6030
f 6008 6031 6030
f 6008 6009 6031
f 6009 6032 6031
f 6009 6010 6032
f 6010 6033 6032
f 6010 6011 6033
f 6011 6034 6033
f 6011 6012 6034
f 6012 6035 6034
f 6012 6013 6035
f 6013 6036 6035
f 6013 6014 6036
f 6014 6037 6036
f 6014 6015 6037
f 6015 6038 6037
f 6015 6016 6038
f 6016 6039 6038
f 6016 6017 6039
f 6017 6040 6039
f 6017 6018 6040
f 6018 6041 6040
f 6018 6019 6041
f 6019 6042 6041
f 6019 6020 6042
f 6020 6043 6042
f 6020 6021 6043
f 6021 6044 6043
f 6021 6022 6044
f 6022 6045 6044
f 6022 6023 6045
f 6023 6046 6045
f 6023 6024 6046
f 6024 6047 6046
f 6024 6025 6047
f 6025 6048 6047
f 6025 6026 6048
f 6026 6049 6048
f 6027 6028 6050
f 6028 6051 6050
f 6028 6029 6051
f 6029 6052 6051
f 6029 6030 6052
f 6030 6053 6052
f 6030 6031 6053
f 6031 6054 6053
f 6031 6032 6054
f 6032 6055 6054
f 6032 6033 6055
f 6033 6056 6055
f 6033 6034 6056
f 6034 6057 6056
f 6034 6035 6057
f 6035 6058 6057
f 6035 6036 6058
f 6036 6059 6058
f 6036 6037 6059
f 6037 6060 6059
f 6037 6038 6060
f 6038 6061 6060
f 6038 6039 6061
f 6039 6062 6061
f 6039 6040 6062
f 6040 6063 6062
f 6040 6041 6063
f 6041 6064 6063
f 6041 6042 6064
f 6042 6065 6064
f 6042 6043 6065
f 6043 6066 6065
f 6043 6044 6066
f 6044 6067 6066
f 6044 6045 6067
f 6045 6068 6067
f 6045 6046 6068
f 6046 6069 6068
f 6046 6047 6069
f 6047 6070 6069
f 6047 6048 6070
f 6048 6071 6070
f 6048 6049 6071
f 6049 6072 6071
f 6050 6051 6073
f 6051 6074 6073
f 6051 6052 6074
f 6052 6075 6074
f 6052 6053 6075
f 6053 6076 6075
f 6053 6054 6076
f 6054 6077 6076
f 6054 6055 6077
f 6055 6078 6077
f 6055 6056 6078
f 6056 6079 6078
f 6056 6057 6079
f 6057 6080 6079
f 6057 6058 6080
f 6058 6081 6080
f 6058 6059 6081
f 6059 6082 6081
f 6059 6060 6082
f 6060 6083 6082
f 6060 6061 6083
f 6061 6084 6083
f 6061 6062 6084
f 6062 6085 6084
f 6062 6063 6085
f 6063 6086 6085
f 6063 6064 6086
f 6064 6087 6086
f 6064 6065 6087
f 6065 6088 6087
f 6065 6066 6088
f 6066 6089 6088
f 6066 6067 6089
f 6067 6090 6089
f 6067 6068 6090
f 6068 6091 6090
f 6068 6069 6091
f 6069 6092 6091
f 6069 6070 6092
f 6070 6093 6092
f 6070 6071 6093
f 6071 6094 6093
f 6071 6072 6094
f 6072 6095 6094
f 6073 6074 6096
f 6074 6097 6096
f 6074 6075 6097
f 6075 6098 6097
f 6075 6076 6098
f 6076 6099 6098
f 6076 6077 6099
f 6077 6100 6099
f 6077 6078 6100
f 6078 6101 6100
f 6078 6079 6101
f 6079 6102 6101
f 6079 6080 6102
f 6080 6103 6102
f 6080 6081 6103
f 6081 6104 6103
f 6081 6082 6104
f 6082 6105 6104
f 6082 6083 6105
f 6083 6106 6105
f 6083 6084 6106
f 6084 6107 6106
f 6084 6085 6107
f 6085 6108 6107
f 6085 6086 6108
f 6086 6109 6108
f 6086 6087 6109
f 6087 6110 6109
f 6087 6088 6110
f 6088 6111 6110
f 6088 6089 6111
f 6089 6112 6111
f 6089 6090 6112
f 6090 6113 6112
f 6090 6091 6113
f 6091 6114 6113
f 6091 6092 6114
f 6092 6115 6114
f 6092 6093 6115
f 6093 6116 6115
f 6093 6094 6116
f 6094 6117 6116
f 6094 6095 6117
f 6095 6118 6117
f 6096 6097 6119
f 6097 6120 6119
f 6097 6098 6120
f 6098 6121 6120
f 6098 6099 6121
f 6099 6122 6121
f 6099 6100 6122
f 6100 6123 6122
f 6100 6101 6123
f 6101 6124 6123
f 6101 6102 6124
f 6102 6125 6124
f 6102 6103 6125
f 6103 6126 6125
f 6103 6104 6126
f 6104 6127 6126
f 6104 6105 6127
f 6105 6128 6127
f 6105 6106 6128
f 6106 6129 6128
f 6106 6107 6129
f 6107 6130 6129
f 6107 6108 6130
f 6108 6131 6130
f 6108 6109 6131
f 6109 6132 6131
f 6109 6110 6132
f 6110 6133 6132
f 6110 6111 6133
f 6111 6134 6133
f 6111 6112 6134
f 6112 6135 6134
f 6112 6113 6135
f 6113 6136 6135
f 6113 6114 6136
f 6114 6137 6136
f 6114 6115 6137
f 6115 6138 6137
f 6115 6116 6138
f 6116 6139 6138
f 6116 6117 6139
f 6117 6140 6139
f 6117 6118 6140
f 6118 6141 6140
f 6119 6120 6142
f 6120 6143 6142
f 6120 6121 6143
f 6121 6144 6143
f 6121 6122 6144
f 6122 6145 6144
f 6122 6123 6145
f 6123 6146 6145
f 6123 6124 6146
f 6124 6147 6146
f 6124 6125 6147
f 6125 6148 6147
f 6125 6126 6148
f 6126 6149 6148
f 6126 6127 6149
f 6127 6150 6149
f 6127 6128 6150
f 6128 6151 6150
f 6128 6129 6151
f 6129 6152 6151
f 6129 6130 6152
f 6130 6153 6152
f 6130 6131 6153
f 6131 6154 6153
f 6131 6132 6154
f 6132 6155 6154
f 6132 6133 6155
f 6133 6156 6155
f 6133 6134 6156
f 6134 6157 6156
f 6134 6135 6157
f 6135 6158 6157
f 6135 6136 6158
f 6136 6159 6158
f 6136 6137 6159
f 6137 6160 6159
f 6137 6138 6160
f 6138 6161 6160
f 6138 6139 6161
f 6139 6162 6161
f 6139 6140 6162
f 6140 6163 6162
f 6140 6141 6163
f 6141 6164 6163
f 6142 6143 6165
f 6143 6166 6165
f 6143 6144 6166
f 6144 6167 6166
f 6144 6145 6167
f 6145 6168 6167
f 6145 6146 6168
f 6146 6169 6168
f 6146 6147 6169
f 6147 6170 6169
f 6147 6148 6170
f 6148 6171 6170
f 6148 6149 6171
f 6149 6172 6171
f 6149 6150 6172
f 6150 6173 6172
f 6150 6151 6173
f 6151 6174 6173
f 6151 6152 6174
f 6152 6175 6174
f 6152 6153 6175
f 6153 6176 6175
f 6153 6154 6176
f 6154 6177 6176
f 6154 6155 6177
f 6155 6178 6177
f 6155 6156 6178
f 6156 6179 6178
f 6156 6157 6179
f 6157 6180 6179
f 6157 6158 6180
f 6158 6181 6180
f 6158 6159 6181
f 6159 6182 6181
f 6159 6160 6182
f 6160 6183 6182
f 6160 6161 6183
f 6161 6184 6183
f 6161 6162 6184
f 6162 6185 6184
f 6162 6163 6185
f 6163 6186 6185
f 6163 6164 6186
f 6164 6187 6186
f 6165 6166 6188
f 6166 6167 6189
f 6167 6168 6190
f 6168 6169 6191
f 6169 6170 6192
f 6170 6171 6193
f 6171 6172 6194
f 6172 6173 6195
f 6173 6174 6196
f 6174 6175 6197
f 6175 6176 6198
f 6176 6177 6199
f 6177 6178 6200
f 6178 6179 6201
f 6179 6180 6202
f 6180 6181 6203
f 6181 6182 6204
f 6182 6183 6205
f 6183 6184 6206
f 6184 6185 6207
f 6185 6186 6208
f 6186 6187 6209
